12543,9/1/12 10:36 PM,250 Northern Ave Boston Ma 02210,-71.039060,42.348953
12872,9/1/12 9:19 PM,70 Fish Pier Rd Boston Ma 02210,-71.039035,42.348612
13322,9/1/12 10:18 PM,40 Trilling Way Boston Ma 02210,-71.039922,42.348098
13803,9/1/12 6:38 PM,310 Huntington Ave Boston Ma,-71.088628,42.340440
14439,9/1/12 8:31 PM,40 Long Wharf Boston Ma 02110,-71.050615,42.359883
14608,9/1/12 7:40 PM,20 Sherman Ct Boston Ma 02127,-71.050043,42.338367
15248,9/1/12 6:56 PM,Unnamed Road Boston Ma,-71.016987,42.366165
16481,9/1/12 10:28 PM,80 High Ct Boston Ma,-71.053258,42.355445
17101,9/1/12 9:33 PM,Unnamed Road Boston Ma,-71.081982,42.349295
17430,9/1/12 7:12 PM,70 Park Sq Boston Ma 02116,-71.067400,42.350955
17594,9/1/12 9:16 PM,2 Lansdowne St Boston Ma 02215,-71.094537,42.347177
17953,9/1/12 8:52 PM,490 W Broadway Boston Ma 02127,-71.045835,42.335683
18111,9/1/12 9:51 PM,Unnamed Road Boston Ma,-71.018745,42.368887
18274,9/1/12 9:19 PM,10 Essex St Boston Ma 02111,-71.062473,42.352338
18937,9/1/12 6:04 PM,90 Joy St Boston Ma 02114,-71.065062,42.361085
19100,9/1/12 10:27 PM,350 Boylston St Boston Ma 02116,-71.071253,42.351782
20094,9/1/12 7:03 PM,95 Huntington Ave Boston Ma,-71.079332,42.346975
20264,9/1/12 10:31 PM,10 Dartmouth St Boston Ma 02116,-71.073958,42.342898
20432,9/1/12 8:56 PM,820 Boylston St Boston Ma 02199,-71.082565,42.348580
20587,9/1/12 7:30 PM,40 Park Plz Boston Ma 02116,-71.070063,42.351203
20953,9/1/12 7:39 PM,530 Boylston St Boston Ma 02116,-71.075165,42.350688
21425,9/1/12 8:21 PM,Columbus Ave @ Unnamed Road Boston Ma 02116,-71.072650,42.348075
21603,9/1/12 11:53 PM,16 Kilmarnock St Boston Ma 02215,-71.099952,42.344158
21971,9/1/12 8:51 PM,365 W Broadway Boston Ma 02127,-71.049308,42.337858
22317,9/1/12 9:36 PM,200 High St Boston Ma 02110,-71.051912,42.356655
23980,9/1/12 11:25 PM,250 Northern Ave Boston Ma 02210,-71.039038,42.349007
24156,9/1/12 8:05 PM,1700 Washington St Boston Ma 02118,-71.076032,42.337032
24740,9/1/12 11:30 PM,50 Fayette Ct Boston Ma,-71.062942,42.352585
25487,9/2/12 9:59 PM,60 Mechanic St Boston Ma 02113,-71.055130,42.362982
25650,9/1/12 10:40 PM,260 Franklin St Boston Ma 02110,-71.053923,42.356292
25843,9/2/12 6:33 PM,Unnamed Road Boston Ma,-71.150737,42.336118
26015,9/1/12 11:03 PM,480 Tremont St Boston Ma 02116,-71.069418,42.345575
26693,9/1/12 11:34 PM,70 Winter St Boston Ma 02108,-71.061913,42.356210
26887,9/1/12 9:59 PM,Unnamed Road Boston Ma,-71.062690,42.329138
27244,9/1/12 7:41 PM,260 Cambridge St Boston Ma,-71.067202,42.360973
27621,9/1/12 7:42 PM,70 Belvidere St Boston Ma 02115,-71.084238,42.346043
28564,9/1/12 10:21 PM,Unnamed Road Boston Ma,-71.052635,42.354448
28761,9/1/12 10:45 PM,20 Lansdowne St Boston Ma 02215,-71.095218,42.347237
30220,9/1/12 6:36 PM,90 Haymarket Pl Boston Ma,-71.063302,42.353223
30960,9/1/12 11:15 PM,560 E Broadway Boston Ma 02127,-71.041712,42.335553
32230,9/2/12 7:37 PM,406 Hanover St Boston Ma,-71.053108,42.365410
32753,9/1/12 10:49 PM,480 Cambridge St Boston Ma 02134,-71.137148,42.353743
34656,9/2/12 10:34 PM,200 Tremont St Boston Ma 02116,-71.064557,42.352173
34820,9/1/12 11:31 PM,380 Huntington Ave Boston Ma,-71.090405,42.339974
35161,9/2/12 10:37 PM,230 Cambridge St Boston Ma,-71.066528,42.361155
35327,9/2/12 7:18 PM,Unnamed Road Boston Ma,-71.022568,42.365770
35804,9/2/12 7:45 PM,97 Atlantic Ave Boston Ma 02110,-71.051822,42.361743
36466,9/2/12 6:02 PM,North St Boston Ma,-71.056912,42.360215
37191,9/2/12 10:14 PM,260 Massachusetts Ave Boston Ma 02115,-71.086093,42.343967
38047,9/2/12 9:07 PM,330 Stuart St Boston Ma 02116,-71.071587,42.349662
38208,9/2/12 7:06 PM,720 Boylston St Boston Ma 02116,-71.080002,42.349362
39266,9/1/12 9:28 PM,Commonwealth Ave @ Massachusetts Ave Boston Ma,-71.088908,42.349215
40303,9/1/12 11:47 PM,890 Boylston St Boston Ma 02199,-71.083980,42.348395
40833,9/2/12 6:36 PM,49 Fargo St Boston Ma 02210,-71.043642,42.346193
41012,9/3/12 11:51 PM,Unnamed Road Boston Ma,-71.022483,42.365602
41395,9/2/12 6:28 PM,183 Tremont St Boston Ma 02111,-71.064510,42.352512
41570,9/2/12 6:46 PM,Unnamed Road Boston Ma,-71.077520,42.348835
42675,9/2/12 7:13 PM,840 Boylston St Boston Ma 02199,-71.082990,42.348623
42841,9/2/12 8:41 PM,N351 Boston Ma,-71.022343,42.365828
43209,9/3/12 8:07 PM,Milton Pl Boston Ma,-71.057566,42.353635
43764,9/1/12 10:34 PM,302 Stuart St Boston Ma 02116,-71.070047,42.350138
44440,9/2/12 7:16 PM,10 Boston St Boston Ma 02127,-71.057333,42.329012
44782,9/1/12 11:43 PM,90 Parkman St Boston Ma 02114,-71.068503,42.362050
45290,9/2/12 10:29 PM,720 E Broadway Boston Ma 02127,-71.036730,42.335518
45468,9/2/12 6:49 PM,745 Atlantic Ave Boston Ma 02111,-71.056412,42.350605
46314,9/2/12 11:28 PM,170 Westland Ave Boston Ma 02115,-71.089348,42.343852
46800,9/2/12 8:57 PM,30 Board Aly Boston Ma 02113,-71.054980,42.363187
47174,9/2/12 10:16 PM,Unnamed Road Boston Ma,-71.050333,42.373403
47740,9/2/12 6:10 PM,Stuart St @ Eliot St Boston Ma 02116,-71.067110,42.351018
48701,9/2/12 11:52 PM,80 School St Boston Ma 02108,-71.060090,42.357912
49543,9/2/12 11:08 PM,80 Charles St Boston Ma 02114,-71.070520,42.358138
49690,9/3/12 10:50 PM,190 Harvard Ave Boston Ma 02134,-71.131043,42.350682
50217,9/3/12 6:21 PM,Unnamed Road Boston Ma,-71.022578,42.365477
50754,9/2/12 11:17 PM,219 Cambridge St Boston Ma,-71.066708,42.361250
52332,9/2/12 10:07 PM,350 Huntington Ave Boston Ma,-71.089342,42.340380
52670,9/2/12 11:40 PM,I-90 @ Clarendon St Boston Ma,-71.073735,42.347843
52837,9/3/12 11:29 PM,Unnamed Road Boston Ma,-71.018132,42.362523
53169,9/2/12 10:39 PM,240 Stuart St Boston Ma 02116,-71.069012,42.350312
53361,9/2/12 7:58 PM,170 Berkeley St Boston Ma 02116,-71.072375,42.349658
55872,9/4/12 11:10 PM,Park Dr Boston Ma,-71.095257,42.345235
56426,9/2/12 10:30 PM,98 Bromfield St Boston Ma 02108,-71.061198,42.357203
57096,9/2/12 10:20 PM,I-93 Boston Ma,-71.051185,42.356503
57615,9/3/12 7:04 PM,1240 Boylston St Boston Ma 02215,-71.095030,42.345300
57948,9/2/12 11:19 PM,Unnamed Road Boston Ma,-71.017400,42.366897
58108,9/2/12 11:39 PM,Unnamed Road Boston Ma,-71.018008,42.362733
58426,9/3/12 8:24 PM,Unnamed Road Boston Ma,-71.018463,42.369213
58933,9/2/12 10:20 PM,20 Sherman Ct Boston Ma 02127,-71.050025,42.338368
59085,9/2/12 6:56 PM,25 Beacon St Boston Ma,-71.064987,42.357190
59263,9/5/12 7:38 PM,Unnamed Road Boston Ma,-71.022188,42.365470
59416,9/5/12 7:53 PM,65 Huntington Ave Boston Ma,-71.079663,42.347253
60240,9/2/12 10:44 PM,174 Tremont St Boston Ma 02111,-71.064242,42.353330
61077,9/4/12 10:29 PM,4 Causeway St Boston Ma 02114,-71.063625,42.364002
61256,9/2/12 11:40 PM,70 Avenue Louis Pasteur Boston Ma 02115,-71.101773,42.339230
61568,9/2/12 11:48 PM,696 Commonwealth Ave Boston Ma,-71.106398,42.350142
61753,9/4/12 8:25 PM,40 Custom House St Boston Ma 02110,-71.053293,42.358028
62856,9/3/12 10:25 PM,415 Huntington Ave Boston Ma,-71.090830,42.339393
65397,9/4/12 6:33 PM,110 Atlantic Ave Boston Ma 02110,-71.052563,42.361337
67084,9/4/12 8:12 PM,Unnamed Road Boston Ma,-71.018622,42.369115
67415,9/4/12 8:34 PM,88 Massachusetts Ave Boston Ma 02115,-71.088547,42.348695
68543,9/4/12 9:22 PM,40 Linden St Boston Ma 02134,-71.130210,42.354115
69216,9/5/12 8:10 PM,273 Franklin St Boston Ma 02110,-71.053715,42.356642
69366,9/3/12 7:39 PM,Unnamed Road Boston Ma,-71.018467,42.369240
69530,9/3/12 7:43 PM,1240 Boylston St Boston Ma 02215,-71.094992,42.345228
70187,9/5/12 9:40 PM,120 Belvidere St Boston Ma 02115,-71.082115,42.345962
70710,9/4/12 6:45 PM,30 Park Plz Boston Ma 02116,-71.069918,42.351550
70876,9/2/12 11:56 PM,1290 Boylston St Boston Ma 02215,-71.096905,42.344783
71217,9/5/12 11:13 PM,Unnamed Road Boston Ma,-71.018398,42.369148
72834,9/3/12 8:07 PM,1460 Boylston St Boston Ma 02215,-71.101838,42.343473
73002,9/6/12 11:05 PM,243 Berkeley St Boston Ma 02116,-71.073317,42.351952
74252,9/4/12 8:48 PM,1070 Commonwealth Ave Boston Ma,-71.124083,42.352022
74425,9/3/12 8:32 PM,Unnamed Road Boston Ma,-71.051670,42.358860
75121,9/3/12 10:01 PM,19 Congress St Boston Ma 02109,-71.056843,42.358602
75295,9/6/12 9:26 PM,65 India St Boston Ma 02110,-71.052007,42.357992
75597,9/5/12 10:45 PM,710 Atlantic Ave Boston Ma 02111,-71.056200,42.351627
75929,9/3/12 10:32 PM,40 Fruit St Boston Ma 02114,-71.069588,42.362640
76102,9/4/12 11:20 PM,93 Causeway St Boston Ma 02114,-71.062065,42.364972
76247,9/3/12 10:58 PM,180 Brookline Ave Boston Ma 02215,-71.101165,42.344130
77425,9/4/12 6:30 PM,49 Fargo St Boston Ma 02210,-71.043568,42.346167
77573,9/4/12 6:59 PM,790 Boylston St Boston Ma 02199,-71.082128,42.348812
77924,9/4/12 7:37 PM,240 Franklin St Boston Ma 02110,-71.054503,42.356257
78079,9/2/12 11:41 PM,Hanover St Boston Ma,-71.055700,42.362642
78850,9/4/12 7:49 PM,210 Mount Vernon St Boston Ma,-71.048783,42.319575
79010,9/6/12 10:09 PM,240 Cambridge St Boston Ma,-71.067402,42.361187
79499,9/3/12 6:09 PM,Unnamed Road Boston Ma,-71.018340,42.369205
80862,9/5/12 8:31 PM,60 Peterborough St Boston Ma 02215,-71.098017,42.343692
81918,9/2/12 7:38 PM,110 Stuart St Boston Ma 02116,-71.065470,42.350863
82598,9/3/12 7:14 PM,Unnamed Road Boston Ma,-71.081690,42.348695
82939,9/3/12 6:31 PM,770 Atlantic Ave Boston Ma 02111,-71.056605,42.350177
83914,9/7/12 7:38 PM,600 Massachusetts Ave Boston Ma,-71.076948,42.336603
84057,9/7/12 7:49 PM,820 Boylston St Boston Ma 02199,-71.082607,42.348570
84812,9/7/12 9:10 PM,140 Stuart St Boston Ma 02116,-71.065808,42.351178
85323,9/3/12 8:05 PM,Unnamed Road Boston Ma,-71.022468,42.365605
86756,9/5/12 9:48 PM,Unnamed Road Boston Ma,-71.052172,42.354573
86919,9/4/12 8:06 PM,60 Arlington St Boston Ma 02116,-71.070113,42.350607
88102,9/5/12 10:17 PM,50 Charles St Boston Ma 02114,-71.070072,42.357307
88415,9/4/12 9:37 PM,201 Hanover St Boston Ma 02113,-71.055670,42.362668
89115,9/6/12 6:15 PM,438 Atlantic Ave Boston Ma 02110,-71.052628,42.354197
89901,9/5/12 6:47 PM,2 Mount Vernon St Boston Ma 02108,-71.062915,42.358723
90385,9/3/12 9:35 PM,Unnamed Road Boston Ma,-71.057222,42.359017
90705,9/5/12 7:28 PM,1550 Washington St Boston Ma 02118,-71.073707,42.338713
91180,9/6/12 8:09 PM,1700 Washington St Boston Ma 02118,-71.076052,42.337062
92256,9/7/12 8:30 PM,4 Court St Boston Ma 02108,-71.057922,42.358907
92587,9/5/12 8:54 PM,Unnamed Road Boston Ma,-71.086755,42.347452
93801,9/5/12 10:18 PM,80 N North Grove St Boston Ma 02114,-71.068855,42.362203
93958,9/5/12 6:55 PM,180 Clarendon St Boston Ma 02116,-71.074387,42.349103
94266,9/5/12 6:37 PM,100 Oliver St Boston Ma 02110,-71.052978,42.356003
95246,9/5/12 11:22 PM,629 Beacon St Boston Ma 02215,-71.095473,42.349240
95436,9/6/12 6:12 PM,140 Stuart St Boston Ma 02116,-71.065909,42.351227
95952,9/4/12 8:56 PM,Unnamed Road Boston Ma,-71.018347,42.369185
96301,9/5/12 9:02 PM,290 Friend St Boston Ma 02114,-71.061618,42.365253
96964,9/5/12 8:56 PM,1085 Commonwealth Ave Boston Ma,-71.124280,42.352358
97268,9/3/12 6:30 PM,I-93 Boston Ma,-71.052332,42.358815
97789,9/5/12 7:18 PM,830 Boylston St Boston Ma 02199,-71.082813,42.348563
97973,9/6/12 8:51 PM,Unnamed Road Boston Ma,-71.018368,42.369153
98328,9/6/12 9:17 PM,820 Boylston St Boston Ma 02199,-71.082615,42.348670
99215,9/4/12 11:34 PM,Commonwealth Ave @ Beacon St Boston Ma 02215,-71.096108,42.348697
99626,9/4/12 6:39 PM,502 Huntington Ave Boston Ma,-71.097028,42.337053
99817,9/4/12 6:45 PM,210 Congress St Boston Ma 02110,-71.054457,42.354477
100525,9/5/12 8:56 PM,260 Northern Ave Boston Ma 02210,-71.038600,42.348775
101568,9/4/12 9:22 PM,130 Belvidere St Boston Ma 02115,-71.081937,42.345622
102070,9/5/12 11:03 PM,410 Summer St Boston Ma,-71.043818,42.346825
102891,9/6/12 6:09 PM,330 Beacon St Boston Ma 02116,-71.082673,42.352747
104487,9/4/12 6:09 PM,Unnamed Road Boston Ma,-71.120240,42.364788
104961,9/6/12 9:34 PM,State St Boston Ma,-71.053375,42.359368
105117,9/9/12 7:30 PM,Unnamed Road Boston Ma,-71.018450,42.369203
105604,9/6/12 10:04 PM,N073 Boston Ma,-71.114907,42.299840
106094,9/8/12 6:59 PM,96 Huntington Ave Boston Ma,-71.079355,42.347095
107052,9/8/12 7:38 PM,70 Cambridge Street Ave Boston Ma 02114,-71.070065,42.361685
107948,9/6/12 10:43 PM,1950 Dorchester Ave Boston Ma 02124,-71.064290,42.285380
110514,9/6/12 6:41 PM,220 Charles St Boston Ma,-71.070402,42.361800
110851,9/6/12 7:02 PM,Unnamed Road Boston Ma,-71.018558,42.369183
111207,9/8/12 9:29 PM,175 Tremont St Boston Ma 02111,-71.064302,42.353192
111671,9/4/12 10:30 PM,340 Newbury St Boston Ma 02116,-71.086193,42.348603
111992,9/4/12 11:25 PM,94 Causeway St Boston Ma 02114,-71.062063,42.365108
112151,9/8/12 6:15 PM,Unnamed Road Boston Ma,-71.018057,42.362538
113106,9/6/12 6:57 PM,80 Northern Ave Boston Ma 02210,-71.044575,42.352427
113265,9/7/12 6:06 PM,60 8th St Boston Ma 02129,-71.052048,42.374447
113769,9/7/12 6:28 PM,80 Tremont St Boston Ma 02108,-71.060948,42.357680
113923,9/4/12 7:32 PM,Unnamed Road Boston Ma,-71.022413,42.365330
114234,9/4/12 6:02 PM,State St Boston Ma,-71.053397,42.359393
114573,9/6/12 10:17 PM,Unnamed Road Boston Ma,-71.055785,42.352305
114908,9/6/12 8:21 PM,Unnamed Road Boston Ma,-71.018493,42.369083
115385,9/4/12 9:15 PM,90 Van Rensselaer Pl Boston Ma 02116,-71.065610,42.351750
115555,9/4/12 6:10 PM,95 Huntington Ave Boston Ma,-71.079497,42.347052
115722,9/4/12 6:18 PM,720 Atlantic Ave Boston Ma 02111,-71.056025,42.351397
116052,9/6/12 9:46 PM,250 Northern Ave Boston Ma 02210,-71.039055,42.348858
116373,9/7/12 8:26 PM,45 Kilmarnock St Boston Ma 02215,-71.099603,42.343217
116553,9/8/12 10:41 PM,250 Northern Ave Boston Ma 02210,-71.039038,42.348940
116745,9/6/12 6:10 PM,Unnamed Road Boston Ma,-71.019635,42.363638
116925,9/6/12 9:37 PM,830 Beacon St Boston Ma,-71.103122,42.347102
117085,9/7/12 8:57 PM,115 St James Ave Boston Ma 02116,-71.075135,42.349955
117244,9/8/12 11:22 PM,850 Boylston St Boston Ma 02199,-71.083087,42.348383
118267,9/7/12 9:47 PM,378 Dorchester St Boston Ma 02127,-71.056662,42.329927
119452,9/4/12 9:31 PM,130 Franklin St Boston Ma 02110,-71.056528,42.355582
120128,9/5/12 7:18 PM,660 Boylston St Boston Ma 02116,-71.078430,42.349803
120293,9/6/12 11:39 PM,Commonwealth Ave Boston Ma,-71.118540,42.351335
121650,9/7/12 11:47 PM,500 Washington St Boston Ma 02111,-71.061555,42.354473
121807,9/7/12 11:54 PM,Commonwealth Ave Boston Ma,-71.118588,42.351373
121992,9/5/12 6:08 PM,360 Stuart St Boston Ma 02116,-71.072965,42.349508
122671,9/5/12 9:31 PM,42 Dalton St Boston Ma 02115,-71.084552,42.346233
122827,9/11/12 9:51 PM,86 Brookline Ave Boston Ma 02215,-71.099095,42.346560
122985,9/3/12 8:36 PM,230 Brookline Ave Boston Ma 02215,-71.102545,42.343555
123664,9/3/12 8:50 PM,10 N Anderson St Boston Ma,-71.067725,42.361330
124338,9/5/12 10:48 PM,30 Oliver St Boston Ma 02110,-71.053900,42.356577
124502,9/5/12 10:57 PM,80 Federal St Boston Ma 02110,-71.056462,42.355167
125370,9/5/12 9:00 PM,Unnamed Road Boston Ma,-71.018192,42.369203
125716,9/7/12 9:17 PM,660 Boylston St Boston Ma 02116,-71.078605,42.349870
126002,9/4/12 7:19 PM,Unnamed Road Boston Ma,-71.061467,42.327732
126482,9/6/12 7:35 PM,170 Central St Boston Ma 02109,-71.051472,42.359067
126657,9/7/12 8:08 PM,776 Tremont St Boston Ma 02118,-71.080070,42.339317
126820,9/7/12 10:50 PM,63 L St Boston Ma 02127,-71.035355,42.335682
127775,9/7/12 11:28 PM,149 Dartmouth St Boston Ma 02116,-71.076238,42.347678
129012,9/7/12 9:38 PM,20 W Broadway Boston Ma 02127,-71.056823,42.342740
129677,9/4/12 11:51 PM,162 Causeway St Boston Ma 02114,-71.060613,42.365833
131124,9/4/12 10:58 PM,175 Tremont St Boston Ma 02111,-71.064248,42.353260
131267,9/5/12 6:22 PM,1280 Boylston St Boston Ma 02215,-71.095953,42.345005
131419,9/7/12 10:40 PM,50 Union St Boston Ma,-71.057070,42.361358
132377,9/7/12 11:15 PM,Commonwealth Ave @ Brookline Ave Boston Ma 02215,-71.096967,42.348785
134401,9/5/12 6:26 PM,70 Pittsburgh St Boston Ma 02210,-71.046988,42.351777
134729,9/6/12 11:15 PM,160 Atlantic Ave Boston Ma 02110,-71.052082,42.360278
135041,9/5/12 6:04 PM,820 Boylston St Boston Ma 02199,-71.082608,42.348718
135807,9/8/12 10:11 PM,Unnamed Road Boston Ma,-71.082515,42.348378
136143,9/7/12 6:45 PM,300 Huntington Ave Boston Ma,-71.088930,42.340238
136307,9/5/12 8:28 PM,136 Tremont St Boston Ma 02111,-71.062568,42.355810
136596,9/8/12 11:27 PM,98 Lansdowne St Boston Ma 02215,-71.098457,42.347198
136757,9/5/12 8:02 PM,190 Washington St Boston Ma 02108,-71.058192,42.358183
138727,9/7/12 8:20 PM,1300 Boylston St Boston Ma 02215,-71.097640,42.344510
139687,9/7/12 11:15 PM,590 Huntington Ave Boston Ma,-71.098587,42.336447
140008,9/7/12 11:23 PM,160 Tremont St Boston Ma 02111,-71.063703,42.354248
141120,9/12/12 9:51 PM,Beacon St @ Commonwealth Ave Boston Ma,-71.096868,42.348828
143646,9/8/12 9:32 PM,620 E Broadway Boston Ma 02127,-71.039482,42.335637
143965,9/4/12 6:32 PM,120 Chauncy St Boston Ma 02111,-71.060758,42.353023
144114,9/5/12 11:24 PM,54 Fargo St Boston Ma 02210,-71.043433,42.346112
144652,9/7/12 10:42 PM,190 Ipswich St Boston Ma,-71.095587,42.346062
145291,9/6/12 9:05 PM,138 Tremont St Boston Ma 02111,-71.062883,42.355760
145624,9/8/12 10:52 PM,534 Commonwealth Ave Boston Ma,-71.096175,42.349150
145824,9/4/12 8:00 PM,Unnamed Road Boston Ma,-71.070425,42.361742
145978,9/7/12 11:32 PM,1083 Commonwealth Ave Boston Ma,-71.124210,42.352280
146134,9/6/12 7:11 PM,10 Hancock St Boston Ma 02114,-71.064479,42.361102
146477,9/8/12 6:08 PM,Unnamed Road Boston Ma,-71.084372,42.346235
147090,9/6/12 10:51 PM,10 Common St Boston Ma,-71.064067,42.349123
148559,9/10/12 9:01 PM,North St Boston Ma,-71.056257,42.360445
148868,9/4/12 9:54 PM,260 Hanover St Boston Ma 02113,-71.054772,42.363607
149021,9/10/12 8:54 PM,490 Boylston St Boston Ma 02116,-71.074155,42.351025
149194,9/8/12 7:34 PM,4 Custom House St Boston Ma 02110,-71.052975,42.357773
149547,9/4/12 9:49 PM,95 Congress St Boston Ma,-71.056843,42.359030
150291,9/4/12 10:36 PM,200 State St Boston Ma,-71.052763,42.359247
150658,9/8/12 8:54 PM,218 Hanover St Boston Ma 02113,-71.055188,42.363120
150831,9/5/12 10:12 PM,250 Northern Ave Boston Ma 02210,-71.039002,42.348982
151714,9/5/12 6:06 PM,210 Mount Vernon St Boston Ma,-71.048840,42.319592
152558,9/5/12 9:46 PM,Unnamed Road Boston Ma,-71.022655,42.365497
152901,9/5/12 6:59 PM,130 Stuart St Boston Ma 02116,-71.065690,42.351373
153063,9/6/12 9:34 PM,79 Broad St Boston Ma 02110,-71.052813,42.357688
153243,9/7/12 11:12 PM,190 Dartmouth St Boston Ma 02116,-71.076723,42.348926
154802,9/5/12 11:38 PM,810 Washington St Boston Ma 02111,-71.064140,42.349330
156250,9/6/12 6:01 PM,60 Pie Aly Boston Ma 02108,-71.058735,42.358263
156607,9/8/12 7:52 PM,60 Haymarket Pl Boston Ma,-71.063247,42.352958
157087,9/5/12 7:02 PM,I-90 @ Unnamed Road Boston Ma,-71.079150,42.347798
157262,9/6/12 6:30 PM,80 Nelson Ct Boston Ma,-71.053343,42.353687
157763,9/8/12 8:54 PM,280 Tremont St Boston Ma 02116,-71.065292,42.349753
158124,9/9/12 7:30 PM,50 Long Wharf Boston Ma 02110,-71.050515,42.359758
159474,9/7/12 7:29 PM,190 Richmond St Boston Ma 02109,-71.054453,42.363652
159927,9/6/12 8:34 PM,Unnamed Road Boston Ma,-71.051693,42.354808
160542,9/6/12 7:09 PM,830 Boylston St Boston Ma 02199,-71.082863,42.348672
160700,9/6/12 9:35 PM,49 Fargo St Boston Ma 02210,-71.043677,42.346117
161375,9/6/12 6:02 PM,60 Boylston Sq Boston Ma 02116,-71.062927,42.351940
161702,9/11/12 9:14 PM,830 Boylston St Boston Ma 02199,-71.082800,42.348658
161874,9/6/12 10:22 PM,212 Stuart St Boston Ma 02116,-71.068530,42.350567
162047,9/6/12 8:26 PM,Unnamed Road Boston Ma,-71.084042,42.346253
162566,9/8/12 11:46 PM,53 Brookline Ave Boston Ma 02215,-71.098375,42.347427
163021,9/5/12 11:37 PM,60 Sullivan Pl Boston Ma,-71.056647,42.354813
163478,9/6/12 10:01 PM,710 Atlantic Ave Boston Ma 02111,-71.055467,42.351237
163974,9/7/12 6:22 PM,439 Atlantic Ave Boston Ma 02110,-71.052788,42.354175
164310,9/8/12 6:55 PM,30 Park Plz Boston Ma 02116,-71.069740,42.351277
164791,9/11/12 7:11 PM,53 Fargo St Boston Ma 02210,-71.043533,42.346070
164964,9/11/12 7:15 PM,340 Newbury St Boston Ma 02116,-71.086210,42.348437
165107,9/6/12 11:13 PM,Commonwealth Ave Boston Ma,-71.116137,42.351052
165445,9/8/12 7:38 PM,130 Dartmouth St Boston Ma 02116,-71.075707,42.346745
165791,9/5/12 7:02 PM,49 Fargo St Boston Ma 02210,-71.043578,42.346192
166478,9/8/12 9:40 PM,50 Lansdowne St Boston Ma 02215,-71.096290,42.347207
166638,9/11/12 9:07 PM,87 Massachusetts Ave Boston Ma 02115,-71.088572,42.348773
166945,9/7/12 11:57 PM,1220 Commonwealth Ave Boston Ma,-71.130873,42.350575
168211,9/7/12 9:42 PM,N351 Boston Ma,-71.021632,42.365428
168379,9/7/12 10:04 PM,150 Brighton Ave Boston Ma,-71.133070,42.353072
168531,9/7/12 10:15 PM,701 Washington St Boston Ma 02111,-71.062947,42.351137
168690,9/8/12 6:04 PM,190 State St Boston Ma,-71.053010,42.359483
169026,9/7/12 11:17 PM,398 A St Boston Ma 02210,-71.048485,42.350342
169197,9/7/12 11:28 PM,Unnamed Road Boston Ma,-71.055695,42.353005
170305,9/14/12 7:46 PM,Commonwealth Ave Boston Ma,-71.118213,42.351327
170484,9/14/12 8:07 PM,840 Boylston St Boston Ma 02199,-71.082921,42.348672
170789,9/8/12 11:52 PM,Unnamed Road Boston Ma,-71.072433,42.348050
171110,9/8/12 9:51 PM,470 W Broadway Boston Ma 02127,-71.046252,42.335880
171638,9/12/12 6:28 PM,Unnamed Road Boston Ma,-71.019313,42.362760
171799,9/5/12 10:26 PM,250 Northern Ave Boston Ma 02210,-71.039020,42.349007
171978,9/8/12 10:15 PM,780 Commonwealth Ave Boston Ma,-71.109422,42.350520
172317,9/5/12 10:13 PM,658 Tremont St Boston Ma 02118,-71.075720,42.341748
172656,9/12/12 7:20 PM,190 Newbury St Boston Ma 02116,-71.079795,42.350300
172818,9/12/12 8:16 PM,80 Custom House St Boston Ma 02110,-71.052852,42.358205
173304,9/6/12 6:01 PM,30 Long Wharf Boston Ma 02110,-71.050875,42.359947
173468,9/8/12 10:41 PM,80 Tremont St Boston Ma 02108,-71.060792,42.357728
173960,9/8/12 11:07 PM,610 Boylston St Boston Ma 02116,-71.077005,42.350187
174464,9/8/12 11:57 PM,73 Clarendon St Boston Ma 02116,-71.073428,42.347088
175139,9/6/12 11:16 PM,93 Beacon St Boston Ma,-71.072217,42.355585
175623,9/6/12 8:12 PM,70 Purchase St Boston Ma,-71.051698,42.356142
177381,9/8/12 10:13 PM,250 Northern Ave Boston Ma 02210,-71.039017,42.349015
180277,9/15/12 6:17 PM,3 Custom House St Boston Ma 02110,-71.053168,42.357787
180602,9/5/12 9:18 PM,900 Boylston St Boston Ma 02199,-71.084150,42.348373
181218,9/12/12 11:47 PM,20 Blagden St Boston Ma 02116,-71.077303,42.349242
181844,9/15/12 9:13 PM,690 Commonwealth Ave Boston Ma,-71.103868,42.349670
182334,9/5/12 10:07 PM,175 Tremont St Boston Ma 02111,-71.064145,42.353185
183937,9/7/12 7:18 PM,5 Kneeland St Boston Ma 02111,-71.062873,42.350857
184265,9/9/12 11:55 PM,Unnamed Road Boston Ma,-71.017349,42.366012
185826,9/6/12 9:38 PM,Unnamed Road Boston Ma,-71.040695,42.349052
186796,9/10/12 7:13 PM,30 Exchange St Boston Ma 02109,-71.056265,42.358183
187119,9/6/12 8:02 PM,88 Massachusetts Ave Boston Ma 02115,-71.088287,42.348783
187758,9/6/12 10:06 PM,Commonwealth Ave @ Kenmore St Boston Ma 02215,-71.095535,42.348752
188076,9/7/12 6:01 PM,65 Beacon St Boston Ma,-71.069313,42.356245
189028,9/9/12 6:44 PM,Unnamed Road Boston Ma,-71.072762,42.355472
190003,9/11/12 7:43 PM,200 Summer St Boston Ma 02210,-71.055285,42.352468
191137,9/8/12 9:00 PM,1220 Commonwealth Ave Boston Ma,-71.130887,42.350710
191798,9/6/12 10:21 PM,30 Park Plz Boston Ma 02116,-71.069638,42.351038
191964,9/16/12 9:23 PM,760 Atlantic Ave Boston Ma 02111,-71.056698,42.350373
192294,9/9/12 8:56 PM,Unnamed Road Boston Ma,-71.018742,42.369125
192464,9/16/12 10:59 PM,Unnamed Road Boston Ma,-71.017085,42.366390
192633,9/10/12 7:02 PM,Unnamed Road Boston Ma,-71.082442,42.348515
192788,9/13/12 6:30 PM,Unnamed Road Boston Ma,-71.020415,42.369602
193643,9/9/12 10:45 PM,302 Stuart St Boston Ma 02116,-71.070027,42.350182
194513,9/11/12 11:06 PM,90 Arlington St Boston Ma 02116,-71.069893,42.350167
195224,9/8/12 6:06 PM,90 Tremont St Boston Ma 02108,-71.060960,42.357543
195394,9/10/12 9:56 PM,1700 Washington St Boston Ma 02118,-71.076102,42.337105
195732,9/10/12 6:34 PM,Huntington Ave @ I-90 Boston Ma,-71.078397,42.348102
197867,9/7/12 10:56 PM,210 Huntington Ave Boston Ma,-71.081817,42.345238
198190,9/7/12 6:54 PM,50 Boylston Sq Boston Ma 02116,-71.062717,42.351890
198354,9/9/12 7:07 PM,Unnamed Road Boston Ma,-71.018647,42.369390
198695,9/7/12 9:39 PM,80 Haymarket Pl Boston Ma,-71.063458,42.353173
198864,9/7/12 9:49 PM,260 Newbury St Boston Ma 02116,-71.083145,42.349417
199198,9/17/12 6:02 PM,Unnamed Road Boston Ma,-71.018123,42.362380
199523,9/8/12 8:21 PM,150 Tremont St Boston Ma 02111,-71.063350,42.355085
200328,9/7/12 10:12 PM,Unnamed Road Boston Ma,-71.019205,42.362820
200801,9/7/12 8:01 PM,1080 Boylston St Boston Ma 02215,-71.088015,42.347075
200971,9/7/12 11:06 PM,70 Purchase St Boston Ma,-71.051462,42.356357
201475,9/17/12 10:35 PM,Unnamed Road Boston Ma,-71.055640,42.352502
201631,9/17/12 11:27 PM,50 Lansdowne St Boston Ma 02215,-71.096427,42.347347
202798,9/6/12 8:25 PM,56 Francis St Boston Ma 02215,-71.107510,42.336255
205316,9/11/12 7:52 PM,60 Oliver St Boston Ma 02110,-71.053338,42.356137
207414,9/7/12 11:40 PM,140 Newbury St Boston Ma 02116,-71.077442,42.351028
208075,9/18/12 7:22 PM,30 Exchange St Boston Ma 02109,-71.056282,42.358042
208912,9/12/12 10:34 PM,74 Brookline Ave Boston Ma 02215,-71.098847,42.346860
209589,9/18/12 10:29 PM,Commonwealth Ave Boston Ma,-71.118407,42.351310
210126,9/7/12 6:35 PM,367 Dorchester St Boston Ma 02127,-71.055538,42.330405
210311,9/11/12 6:47 PM,1080 Boylston St Boston Ma 02215,-71.088028,42.347097
210488,9/11/12 11:44 PM,Commonwealth Ave @ Beacon St Boston Ma 02215,-71.095950,42.348745
210689,9/10/12 8:07 PM,30 Seaport Ln Boston Ma 02210,-71.041493,42.349607
211826,9/10/12 8:02 PM,70 Fish Pier Rd Boston Ma 02210,-71.039052,42.348700
211978,9/8/12 8:13 PM,Charles St @ Cambridge St Boston Ma,-71.070523,42.361708
212444,9/14/12 6:24 PM,146 Tremont St Boston Ma 02111,-71.063258,42.355287
212607,9/14/12 6:32 PM,890 Boylston St Boston Ma 02199,-71.083830,42.348253
212777,9/8/12 8:37 PM,Unnamed Road Boston Ma,-71.018490,42.369222
213288,9/10/12 9:32 PM,20 Chambers Pl Boston Ma 02116,-71.072793,42.348115
213788,9/11/12 6:27 PM,710 Boylston St Boston Ma 02116,-71.080035,42.349588
216742,9/8/12 11:26 PM,410 W Broadway Boston Ma 02127,-71.047957,42.337002
218232,9/7/12 7:01 PM,190 Clarendon St Boston Ma 02116,-71.074828,42.349368
218538,9/7/12 11:46 PM,110 Dartmouth St Boston Ma 02116,-71.075555,42.346307
218702,9/7/12 11:57 PM,Commonwealth Ave @ Kenmore St Boston Ma 02215,-71.095175,42.348727
219557,9/7/12 7:46 PM,North St Boston Ma,-71.056765,42.360308
220729,9/8/12 6:50 PM,147 Tremont St Boston Ma 02111,-71.063262,42.355237
221074,9/13/12 6:38 PM,N382 Boston Ma,-71.056940,42.353205
221602,9/10/12 8:24 PM,243 Berkeley St Boston Ma 02116,-71.073390,42.351925
222596,9/10/12 11:04 PM,230 Tremont St Boston Ma 02116,-71.064738,42.351292
223611,9/14/12 9:00 PM,720 Atlantic Ave Boston Ma 02111,-71.056052,42.351320
223779,9/7/12 6:43 PM,358 Hanover St Boston Ma 02113,-71.053105,42.365222
223935,9/14/12 9:22 PM,300 Hanover St Boston Ma 02113,-71.054010,42.364227
224432,9/13/12 9:59 PM,180 Brookline Ave Boston Ma 02215,-71.101465,42.344387
224577,9/7/12 9:43 PM,363 W Broadway Boston Ma 02127,-71.049395,42.337873
224727,9/7/12 8:23 PM,97 Congress St Boston Ma 02109,-71.056997,42.359738
225344,9/14/12 11:31 PM,219 Hanover St Boston Ma 02113,-71.055240,42.363248
225664,9/14/12 11:55 PM,I-93 Boston Ma,-71.057717,42.352300
226301,9/13/12 11:35 PM,240 Newbury St Boston Ma 02116,-71.082107,42.349633
228053,9/8/12 6:12 PM,1270 Boylston St Boston Ma 02215,-71.095407,42.345143
228237,9/7/12 10:19 PM,480 Cambridge St Boston Ma 02134,-71.137230,42.353713
228398,9/20/12 10:09 PM,900 Boylston St Boston Ma 02199,-71.084215,42.348263
229098,9/20/12 11:48 PM,110 Dartmouth St Boston Ma 02116,-71.075407,42.346256
230567,9/8/12 7:34 PM,I-93 Boston Ma,-71.052707,42.360090
230914,9/11/12 9:22 PM,200 Ipswich St Boston Ma,-71.095640,42.346078
231381,9/11/12 9:19 PM,62 Brookline Ave Boston Ma 02215,-71.098582,42.347182
231546,9/7/12 11:58 PM,Commonwealth Ave @ Brookline Ave Boston Ma 02215,-71.096943,42.348712
231719,9/7/12 11:06 PM,67 Beacon St Boston Ma,-71.069510,42.356242
232675,9/11/12 6:56 PM,18 Charles St Boston Ma 02114,-71.069665,42.356767
233010,9/12/12 6:54 PM,110 Huntington Ave Boston Ma,-71.081385,42.345473
233174,9/11/12 7:29 PM,Unnamed Road Boston Ma,-71.018343,42.369240
233536,9/8/12 8:42 PM,354 Longwood Ave Boston Ma 02215,-71.107307,42.338957
234161,9/8/12 10:01 PM,720 Atlantic Ave Boston Ma 02111,-71.056075,42.351417
234822,9/7/12 10:53 PM,Commonwealth Ave @ Kenmore St Boston Ma 02215,-71.095538,42.348757
234988,9/8/12 6:18 PM,30 Park Sq Boston Ma 02116,-71.067662,42.351240
235157,9/15/12 6:38 PM,Unnamed Road Boston Ma,-71.120343,42.364652
235474,9/10/12 9:08 PM,920 Boylston St Boston Ma 02199,-71.085135,42.347923
235778,9/8/12 6:26 PM,10 Tremont St Boston Ma,-71.060260,42.358175
236103,9/12/12 8:07 PM,Unnamed Road Boston Ma,-71.070152,42.361397
236265,9/21/12 6:56 PM,1070 Boylston St Boston Ma 02215,-71.087872,42.347252
236584,9/21/12 7:31 PM,Unnamed Road Boston Ma,-71.056345,42.350102
236896,9/8/12 10:51 PM,150 Brighton Ave Boston Ma,-71.133090,42.353118
237345,9/21/12 9:00 PM,103 Cambridge St Boston Ma 02114,-71.062657,42.361192
237510,9/21/12 9:22 PM,80 Brookline Ave Boston Ma 02215,-71.099058,42.346853
237671,9/8/12 6:48 PM,120 Huntington Ave Boston Ma,-71.081190,42.345858
237849,9/8/12 11:58 PM,71 Jersey St Boston Ma 02215,-71.097852,42.344492
238022,9/21/12 10:03 PM,98 Scotia St Boston Ma 02115,-71.085045,42.346738
238173,9/21/12 10:17 PM,29 Brookline Ave Boston Ma,-71.098032,42.347735
238357,9/21/12 10:45 PM,830 Boylston St Boston Ma 02199,-71.082860,42.348588
238521,9/8/12 7:27 PM,610 Tremont St Boston Ma 02118,-71.073871,42.342704
238699,9/14/12 6:49 PM,190 Cambridge St Boston Ma 02114,-71.065580,42.361258
239021,9/11/12 6:49 PM,400 Brookline Ave Boston Ma,-71.107127,42.338948
239195,9/7/12 6:42 PM,731 Atlantic Ave Boston Ma 02111,-71.056180,42.351218
239910,9/8/12 7:36 PM,250 Boylston St Boston Ma 02116,-71.067753,42.352808
240091,9/9/12 7:48 PM,150 St James Ave Boston Ma 02116,-71.076588,42.349365
240437,9/7/12 7:01 PM,32 Dalton St Boston Ma 02115,-71.084147,42.345775
240613,9/8/12 8:06 PM,150 St James Ave Boston Ma 02116,-71.076602,42.349532
240770,9/11/12 7:59 PM,40 Forsyth St Boston Ma,-71.090765,42.339988
241114,9/9/12 11:29 PM,80 Kneeland St Boston Ma 02111,-71.060528,42.350358
241275,9/8/12 8:23 PM,4 E Charlesgate Boston Ma 02215,-71.091512,42.350117
241786,9/15/12 11:30 PM,Avenue Of The Arts Boston Ma,-71.086418,42.341667
242089,9/11/12 9:07 PM,190 State St Boston Ma 02109,-71.053585,42.359355
243104,9/11/12 9:50 PM,164 High St Boston Ma 02110,-71.052980,42.356378
243270,9/11/12 10:15 PM,Unnamed Road Boston Ma,-71.080490,42.348602
243964,9/11/12 10:53 PM,Beacon St @ Commonwealth Ave Boston Ma,-71.097673,42.348627
244620,9/7/12 9:29 PM,40 Hawthorne Pl Boston Ma 02114,-71.066542,42.363757
244792,9/14/12 11:26 PM,100 St James Ave Boston Ma 02116,-71.074645,42.349935
245470,9/9/12 10:28 PM,273 Hanover St Boston Ma 02113,-71.054427,42.363710
245815,9/8/12 10:51 PM,1137 Washington St Boston Ma 02118,-71.065990,42.343702
246987,9/8/12 9:59 PM,780 E Broadway Boston Ma 02127,-71.033878,42.335723
247318,9/22/12 7:08 PM,170 Berkeley St Boston Ma 02116,-71.072248,42.349655
247470,9/9/12 7:42 PM,90 Fairfield St Boston Ma 02116,-71.081950,42.349073
247932,9/15/12 10:15 PM,160 Huntington Ave Boston Ma,-71.082420,42.344943
248621,9/7/12 11:53 PM,Columbus Ave @ Unnamed Road Boston Ma 02116,-71.072375,42.348327
248783,9/13/12 8:29 PM,23 Atlantic Ave Boston Ma 02110,-71.051035,42.363568
248930,9/15/12 10:44 PM,740 Tremont St Boston Ma 02118,-71.078787,42.340122
250069,9/22/12 11:12 PM,Unnamed Road Boston Ma,-71.043297,42.349668
251087,9/12/12 8:31 PM,90 Boylston St Boston Ma 02116,-71.064968,42.352738
251403,9/12/12 8:43 PM,680 E Broadway Boston Ma 02127,-71.037970,42.335542
251948,9/7/12 11:02 PM,760 Atlantic Ave Boston Ma 02111,-71.056408,42.350338
252493,9/9/12 11:34 PM,390 A St Boston Ma 02210,-71.048555,42.350345
253729,9/12/12 11:02 PM,1290 Boylston St Boston Ma 02215,-71.097112,42.344820
254242,9/13/12 6:46 PM,Unnamed Road Boston Ma,-71.018762,42.362520
257119,9/8/12 6:15 PM,450 W Broadway Boston Ma 02127,-71.047045,42.336310
257284,9/15/12 7:00 PM,80 Winter St Boston Ma 02108,-71.062137,42.356193
257654,9/12/12 8:16 PM,232 Berkeley St Boston Ma 02116,-71.073055,42.351450
257823,9/23/12 6:24 PM,Unnamed Road Boston Ma,-71.084405,42.346125
258452,9/15/12 8:00 PM,50 Cross St Boston Ma 02113,-71.055960,42.362755
258612,9/23/12 8:17 PM,720 E Broadway Boston Ma 02127,-71.036490,42.335552
258782,9/11/12 11:03 PM,1220 Commonwealth Ave Boston Ma,-71.130780,42.350628
259095,9/15/12 8:40 PM,378 North St Boston Ma 02113,-71.051365,42.365943
259438,9/9/12 7:22 PM,840 Boylston St Boston Ma 02199,-71.083070,42.348687
259759,9/12/12 7:21 PM,Unnamed Road Boston Ma,-71.018225,42.363017
260483,9/16/12 9:00 PM,70 Pembroke St Boston Ma 02118,-71.076147,42.341680
260671,9/16/12 10:08 PM,630 Atlantic Ave Boston Ma 02111,-71.055403,42.352482
261678,9/8/12 8:55 PM,500 Beacon St Boston Ma 02215,-71.089657,42.350820
262345,9/15/12 10:39 PM,90 Columbia St Boston Ma 02111,-71.058632,42.352487
262498,9/15/12 10:52 PM,350 Huntington Ave Boston Ma,-71.089197,42.340375
262962,9/7/12 10:01 PM,830 Boylston St Boston Ma 02199,-71.082693,42.348483
264427,9/8/12 7:21 PM,650 Boylston St Boston Ma 02116,-71.078223,42.349888
266266,9/12/12 11:47 PM,763 Boylston St Boston Ma 02116,-71.081517,42.349065
267708,9/13/12 7:32 PM,I-93 Boston Ma,-71.052893,42.360137
267884,9/9/12 6:01 PM,Unnamed Road Boston Ma,-71.080013,42.348223
268178,9/7/12 7:18 PM,N380 Boston Ma,-71.047172,42.352723
269164,9/13/12 6:09 PM,Unnamed Road Boston Ma,-71.083978,42.346170
269804,9/13/12 9:08 PM,Unnamed Road Boston Ma,-71.120338,42.364897
270270,9/8/12 8:05 PM,100 Newbury St Boston Ma 02116,-71.075812,42.351463
270428,9/24/12 9:50 PM,712 Washington St Boston Ma 02111,-71.062993,42.350770
270575,9/10/12 6:54 PM,Charles St @ Cambridge St Boston Ma,-71.070567,42.361777
270742,9/8/12 8:15 PM,1300 Boylston St Boston Ma 02215,-71.097488,42.344530
270887,9/12/12 11:36 PM,277 Dartmouth St Boston Ma 02116,-71.077795,42.350933
271054,9/9/12 11:37 PM,Unnamed Road Boston Ma,-71.022545,42.365433
271206,9/8/12 8:27 PM,101 Salem St Boston Ma 02113,-71.055560,42.364252
271709,9/7/12 10:01 PM,560 Boylston St Boston Ma 02116,-71.075912,42.350310
271862,9/9/12 9:30 PM,Unnamed Road Boston Ma,-71.084020,42.346437
272341,9/13/12 8:17 PM,460 Huntington Ave Boston Ma,-71.093270,42.338765
272650,9/13/12 11:15 PM,30 N Commercial Wharf Boston Ma 02110,-71.050928,42.362545
272827,9/17/12 7:38 PM,40 Bowdoin St Boston Ma 02108,-71.063107,42.359763
273656,9/10/12 8:29 PM,Unnamed Road Boston Ma,-71.080188,42.347833
273983,9/9/12 7:00 PM,40 Tremont St Boston Ma,-71.059547,42.358977
275142,9/9/12 7:24 PM,Unnamed Road Boston Ma,-71.022528,42.365500
275300,9/7/12 11:22 PM,50 Belvidere St Boston Ma 02115,-71.084813,42.345885
275470,9/14/12 9:43 PM,Stuart St @ Eliot St Boston Ma 02116,-71.067380,42.350875
275650,9/14/12 10:04 PM,138 Tremont St Boston Ma 02111,-71.062813,42.355698
276315,9/13/12 9:52 PM,New Northern Ave Boston Ma,-71.051265,42.354358
276976,9/9/12 9:20 PM,830 Boylston St Boston Ma 02199,-71.082857,42.348675
277316,9/14/12 10:58 PM,310 Cambridge St Boston Ma,-71.069560,42.361132
277668,9/8/12 10:46 PM,587 Washington St Boston Ma 02111,-71.062542,42.353187
277815,9/8/12 10:56 PM,149 Charles St Boston Ma,-71.070767,42.360503
278649,9/14/12 11:47 PM,610 Massachusetts Ave Boston Ma,-71.077092,42.336683
278820,9/12/12 7:03 PM,94 Huntington Ave Boston Ma,-71.079457,42.347023
279324,9/14/12 6:25 PM,Unnamed Road Boston Ma,-71.056423,42.350052
279831,9/8/12 7:29 PM,Surface Artery Boston Ma,-71.052963,42.360883
280012,9/14/12 6:39 PM,Unnamed Road Boston Ma,-71.022543,42.365152
281387,9/8/12 6:17 PM,600 E Broadway Boston Ma 02127,-71.040147,42.335487
282823,9/9/12 8:32 PM,580 Boylston St Boston Ma 02116,-71.076312,42.350360
284928,9/14/12 9:48 PM,13 Beacon St Boston Ma 02108,-71.062150,42.358042
285080,9/8/12 9:27 PM,90 Cambria St Boston Ma 02115,-71.085488,42.347237
285222,9/8/12 7:26 PM,210 Tremont St Boston Ma 02116,-71.064820,42.351967
286340,9/12/12 11:06 PM,70 Mechanic St Boston Ma 02113,-71.055203,42.362922
286802,9/18/12 7:49 PM,80 Nelson Ct Boston Ma,-71.053300,42.353717
287123,9/8/12 9:48 PM,160 Stuart St Boston Ma 02116,-71.066283,42.351262
287288,9/8/12 10:47 PM,260 Summer St Boston Ma 02210,-71.050802,42.350458
287608,9/14/12 10:02 PM,250 Northern Ave Boston Ma 02210,-71.038952,42.348903
287918,9/13/12 7:37 PM,175 Tremont St Boston Ma 02111,-71.064275,42.353230
288082,9/13/12 7:44 PM,107 Causeway St Boston Ma 02114,-71.061710,42.365547
288709,9/14/12 10:44 PM,860 Beacon St Boston Ma,-71.104865,42.346608
289184,9/14/12 11:19 PM,63 Beacon St Boston Ma,-71.069065,42.356205
289505,9/17/12 6:14 PM,43 Dalton St Boston Ma 02115,-71.084738,42.346300
290998,9/8/12 11:48 PM,260 Friend St Boston Ma 02114,-71.061290,42.364680
291490,9/14/12 6:32 PM,190 State St Boston Ma 02109,-71.053550,42.359333
291821,9/14/12 6:49 PM,683 Atlantic Ave Boston Ma 02111,-71.055745,42.351985
292494,9/8/12 10:13 PM,1950 Dorchester Ave Boston Ma 02124,-71.064352,42.285363
293183,9/8/12 10:42 PM,I-93 Boston Ma,-71.052278,42.358725
294102,9/9/12 6:49 PM,Unnamed Road Boston Ma,-71.022540,42.365462
294295,9/13/12 11:27 PM,167 Northern Ave Boston Ma 02210,-71.042868,42.350552
295004,9/14/12 9:05 PM,70 Haymarket Pl Boston Ma,-71.063348,42.353082
295354,9/14/12 9:18 PM,North St Boston Ma,-71.056257,42.360518
296061,9/10/12 7:33 PM,Unnamed Road Boston Ma,-71.022265,42.365458
296558,9/10/12 7:55 PM,Dartmouth St Boston Ma,-71.076185,42.347822
296722,9/13/12 8:55 PM,Unnamed Road Boston Ma,-71.056445,42.362980
297860,9/14/12 10:36 PM,50 Gainsborough St Boston Ma 02115,-71.086802,42.341678
298008,9/10/12 8:11 PM,I-90 @ Dartmouth St Boston Ma,-71.076342,42.347658
298157,9/13/12 9:19 PM,690 Newbury St Boston Ma 02215,-71.097368,42.348245
299255,9/10/12 10:17 PM,271 Hanover St Boston Ma 02113,-71.054562,42.363685
300030,9/14/12 6:01 PM,348 Congress St Boston Ma 02210,-71.048687,42.350495
300346,9/10/12 6:19 PM,540 Boylston St Boston Ma 02116,-71.075527,42.350672
300514,9/10/12 6:26 PM,98 Huntington Ave Boston Ma,-71.079002,42.347062
301172,9/8/12 6:44 PM,200 Boylston St Boston Ma 02116,-71.068675,42.352587
301331,9/10/12 6:45 PM,348 Longwood Ave Boston Ma 02215,-71.106253,42.338700
301501,9/27/12 7:20 PM,770 Atlantic Ave Boston Ma 02111,-71.056618,42.350040
301822,9/15/12 9:22 PM,910 Beacon St Boston Ma,-71.105245,42.346490
303172,9/8/12 7:27 PM,720 E Broadway Boston Ma 02127,-71.036517,42.335537
303340,9/12/12 7:06 PM,150 Charles St Boston Ma,-71.070798,42.360553
304333,9/27/12 11:29 PM,119 St James Ave Boston Ma 02116,-71.075312,42.349445
304674,9/15/12 11:23 PM,830 Boylston St Boston Ma 02199,-71.082862,42.348650
304828,9/14/12 9:27 PM,320 Hanover St Boston Ma 02113,-71.053885,42.364415
305974,9/9/12 8:13 PM,105 Causeway St Boston Ma 02114,-71.061717,42.365362
306472,9/12/12 9:06 PM,Unnamed Road Boston Ma,-71.022570,42.365452
306615,9/8/12 8:02 PM,70 Boylston Sq Boston Ma 02116,-71.063125,42.351963
306768,9/12/12 9:12 PM,80 School St Boston Ma 02108,-71.060205,42.357888
307088,9/14/12 11:28 PM,300 A St Boston Ma 02210,-71.050083,42.348262
307222,9/10/12 10:48 PM,Unnamed Road Boston Ma,-71.017373,42.365935
307396,9/8/12 8:20 PM,350 Stuart St Boston Ma 02116,-71.072488,42.349595
308016,9/19/12 7:56 PM,720 Commonwealth Ave Boston Ma,-71.105380,42.349757
308176,9/18/12 10:53 PM,20 Lansdowne St Boston Ma 02215,-71.095322,42.347228
308331,9/12/12 10:33 PM,Unnamed Road Boston Ma,-71.019250,42.363072
308820,9/15/12 11:16 PM,Beacon St Boston Ma,-71.102378,42.347350
308961,9/12/12 11:01 PM,70 Tremont St Boston Ma 02108,-71.060545,42.357908
309999,9/15/12 8:51 PM,Unnamed Road Boston Ma,-71.041120,42.349233
311047,9/28/12 7:38 PM,70 Tremont Pl Boston Ma 02108,-71.061215,42.357630
311526,9/28/12 8:52 PM,Unnamed Road Boston Ma,-71.018398,42.369177
311842,9/8/12 10:42 PM,690 Huntington Ave Boston Ma,-71.102557,42.335053
312362,9/19/12 10:50 PM,Unnamed Road Boston Ma,-71.055943,42.362725
312680,9/10/12 6:16 PM,710 Atlantic Ave Boston Ma 02111,-71.056093,42.351532
313002,9/28/12 11:31 PM,270 Cambridge St Boston Ma,-71.068465,42.361195
314298,9/14/12 6:26 PM,I-90 @ Dartmouth St Boston Ma,-71.076398,42.347805
314812,9/15/12 11:58 PM,Unnamed Road Boston Ma,-71.023347,42.367395
316396,9/8/12 11:02 PM,138 Cambridge St Boston Ma 02114,-71.064000,42.361330
316559,9/19/12 10:28 PM,235 Hanover St Boston Ma 02113,-71.055057,42.363382
317465,9/14/12 6:59 PM,72 Jersey St Boston Ma 02215,-71.097850,42.344467
317919,9/12/12 6:53 PM,510 Boylston St Boston Ma 02116,-71.074665,42.350675
318241,9/10/12 9:07 PM,20 Boates Ct Boston Ma 02110,-71.052440,42.355803
318899,9/14/12 9:52 PM,10 Silver Pl Boston Ma 02114,-71.070822,42.360680
319878,9/9/12 7:13 PM,260 Boylston St Boston Ma 02116,-71.069418,42.352033
320200,9/14/12 10:30 PM,10 Long Wharf Boston Ma 02110,-71.051187,42.359827
320514,9/10/12 8:25 PM,Unnamed Road Boston Ma,-71.050975,42.356037
321282,9/16/12 7:19 PM,North St Boston Ma,-71.056237,42.360423
321952,9/19/12 7:46 PM,99 Huntington Ave Boston Ma,-71.079275,42.347235
322293,9/29/12 7:45 PM,106 Revere St Boston Ma 02114,-71.070755,42.359487
322969,9/29/12 9:03 PM,720 E Broadway Boston Ma 02127,-71.036483,42.335548
323144,9/29/12 9:21 PM,Avenue Of The Arts Boston Ma,-71.086457,42.341672
323979,9/15/12 6:10 PM,600 Atlantic Ave Boston Ma 02210,-71.054618,42.353127
324479,9/14/12 10:43 PM,760 E Broadway Boston Ma 02127,-71.035350,42.335672
324643,9/11/12 7:16 PM,840 Boylston St Boston Ma 02199,-71.082992,42.348693
324975,9/11/12 10:28 PM,Unnamed Road Boston Ma,-71.017783,42.362597
328789,9/9/12 10:17 PM,204 Hanover St Boston Ma 02113,-71.055417,42.362737
329115,9/9/12 10:34 PM,600 Boylston St Boston Ma 02116,-71.076940,42.350162
329276,9/15/12 10:13 PM,167 Northern Ave Boston Ma 02210,-71.042830,42.350520
330459,9/16/12 7:39 PM,30 Oliver St Boston Ma 02110,-71.054163,42.356738
331629,9/10/12 8:59 PM,Unnamed Road Boston Ma,-71.081518,42.345867
331786,9/20/12 9:37 PM,830 Boylston St Boston Ma 02199,-71.082623,42.348403
332790,9/10/12 10:03 PM,631 Beacon St Boston Ma 02215,-71.095850,42.349283
333131,9/13/12 10:32 PM,5 Congress St Boston Ma 02114,-71.057680,42.361773
334246,9/12/12 8:11 PM,Unnamed Road Boston Ma,-71.018302,42.369240
336206,9/9/12 8:42 PM,Unnamed Road Boston Ma,-71.019901,42.364564
336525,9/10/12 11:51 PM,98 Congress St Boston Ma 02109,-71.056868,42.359450
336896,9/20/12 8:10 PM,80 Fenway Boston Ma 02115,-71.091308,42.342448
337379,9/15/12 6:36 PM,180 Cambridge St Boston Ma 02114,-71.065317,42.361133
337552,9/20/12 9:29 PM,Commonwealth Ave Boston Ma,-71.115922,42.351077
337711,9/20/12 6:30 PM,Commonwealth Ave Boston Ma,-71.130787,42.350280
337877,9/20/12 10:02 PM,25 Sleeper St Boston Ma 02210,-71.049387,42.351825
338569,9/20/12 10:32 PM,21 Beacon St Boston Ma 02108,-71.063062,42.357800
338896,9/20/12 7:25 PM,Commonwealth Ave @ Kenmore St Boston Ma 02215,-71.095155,42.348808
339053,9/15/12 8:17 PM,10 Stuart St Boston Ma 02116,-71.063288,42.350912
340199,9/20/12 7:55 PM,Milton Pl Boston Ma,-71.057412,42.353600
340375,9/20/12 8:03 PM,30 Beacon St Boston Ma,-71.064007,42.357398
341214,9/20/12 8:42 PM,830 Boylston St Boston Ma 02199,-71.082853,42.348625
341534,9/20/12 9:22 PM,120 Boylston St Boston Ma 02116,-71.065615,42.352477
342321,9/10/12 9:24 PM,710 Atlantic Ave Boston Ma 02111,-71.055757,42.351513
342925,9/15/12 11:04 PM,350 Massachusetts Ave Boston Ma 02115,-71.084113,42.342253
343069,9/15/12 11:18 PM,North St Boston Ma,-71.056627,42.360325
343211,9/11/12 6:16 PM,720 E Broadway Boston Ma 02127,-71.036603,42.335672
343378,9/10/12 6:49 PM,40 Long Wharf Boston Ma 02110,-71.050623,42.359923
344183,9/16/12 9:58 PM,78 Prince St Boston Ma 02113,-71.055667,42.365280
345164,9/11/12 9:24 PM,Unnamed Road Boston Ma,-71.016982,42.366155
347211,9/15/12 10:18 PM,16 Kneeland St Boston Ma 02111,-71.062323,42.350832
347541,9/15/12 10:23 PM,Unnamed Road Boston Ma,-71.022450,42.365667
348323,9/9/12 9:06 PM,180 State St Boston Ma 02109,-71.053777,42.359278
348810,9/15/12 11:06 PM,97 Causeway St Boston Ma 02114,-71.061998,42.365407
349138,9/11/12 10:34 PM,Commonwealth Ave @ Kenmore St Boston Ma 02215,-71.095532,42.348788
349300,9/10/12 8:27 PM,208 Clarendon St Boston Ma 02116,-71.075110,42.350598
349628,9/12/12 9:29 PM,1350 Washington St Boston Ma 02118,-71.069212,42.341550
350262,9/9/12 10:12 PM,60 Exchange St Boston Ma 02109,-71.056032,42.358440
351537,9/10/12 9:12 PM,Unnamed Road Boston Ma,-71.040597,42.348867
351999,9/11/12 6:15 PM,90 Park Sq Boston Ma 02116,-71.067595,42.350837
352833,9/21/12 9:48 PM,139 Dartmouth St Boston Ma 02116,-71.075752,42.347145
353309,9/21/12 10:46 PM,W Broadway Boston Ma,-71.052427,42.339958
353799,9/21/12 11:11 PM,270 Northern Ave Boston Ma 02210,-71.038166,42.348603
354253,9/13/12 6:08 PM,Commonwealth Ave @ Kenmore St Boston Ma 02215,-71.094797,42.348697
354735,9/12/12 8:12 PM,Unnamed Road Boston Ma,-71.016913,42.366232
354884,9/21/12 9:06 PM,104 Causeway St Boston Ma 02114,-71.061724,42.365342
355041,9/13/12 6:56 PM,97 Huntington Ave Boston Ma,-71.079337,42.347128
355398,9/13/12 7:15 PM,50 Columbus Ave Boston Ma 02116,-71.069564,42.350477
356072,9/13/12 7:31 PM,150 Tremont St Boston Ma 02111,-71.063388,42.355108
356400,9/12/12 9:44 PM,270 Providence St Boston Ma 02116,-71.074250,42.350373
356556,9/11/12 8:14 PM,250 Northern Ave Boston Ma 02210,-71.039023,42.348997
356908,9/21/12 11:21 PM,6 Winship St Boston Ma 02135,-71.150688,42.348753
357224,9/21/12 11:46 PM,1320 Boylston St Boston Ma 02215,-71.098372,42.344352
357955,9/15/12 11:43 PM,I-93 Boston Ma,-71.052318,42.359188
360139,9/13/12 10:17 PM,4 Calumet St Boston Ma 02120,-71.104913,42.333948
361707,9/15/12 8:01 PM,120 Revere St Boston Ma 02114,-71.070972,42.359510
363355,9/11/12 11:27 PM,70 Milton Pl Boston Ma,-71.056490,42.354097
363510,9/15/12 9:14 PM,176 Tremont St Boston Ma 02111,-71.064473,42.353042
363664,9/17/12 7:21 PM,10 Blossom St Boston Ma 02114,-71.066967,42.361568
365448,9/22/12 7:23 PM,700 Huntington Ave Boston Ma,-71.104427,42.334152
366098,9/15/12 10:52 PM,70 Court St Boston Ma 02108,-71.059520,42.359147
367694,9/16/12 6:06 PM,20 Long Wharf Boston Ma 02110,-71.050925,42.359707
367864,9/22/12 10:40 PM,1710 Washington St Boston Ma 02118,-71.076273,42.336970
368369,9/16/12 7:17 PM,210 Brookline Ave Boston Ma 02215,-71.102130,42.343720
369184,9/10/12 6:08 PM,I-90 @ Unnamed Road Boston Ma,-71.080185,42.347718
369363,9/12/12 7:43 PM,Unnamed Road Boston Ma,-71.083168,42.348835
370807,9/12/12 8:18 PM,Unnamed Road Boston Ma,-71.053758,42.360752
372089,9/11/12 7:17 PM,597 Washington St Boston Ma 02111,-71.062832,42.353028
372381,9/11/12 9:56 PM,180 Clarendon St Boston Ma 02116,-71.074155,42.349372
372698,9/14/12 6:21 PM,110 Stuart St Boston Ma 02116,-71.065418,42.351065
372863,9/11/12 10:19 PM,Grove St Boston Ma,-71.068775,42.361117
373843,9/17/12 10:53 PM,1420 Washington St Boston Ma 02118,-71.070698,42.340683
374181,9/13/12 8:37 PM,431 Atlantic Ave Boston Ma 02110,-71.051535,42.354628
375162,9/22/12 7:57 PM,1540 Washington St Boston Ma 02118,-71.073703,42.338815
375784,9/22/12 8:48 PM,Huntington Ave @ I-90 Boston Ma,-71.079645,42.347313
376218,9/22/12 6:45 PM,Harcourt St Boston Ma,-71.079068,42.346808
376510,9/19/12 7:58 PM,200 Summer St Boston Ma 02210,-71.055045,42.352562
377571,9/19/12 9:26 PM,190 Tremont St Boston Ma 02116,-71.064548,42.352342
378376,9/22/12 10:38 PM,210 State St Boston Ma,-71.052823,42.359638
378844,9/19/12 6:20 PM,50 Long Wharf Boston Ma 02110,-71.050585,42.359995
379017,9/19/12 7:04 PM,Unnamed Road Boston Ma,-71.019323,42.362852
379330,9/19/12 7:41 PM,210 Mount Vernon St Boston Ma,-71.048803,42.319613
379652,9/15/12 6:13 PM,230 Brookline Ave Boston Ma 02215,-71.102397,42.343490
380262,9/22/12 10:32 PM,40 St James Ave Boston Ma 02116,-71.072045,42.350368
380435,9/22/12 10:45 PM,30 S Charles St Boston Ma 02116,-71.067148,42.351490
380608,9/13/12 7:09 PM,40 Beacon St Boston Ma,-71.066395,42.356800
380940,9/14/12 11:33 PM,400 Boylston St Boston Ma 02116,-71.072383,42.351592
381109,9/19/12 9:15 PM,80 Atlantic Ave Boston Ma 02110,-71.050972,42.362625
381646,9/19/12 9:05 PM,40 State St Boston Ma 02109,-71.057007,42.358905
382180,9/13/12 9:30 PM,1220 Commonwealth Ave Boston Ma,-71.130912,42.350732
382375,9/18/12 10:41 PM,20 Lansdowne St Boston Ma 02215,-71.095115,42.347227
382555,9/18/12 10:52 PM,70 Northern Ave Boston Ma 02210,-71.045678,42.352900
382876,9/18/12 11:11 PM,70 Tremont St Boston Ma 02108,-71.060445,42.357910
383215,9/10/12 7:50 PM,636 Tremont St Boston Ma 02118,-71.074805,42.342362
384303,9/19/12 11:40 PM,70 Northern Ave Boston Ma 02210,-71.044933,42.353093
384469,9/10/12 9:37 PM,85 Northern Ave Boston Ma 02210,-71.043460,42.352730
386062,9/17/12 8:00 PM,Cambridge St Boston Ma,-71.070547,42.360885
386223,9/13/12 10:51 PM,N351 Boston Ma,-71.022245,42.365946
386880,9/15/12 11:44 PM,1933 Beacon St Boston Ma 02135,-71.149443,42.336334
387374,9/13/12 10:57 PM,90 Purchase St Boston Ma,-71.051977,42.355355
387717,9/13/12 11:39 PM,2 East St Boston Ma,-71.057178,42.351575
388025,9/12/12 7:06 PM,Unnamed Road Boston Ma,-71.018460,42.369090
388653,9/13/12 11:49 PM,28 Beacon St Boston Ma,-71.063472,42.357565
389322,9/18/12 8:56 PM,North St Boston Ma,-71.056325,42.360528
390740,9/12/12 8:38 PM,Commonwealth Ave Boston Ma,-71.121025,42.351617
391067,9/12/12 8:30 PM,Arlington St Boston Ma,-71.071063,42.352847
391543,9/18/12 10:39 PM,Unnamed Road Boston Ma,-71.022400,42.365612
391719,9/11/12 7:41 PM,Unnamed Road Boston Ma,-71.084202,42.346090
392514,9/14/12 7:12 PM,4 Winter St Boston Ma 02108,-71.060607,42.355587
392669,9/11/12 9:36 PM,450 Beacon St Boston Ma 02115,-71.087807,42.351313
395845,9/20/12 6:26 PM,540 Boylston St Boston Ma 02116,-71.075293,42.350555
396992,9/23/12 7:51 PM,I-93 Boston Ma,-71.051313,42.355678
398241,9/11/12 7:33 PM,286 Causeway St Boston Ma 02114,-71.058378,42.367018
398396,9/23/12 8:31 PM,Unnamed Road Boston Ma,-71.022515,42.365458
398899,9/18/12 6:40 PM,419 Commercial St Boston Ma 02109,-71.052348,42.367002
399035,9/19/12 8:44 PM,50 Cross St Boston Ma 02113,-71.055697,42.362705
400590,9/14/12 8:56 PM,270 Atlantic Ave Boston Ma 02110,-71.050603,42.356218
400937,9/20/12 10:13 PM,204 Hanover St Boston Ma 02113,-71.055407,42.362715
401274,9/20/12 11:01 PM,90 Fairfield St Boston Ma 02116,-71.081863,42.349048
401821,9/15/12 8:36 PM,208 N Washington St Boston Ma,-71.058490,42.367060
402016,9/13/12 10:33 PM,Columbus Ave @ Unnamed Road Boston Ma 02116,-71.072548,42.348073
402197,9/14/12 10:30 PM,580 E Broadway Boston Ma 02127,-71.041222,42.335642
402703,9/17/12 6:57 PM,830 Boylston St Boston Ma 02199,-71.082795,42.348618
403366,9/18/12 7:25 PM,40 Court Sq Boston Ma 02108,-71.059490,42.358113
404036,9/18/12 9:49 PM,1270 Boylston St Boston Ma 02215,-71.095715,42.345062
404365,9/26/12 7:14 PM,80 Tremont St Boston Ma 02108,-71.060995,42.357852
404678,9/18/12 10:16 PM,60 High Ct Boston Ma,-71.053107,42.355650
405156,9/26/12 8:26 PM,2 Beacon St Boston Ma 02116,-71.060413,42.358133
406255,9/15/12 10:45 PM,860 Boylston St Boston Ma 02199,-71.083258,42.348518
406418,9/14/12 6:26 PM,158 St James Ave Boston Ma 02116,-71.076850,42.349278
406585,9/16/12 9:41 PM,32 Union St Boston Ma,-71.057027,42.361010
407569,9/14/12 7:27 PM,Commonwealth Ave @ Unnamed Road Boston Ma,-71.123368,42.351910
407730,9/15/12 11:51 PM,6 Deerfield St Boston Ma 02215,-71.097305,42.349118
407891,9/19/12 9:39 PM,280 W Broadway Boston Ma 02127,-71.051178,42.339113
408239,9/16/12 11:13 PM,250 Huntington Ave Boston Ma,-71.084985,42.342727
409399,9/19/12 10:24 PM,Unnamed Road Boston Ma,-71.040985,42.348835
409573,9/13/12 7:46 PM,370 Huntington Ave Boston Ma,-71.090228,42.340090
410417,9/13/12 8:13 PM,40 Long Wharf Boston Ma 02110,-71.050630,42.359855
411363,9/12/12 8:12 PM,Unnamed Road Boston Ma,-71.120358,42.364687
411514,9/19/12 11:51 PM,50 Seaver Pl Boston Ma 02116,-71.065503,42.350183
411678,9/12/12 8:30 PM,240 Cambridge St Boston Ma,-71.067152,42.361317
412313,9/20/12 6:01 PM,Unnamed Road Boston Ma,-71.022420,42.365203
412655,9/14/12 7:05 PM,70 N North Grove St Boston Ma,-71.068603,42.361990
413312,9/27/12 6:05 PM,I-90 @ Unnamed Road Boston Ma,-71.080655,42.347268
413449,9/14/12 7:16 PM,Arlington St Boston Ma,-71.071250,42.353038
414736,9/21/12 6:39 PM,201 Hanover St Boston Ma 02113,-71.055630,42.362673
414893,9/20/12 8:57 PM,270 Northern Ave Boston Ma 02210,-71.037943,42.348598
415377,9/21/12 8:08 PM,740 Tremont St Boston Ma 02118,-71.078723,42.340120
415711,9/21/12 8:27 PM,190 Dartmouth St Boston Ma 02116,-71.076682,42.348868
416497,9/21/12 8:08 PM,Unnamed Road Boston Ma,-71.084307,42.346060
417040,9/21/12 9:49 PM,Unnamed Road Boston Ma,-71.018885,42.369262
417215,9/21/12 8:53 PM,2 Yawkey Way Boston Ma 02215,-71.098908,42.346792
417378,9/21/12 10:14 PM,720 E Broadway Boston Ma 02127,-71.036643,42.335555
417536,9/11/12 7:22 PM,10 Boates Ct Boston Ma 02110,-71.052727,42.355802
417704,9/21/12 9:32 PM,Brighton Ave @ Gardner St Boston Ma,-71.130595,42.352795
418220,9/21/12 10:22 PM,480 W Broadway Boston Ma 02127,-71.046187,42.335870
418544,9/14/12 8:50 PM,910 Boylston St Boston Ma 02199,-71.085147,42.348188
418716,9/21/12 10:52 PM,170 Water St Boston Ma 02109,-71.054505,42.358433
419028,9/21/12 11:55 PM,Unnamed Road Boston Ma,-71.016798,42.366013
420009,9/11/12 8:09 PM,30 Chambers Pl Boston Ma 02116,-71.073065,42.348100
421052,9/14/12 9:36 PM,Unnamed Road Boston Ma,-71.017212,42.366013
421361,9/13/12 8:50 PM,250 Northern Ave Boston Ma 02210,-71.039113,42.349008
423053,9/14/12 10:01 PM,250 Northern Ave Boston Ma 02210,-71.038970,42.348948
423541,9/12/12 6:05 PM,Boylston St Boston Ma,-71.091328,42.346567
424189,9/28/12 6:36 PM,200 Newbury St Boston Ma 02116,-71.080090,42.350332
424528,9/18/12 7:23 PM,I-90 @ Dartmouth St Boston Ma,-71.076422,42.347755
425168,9/11/12 9:25 PM,145 Dartmouth St Boston Ma 02116,-71.076027,42.347574
425469,9/28/12 8:35 PM,Unnamed Road Boston Ma,-71.068585,42.362585
425793,9/12/12 10:43 PM,Commonwealth Ave @ Beacon St Boston Ma 02215,-71.096365,42.348667
425955,9/20/12 8:20 PM,Unnamed Road Boston Ma,-71.018688,42.369173
426404,9/20/12 7:03 PM,20 Chapman Pl Boston Ma,-71.059843,42.357738
426732,9/20/12 8:46 PM,North St Boston Ma,-71.056323,42.360505
426885,9/20/12 8:57 PM,543 Tremont St Boston Ma 02116,-71.071310,42.344327
427533,9/13/12 10:44 PM,10 Silver Pl Boston Ma 02114,-71.070803,42.360743
427844,9/20/12 10:19 PM,260 Essex St Boston Ma 02111,-71.056153,42.351997
428347,9/20/12 9:28 PM,183 Tremont St Boston Ma 02111,-71.064448,42.352522
428701,9/22/12 7:37 PM,250 Northern Ave Boston Ma 02210,-71.038962,42.349127
428872,9/21/12 8:34 PM,750 E Broadway Boston Ma 02127,-71.035562,42.335645
429035,9/15/12 10:17 PM,720 Boylston St Boston Ma 02116,-71.080015,42.349365
429354,9/25/12 6:07 PM,190 Dartmouth St Boston Ma 02116,-71.076700,42.348802
429855,9/25/12 6:27 PM,North St Boston Ma,-71.056825,42.360280
430677,9/22/12 9:30 PM,90 Boylston Pl Boston Ma 02116,-71.065929,42.352381
430843,9/13/12 11:43 PM,Commonwealth Ave Brookline Ma,-71.106840,42.349868
431173,9/22/12 7:51 PM,820 Boylston St Boston Ma 02199,-71.082725,42.348733
431524,9/11/12 11:20 PM,200 Summer St Boston Ma 02210,-71.055098,42.352499
431860,9/22/12 10:19 PM,Commonwealth Ave @ Massachusetts Ave Boston Ma 02215,-71.088788,42.348897
432701,9/13/12 11:03 PM,100 Dorchester St Boston Ma 02127,-71.045488,42.335422
433025,9/15/12 9:06 PM,444 Atlantic Ave Boston Ma 02110,-71.053332,42.353782
433703,9/22/12 9:45 PM,91 Exeter St Boston Ma 02116,-71.078927,42.348347
434040,9/22/12 11:46 PM,232 Berkeley St Boston Ma 02116,-71.073187,42.351425
434359,9/13/12 7:01 PM,500 Boylston St Boston Ma 02116,-71.074355,42.350762
434658,9/22/12 7:05 PM,State St Boston Ma,-71.052322,42.359527
435169,9/25/12 9:49 PM,490 Columbus Ave Boston Ma 02118,-71.079158,42.342718
435999,9/22/12 7:58 PM,Unnamed Road Boston Ma,-71.080045,42.349797
437523,9/13/12 9:05 PM,70 State St Boston Ma 02109,-71.056482,42.359098
438166,9/22/12 9:43 PM,880 Boylston St Boston Ma 02199,-71.083763,42.348402
438324,9/29/12 8:06 PM,690 Boylston St Boston Ma 02116,-71.079258,42.349632
438825,9/22/12 10:04 PM,30 Sherman Ct Boston Ma 02127,-71.050008,42.338382
438972,9/29/12 8:58 PM,344 W Broadway Boston Ma 02127,-71.050042,42.338313
439938,9/29/12 10:26 PM,130 Dartmouth St Boston Ma 02116,-71.075807,42.346963
440118,9/25/12 8:11 PM,607 Commonwealth Ave Boston Ma,-71.100810,42.349452
440752,9/25/12 8:50 PM,710 Atlantic Ave Boston Ma 02111,-71.055462,42.351212
441572,9/13/12 9:33 PM,700 Huntington Ave Boston Ma,-71.104323,42.334120
442753,9/13/12 10:34 PM,2 St Cecilia St Boston Ma,-71.087398,42.347330
443919,9/20/12 7:26 PM,81 Huntington Ave Boston Ma,-71.079693,42.346985
444085,9/20/12 8:04 PM,200 Hanover St Boston Ma 02113,-71.055680,42.362660
444247,9/25/12 11:45 PM,140 Franklin St Boston Ma 02110,-71.056200,42.355622
444415,9/12/12 6:59 PM,470 Boylston St Boston Ma 02116,-71.073737,42.351147
446327,9/14/12 7:16 PM,184 W Broadway Boston Ma 02127,-71.053210,42.340400
446976,9/15/12 10:18 PM,92 Exeter St Boston Ma 02116,-71.079157,42.348208
447756,9/17/12 8:42 PM,9 Quaker Ln Boston Ma 02109,-71.057105,42.358667
447901,9/19/12 10:13 PM,250 Northern Ave Boston Ma 02210,-71.039137,42.349087
448065,9/17/12 9:16 PM,330 Columbus Ave Boston Ma 02116,-71.074997,42.346210
448372,9/15/12 10:52 PM,270 Northern Ave Boston Ma 02210,-71.038008,42.348745
448533,9/30/12 6:45 PM,214 Clarendon St Boston Ma 02116,-71.075330,42.350808
448678,9/21/12 8:08 PM,720 Boylston St Boston Ma 02116,-71.080051,42.349406
449656,9/15/12 11:03 PM,300 Hanover St Boston Ma 02113,-71.054182,42.364250
451550,9/26/12 6:06 PM,348 Longwood Ave Boston Ma 02215,-71.106373,42.338450
451892,9/21/12 8:22 PM,230 Newbury St Boston Ma 02116,-71.081928,42.349782
452207,9/22/12 10:54 PM,540 Boylston St Boston Ma 02116,-71.075318,42.350683
452386,9/23/12 7:05 PM,1350 Boylston St Boston Ma 02215,-71.099815,42.343967
452704,9/12/12 10:47 PM,170 Northern Ave Boston Ma 02210,-71.042680,42.350362
453008,9/22/12 11:38 PM,High St Boston Ma,-71.052585,42.356293
453176,9/21/12 11:07 PM,500 Beacon St Boston Ma 02215,-71.089585,42.350715
453336,9/21/12 11:13 PM,490 Boylston St Boston Ma 02116,-71.074352,42.350965
453489,9/22/12 11:53 PM,270 Massachusetts Ave Boston Ma 02115,-71.086057,42.343798
453832,9/21/12 11:37 PM,Unnamed Road Boston Ma,-71.018590,42.369320
454335,9/26/12 7:29 PM,170 Warrenton St Boston Ma 02116,-71.066107,42.350990
454659,9/21/12 10:39 PM,631 Beacon St Boston Ma 02215,-71.095833,42.349177
454823,9/19/12 7:20 PM,Unnamed Road Boston Ma,-71.084358,42.346068
454963,9/23/12 6:27 PM,943 Boylston St Boston Ma 02199,-71.085925,42.347872
456321,9/19/12 8:56 PM,160 State St Boston Ma 02109,-71.054085,42.359282
456710,9/26/12 9:37 PM,80 Court St Boston Ma 02108,-71.059582,42.359353
457407,9/26/12 6:32 PM,Unnamed Road Boston Ma,-71.080627,42.348930
457747,9/23/12 9:28 PM,137 Berkeley St Boston Ma 02116,-71.071893,42.348672
458237,9/14/12 11:19 PM,53 Fargo St Boston Ma 02210,-71.043575,42.346127
458913,9/14/12 11:41 PM,160 Stuart St Boston Ma 02116,-71.066455,42.351238
459066,9/16/12 7:17 PM,770 Atlantic Ave Boston Ma 02111,-71.056613,42.350052
459919,9/26/12 11:27 PM,73 Brookline Ave Boston Ma 02215,-71.098802,42.346822
460712,9/12/12 6:42 PM,80 Kneeland St Boston Ma 02111,-71.060433,42.350278
461000,9/12/12 6:57 PM,250 Franklin St Boston Ma 02110,-71.054183,42.356283
461501,9/26/12 11:07 PM,80 Brookline Ave Boston Ma 02215,-71.099028,42.346758
461826,9/17/12 6:05 PM,50 High Ct Boston Ma,-71.053463,42.355568
461965,9/12/12 7:15 PM,233 W Newton St Boston Ma 02116,-71.080270,42.344302
462110,9/21/12 7:19 PM,234 Summer St Boston Ma 02210,-71.053740,42.351720
463059,9/13/12 7:47 PM,280 Huntington Ave Boston Ma,-71.086383,42.341635
463377,9/18/12 9:09 PM,40 Trilling Way Boston Ma 02210,-71.039942,42.348120
463540,9/13/12 7:46 PM,70 Tremont St Boston Ma 02108,-71.060478,42.358002
463697,9/17/12 8:26 PM,Unnamed Road Boston Ma,-71.043122,42.349917
464037,9/24/12 8:03 PM,Clarendon St Boston Ma,-71.071910,42.344012
464208,9/21/12 9:12 PM,190 Ipswich St Boston Ma,-71.095588,42.346150
464348,9/13/12 8:20 PM,Unnamed Road Boston Ma,-71.021905,42.365218
464686,9/13/12 8:41 PM,Unnamed Road Boston Ma,-71.051453,42.354833
465177,9/24/12 9:43 PM,70 Haymarket Pl Boston Ma,-71.063285,42.353057
465508,9/21/12 10:31 PM,760 Atlantic Ave Boston Ma 02111,-71.056628,42.350352
466174,9/21/12 10:57 PM,Foster Wharf Boston Ma,-71.050445,42.355540
466843,9/23/12 6:55 PM,Unnamed Road Boston Ma,-71.018517,42.369485
467624,9/13/12 9:46 PM,Unnamed Road Boston Ma,-71.080812,42.347010
467796,9/14/12 8:47 PM,Stuart St @ Eliot St Boston Ma 02116,-71.067793,42.350913
467959,9/23/12 7:46 PM,Unnamed Road Boston Ma,-71.058552,42.363940
468301,9/13/12 10:07 PM,299 Northern Ave Boston Ma 02210,-71.036842,42.348157
468458,9/24/12 10:00 PM,250 Hanover St Boston Ma 02113,-71.054858,42.363460
469296,9/23/12 9:34 PM,145 Dartmouth St Boston Ma 02116,-71.075952,42.347603
469802,9/14/12 7:56 PM,320 Columbus Ave Boston Ma 02116,-71.074563,42.346543
470149,9/20/12 6:47 PM,90 Tremont St Boston Ma 02108,-71.061065,42.357587
471752,9/22/12 7:21 PM,North St Boston Ma,-71.056407,42.360380
472510,9/22/12 10:44 PM,180 Berkeley St Boston Ma 02116,-71.072225,42.349770
473283,9/12/12 10:32 PM,94 Summer St Boston Ma 02110,-71.057797,42.353737
473458,9/14/12 10:20 PM,Unnamed Road Boston Ma,-71.056392,42.350095
475025,9/20/12 11:34 PM,380 Huntington Ave Boston Ma,-71.090623,42.339780
475811,9/27/12 6:20 PM,94 Huntington Ave Boston Ma,-71.079470,42.346997
476594,9/12/12 11:41 PM,920 Boylston St Boston Ma 02199,-71.085115,42.348010
476768,9/19/12 6:38 PM,70 Tremont St Boston Ma 02108,-71.060425,42.357872
477765,9/27/12 6:50 PM,347 Congress St Boston Ma 02210,-71.048815,42.350498
478616,9/25/12 9:53 PM,Unnamed Road Boston Ma,-71.017928,42.369043
478764,9/14/12 10:35 PM,15 Massachusetts Ave Boston Ma 02115,-71.089615,42.350900
478913,9/27/12 7:42 PM,Unnamed Road Boston Ma,-71.020232,42.369545
479400,9/27/12 8:55 PM,Unnamed Road Boston Ma,-71.040702,42.349090
479555,9/19/12 8:57 PM,20 Boates Ct Boston Ma 02110,-71.052555,42.355742
479740,9/13/12 7:39 PM,Congress St Boston Ma,-71.051418,42.352013
479920,9/14/12 11:13 PM,64 H St Boston Ma,-71.041508,42.335573
480261,9/22/12 6:43 PM,360 Commonwealth Ave Boston Ma 02115,-71.088322,42.348897
481134,9/21/12 6:59 PM,270 Newbury St Boston Ma 02116,-71.083358,42.349283
481488,9/14/12 11:25 PM,270 Ipswich St Boston Ma 02215,-71.094223,42.347210
481648,9/25/12 6:20 PM,840 Boylston St Boston Ma 02199,-71.082995,42.348612
481849,9/22/12 8:00 PM,460 Hanover St Boston Ma 02113,-71.052478,42.367090
482018,9/17/12 10:40 PM,610 Massachusetts Ave Boston Ma,-71.077042,42.336742
482553,9/27/12 9:39 PM,67 Huntington Ave Boston Ma,-71.079550,42.347118
482906,9/25/12 8:38 PM,Unnamed Road Boston Ma,-71.041750,42.353298
483412,9/22/12 9:25 PM,167 Northern Ave Boston Ma 02210,-71.042858,42.350573
483574,9/22/12 9:42 PM,Unnamed Road Boston Ma,-71.060667,42.365657
484379,9/14/12 6:55 PM,Commonwealth Ave @ Unnamed Road Boston Ma 02215,-71.090190,42.348758
484548,9/27/12 11:11 PM,830 Boylston St Boston Ma 02199,-71.082797,42.348545
484709,9/27/12 11:32 PM,High St Boston Ma,-71.052583,42.356368
484888,9/25/12 9:52 PM,200 Ipswich St Boston Ma,-71.095610,42.346048
485553,9/14/12 7:20 PM,1670 Tremont St Boston Ma 02120,-71.104062,42.333962
486016,9/21/12 10:51 PM,300 Hanover St Boston Ma 02113,-71.054048,42.364050
489428,9/21/12 9:10 PM,510 Massachusetts Ave Boston Ma,-71.080274,42.339029
490128,9/13/12 10:10 PM,450 Washington St Boston Ma 02111,-71.060635,42.355115
491127,9/21/12 10:33 PM,130 Stuart St Boston Ma 02116,-71.065697,42.351025
492057,9/21/12 11:17 PM,230 Ipswich St Boston Ma,-71.095648,42.345748
492341,9/15/12 7:25 PM,230 State St Boston Ma 02109,-71.051588,42.359593
492497,9/15/12 7:37 PM,330 Hanover St Boston Ma 02113,-71.053553,42.364622
492991,9/15/12 7:37 PM,372 Hanover St Boston Ma 02113,-71.052780,42.365667
493150,9/26/12 6:58 PM,270 Tremont St Boston Ma 02116,-71.065185,42.349885
494102,9/20/12 6:10 PM,I-93 Boston Ma,-71.053275,42.360572
494433,9/19/12 8:00 PM,30 Oliver St Boston Ma 02110,-71.054180,42.356837
494594,9/20/12 6:31 PM,Battery Wharf Boston Ma,-71.050498,42.367060
494775,9/15/12 8:39 PM,93 Congress St Boston Ma,-71.056571,42.359204
495264,9/20/12 7:25 PM,2 Avenue De Lafayette Boston Ma 02111,-71.061398,42.353802
496107,9/26/12 7:10 PM,500 Boylston St Boston Ma 02116,-71.074533,42.350793
496426,9/13/12 9:20 PM,3 Charles St Boston Ma 02114,-71.069383,42.356258
496958,9/18/12 9:30 PM,27 Exeter St Boston Ma,-71.080113,42.350603
497131,9/19/12 10:33 PM,101 Purchase St Boston Ma,-71.052157,42.355132
497635,9/13/12 9:40 PM,79 Cross St Boston Ma 02109,-71.052910,42.361023
497959,9/20/12 9:51 PM,80 Oliver St Boston Ma 02110,-71.053115,42.356055
498960,9/24/12 6:55 PM,50 Tremont St Boston Ma,-71.059808,42.359390
499125,9/24/12 7:17 PM,480 W Broadway Boston Ma 02127,-71.046192,42.335873
499945,9/20/12 10:46 PM,298 Newbury St Boston Ma 02115,-71.085497,42.348883
500576,9/13/12 10:52 PM,188 Summer St Boston Ma 02110,-71.055515,42.352692
502341,9/24/12 11:44 PM,250 Northern Ave Boston Ma 02210,-71.038970,42.348933
502636,9/22/12 8:00 PM,141 W Broadway Boston Ma 02127,-71.054023,42.340920
504951,9/22/12 10:02 PM,1220 Commonwealth Ave Boston Ma,-71.130848,42.350600
505391,9/14/12 6:20 PM,790 Boylston St Boston Ma 02199,-71.082137,42.348840
505687,9/22/12 10:40 PM,494 Massachusetts Ave Boston Ma,-71.080377,42.339522
505985,9/28/12 6:18 PM,32 Arlington St Boston Ma 02116,-71.070393,42.351273
506452,9/28/12 7:05 PM,12 Massachusetts Ave Boston Ma 02115,-71.089695,42.351017
506914,9/24/12 6:37 PM,Commonwealth Ave Boston Ma,-71.117885,42.351300
508447,9/28/12 7:28 PM,720 Atlantic Ave Boston Ma 02111,-71.056030,42.351373
509059,9/14/12 8:09 PM,80 Court St Boston Ma 02108,-71.059510,42.359443
509371,9/22/12 9:41 PM,Fort Hill Wharf Boston Ma,-71.053552,42.353658
510833,9/28/12 8:33 PM,213 Clarendon St Boston Ma 02116,-71.075320,42.350748
510992,9/27/12 7:03 PM,720 Atlantic Ave Boston Ma 02111,-71.055800,42.351350
511290,9/20/12 6:42 PM,100 High St Boston Ma 02110,-71.054925,42.354645
511442,9/20/12 6:49 PM,870 Boylston St Boston Ma 02199,-71.083398,42.348357
511771,9/24/12 11:30 PM,100 High St Boston Ma 02110,-71.054698,42.354490
512256,9/13/12 7:17 PM,438 Atlantic Ave Boston Ma 02110,-71.052343,42.353987
512416,9/27/12 6:58 PM,6 Charles St Boston Ma 02114,-71.069653,42.356307
513067,9/28/12 10:15 PM,348 Washington St Boston Ma 02135,-71.152895,42.349133
513379,9/26/12 7:29 PM,77 Essex St Boston Ma 02111,-71.060500,42.352487
514075,9/19/12 7:08 PM,Unnamed Road Boston Ma,-71.054375,42.355998
514262,9/24/12 6:39 PM,97 Huntington Ave Boston Ma,-71.079208,42.347032
514790,9/27/12 10:47 PM,139 Dartmouth St Boston Ma 02116,-71.075873,42.347230
514977,9/21/12 6:50 PM,I-93 Boston Ma,-71.053120,42.360440
515519,9/15/12 8:13 PM,92 Exeter St Boston Ma 02116,-71.079067,42.348275
516024,9/27/12 11:52 PM,80 Cambridge Street Ave Boston Ma 02114,-71.070388,42.361700
516361,9/25/12 8:40 PM,Unnamed Road Boston Ma,-71.018418,42.368995
517241,9/21/12 8:35 PM,710 Boylston St Boston Ma 02116,-71.079908,42.349315
517406,9/21/12 8:54 PM,40 Trilling Way Boston Ma 02210,-71.039902,42.348173
517574,9/24/12 10:14 PM,Clarendon St @ I-90 Boston Ma,-71.074012,42.348270
518078,9/21/12 9:32 PM,60 Arlington St Boston Ma 02116,-71.069847,42.350858
518246,9/15/12 10:05 PM,Unnamed Road Boston Ma,-71.056540,42.352885
518596,9/17/12 7:14 PM,70 Broad St Boston Ma 02110,-71.053280,42.357733
519278,9/13/12 8:18 PM,Unnamed Road Boston Ma,-71.022570,42.365432
520019,9/17/12 8:14 PM,110 Purchase St Boston Ma,-71.052475,42.355080
520182,9/15/12 11:26 PM,1750 Washington St Boston Ma 02118,-71.076933,42.336642
520364,9/21/12 10:58 PM,71 Brookline Ave Boston Ma 02215,-71.098853,42.346975
521379,9/13/12 9:12 PM,33 Brookline Ave Boston Ma 02215,-71.097658,42.348023
522048,9/23/12 7:37 PM,41 Dalton St Boston Ma 02115,-71.084690,42.346158
522361,9/15/12 10:57 PM,Atlantic Ave Boston Ma,-71.051793,42.359662
523332,9/14/12 11:04 PM,574 Tremont St Boston Ma 02118,-71.072665,42.343515
528488,9/25/12 10:48 PM,720 Boylston St Boston Ma 02116,-71.080275,42.349400
529115,9/15/12 7:54 PM,129 Causeway St Boston Ma 02114,-71.060812,42.365788
529266,9/25/12 7:11 PM,Unnamed Road Boston Ma,-71.056625,42.344128
529731,9/28/12 6:16 PM,Unnamed Road Boston Ma,-71.022437,42.365295
530053,9/25/12 7:49 PM,271 Hanover St Boston Ma 02113,-71.054587,42.363745
530355,9/28/12 6:17 PM,460 W Broadway Boston Ma 02127,-71.046545,42.336147
531349,9/15/12 9:42 PM,870 Beacon St Boston Ma,-71.104553,42.346567
532000,9/14/12 7:19 PM,Unnamed Road Boston Ma,-71.016908,42.366085
532149,9/28/12 7:15 PM,Commonwealth Ave Boston Ma,-71.115960,42.351080
532301,9/20/12 6:55 PM,190 Dartmouth St Boston Ma 02116,-71.076685,42.348850
532599,9/28/12 7:53 PM,Unnamed Road Boston Ma,-71.077748,42.348722
533376,9/16/12 8:27 PM,260 Hanover St Boston Ma 02113,-71.054697,42.363635
533545,9/29/12 6:11 PM,Unnamed Road Boston Ma,-71.017097,42.366110
534014,9/16/12 9:46 PM,1270 Boylston St Boston Ma 02215,-71.095382,42.345202
534175,9/26/12 8:30 PM,830 Boylston St Boston Ma 02199,-71.082833,42.348618
534326,9/15/12 11:26 PM,76 Brighton Ave Boston Ma,-71.128437,42.352517
534470,9/15/12 11:38 PM,N380 Boston Ma,-71.040058,42.348365
534628,9/15/12 11:43 PM,10 E Concord St Boston Ma 02118,-71.074937,42.337838
534950,9/16/12 10:21 PM,20 Harrison Ave Boston Ma 02111,-71.061313,42.353420
535272,9/15/12 11:58 PM,Commonwealth Ave Boston Ma,-71.118607,42.351317
535591,9/28/12 10:11 PM,73 South St Boston Ma 02111,-71.057210,42.351622
536225,9/15/12 8:44 PM,Massachusetts Ave @ Commonwealth Ave Boston Ma 02115,-71.088798,42.349335
536390,9/20/12 8:21 PM,78 Broad St Boston Ma 02110,-71.052925,42.357627
538195,9/20/12 9:11 PM,Unnamed Road Boston Ma,-71.018343,42.362858
538341,9/28/12 11:38 PM,100 Franklin St Boston Ma 02110,-71.057313,42.355463
538509,9/14/12 10:53 PM,Huntington Ave @ I-90 Boston Ma,-71.079387,42.347402
539688,9/28/12 6:29 PM,Unnamed Road Boston Ma,-71.018915,42.362572
539839,9/14/12 11:21 PM,346 Congress St Boston Ma 02210,-71.048857,42.350542
540033,9/15/12 11:46 PM,40 Chambers Pl Boston Ma 02116,-71.073062,42.348250
540213,9/14/12 11:40 PM,16 Broad St Boston Ma 02110,-71.054590,42.358992
540404,9/14/12 11:44 PM,80 School St Boston Ma 02108,-71.059943,42.358017
541277,9/20/12 7:13 PM,670 Boylston St Boston Ma 02116,-71.078667,42.349853
541647,9/14/12 9:39 PM,480 Commercial St Boston Ma 02109,-71.053963,42.367648
542000,9/29/12 11:47 PM,100 Dartmouth St Boston Ma 02116,-71.075398,42.346070
542157,9/29/12 11:55 PM,240 Huntington Ave Boston Ma,-71.084818,42.342908
542855,9/27/12 10:56 PM,160 Gainsborough St Boston Ma 02115,-71.089482,42.342530
543237,9/21/12 6:16 PM,50 Gloucester St Boston Ma 02115,-71.084137,42.349102
543410,9/18/12 7:19 PM,111 1st Ave Boston Ma,-71.050793,42.377132
543569,9/14/12 11:09 PM,Commonwealth Ave Boston Ma,-71.121435,42.351705
543900,9/15/12 9:13 PM,40 Beach St Boston Ma 02111,-71.061213,42.351500
544253,9/14/12 9:14 PM,480 W Broadway Boston Ma 02127,-71.046100,42.335752
544819,9/25/12 8:39 PM,Unnamed Road Boston Ma,-71.018488,42.369138
545005,9/26/12 7:50 PM,230 Cambridge St Boston Ma,-71.066635,42.361120
545526,9/28/12 9:04 PM,I-93 Boston Ma,-71.051298,42.356198
545705,9/15/12 9:51 PM,Commonwealth Ave @ Massachusetts Ave Boston Ma,-71.088863,42.349215
546396,9/25/12 9:39 PM,Commonwealth Ave @ Kenmore St Boston Ma 02215,-71.095108,42.348802
546561,9/29/12 10:19 PM,241 C St Boston Ma 02127,-71.052362,42.339860
546929,9/28/12 9:41 PM,436 Atlantic Ave Boston Ma 02110,-71.052128,42.354303
547964,9/28/12 10:12 PM,537 Tremont St Boston Ma 02116,-71.071008,42.344347
548491,9/29/12 10:55 PM,10 Commercial St Boston Ma 02109,-71.053565,42.359542
548657,9/22/12 6:57 PM,117 St James Ave Boston Ma 02116,-71.075142,42.349582
548999,9/29/12 11:02 PM,360 Boylston St Boston Ma 02116,-71.071447,42.351713
550003,9/16/12 10:57 PM,170 Beach St Boston Ma 02111,-71.056867,42.350462
555107,9/22/12 9:22 PM,10 Clinton St Boston Ma 02109,-71.055630,42.360770
555425,9/16/12 7:39 PM,200 Summer St Boston Ma 02210,-71.055225,42.352572
555744,9/27/12 7:29 PM,47 Fargo St Boston Ma 02210,-71.043702,42.346526
556227,9/26/12 8:31 PM,3 Beacon St Boston Ma 02116,-71.060498,42.358115
556389,9/29/12 8:14 PM,Commonwealth Ave @ Kenmore St Boston Ma 02215,-71.095170,42.348807
557054,9/15/12 7:35 PM,50 Blagden St Boston Ma 02116,-71.078010,42.348825
557219,9/29/12 8:51 PM,Commonwealth Ave @ Kenmore St Boston Ma 02215,-71.095513,42.348735
558062,9/16/12 9:44 PM,120 Brighton Ave Boston Ma,-71.131675,42.352897
558704,9/27/12 9:42 PM,170 Essex St Boston Ma 02111,-71.058678,42.352448
559317,9/17/12 8:02 PM,Unnamed Road Boston Ma,-71.120347,42.364748
559502,9/15/12 9:54 PM,North St Boston Ma,-71.056643,42.360370
559655,9/15/12 9:59 PM,581 Washington St Boston Ma 02111,-71.062545,42.353535
