7932,9/1/12 2:55 PM,Unnamed Road Boston Ma,-71.095625,42.342257
9944,9/1/12 2:42 PM,40 Warrenton St Boston Ma 02116,-71.065962,42.350070
10286,9/1/12 5:01 PM,124 Cambridge St Boston Ma 02114,-71.063297,42.361358
10450,9/1/12 2:34 PM,10 Bay State Road Boston Ma 02215,-71.093363,42.349978
10625,9/1/12 1:10 PM,7 Central Wharf Boston Ma 02110,-71.050920,42.358930
11418,9/1/12 2:08 PM,Arlington St Boston Ma,-71.070960,42.352710
11595,9/1/12 4:13 PM,60 Exeter St Boston Ma 02116,-71.079410,42.349335
11907,9/1/12 4:36 PM,20 Blossom St Boston Ma 02114,-71.066745,42.361678
12063,9/1/12 5:04 PM,70 Fish Pier Rd Boston Ma 02210,-71.039053,42.348695
12232,9/1/12 5:58 PM,Unnamed Road Boston Ma,-71.079788,42.347192
13171,9/1/12 12:32 PM,110 Mountfort St Boston Ma 02215,-71.105798,42.348325
14265,9/1/12 12:45 PM,116 Mount Vernon St Boston Ma 02108,-71.070057,42.357838
14774,9/1/12 5:25 PM,20 W Springfield St Boston Ma 02118,-71.076467,42.337020
15109,9/1/12 4:11 PM,810 Boylston St Boston Ma 02199,-71.082513,42.348723
15397,9/1/12 5:31 PM,175 Boylston St Boston Ma 02116,-71.067178,42.352437
15708,9/1/12 4:48 PM,699 Washington St Boston Ma 02111,-71.062603,42.351140
16024,9/1/12 3:10 PM,Unnamed Road Boston Ma,-71.051643,42.354950
16161,9/1/12 3:30 PM,Avery Pl Boston Ma,-71.063188,42.353330
16324,9/1/12 2:53 PM,Unnamed Road Boston Ma,-71.021825,42.365020
16794,9/1/12 2:52 PM,Commonwealth Ave Boston Ma,-71.121957,42.351763
16948,9/1/12 5:48 PM,Gloucester St Boston Ma,-71.084667,42.350093
18434,9/1/12 5:05 PM,170 Northern Ave Boston Ma 02210,-71.042813,42.350200
20762,9/1/12 2:58 PM,91 S Charles St Boston Ma 02116,-71.066753,42.350110
21282,9/1/12 1:52 PM,80 Tremont St Boston Ma 02108,-71.061065,42.357807
22146,9/1/12 2:26 PM,85 8th St Boston Ma 02129,-71.051725,42.373973
22500,9/2/12 1:13 PM,141 Brookline Ave Boston Ma 02215,-71.100705,42.345105
22853,9/1/12 2:26 PM,70 Stuart St Boston Ma 02116,-71.064795,42.351127
23054,9/1/12 4:17 PM,Unnamed Road Boston Ma,-71.118152,42.364907
23605,9/1/12 5:02 PM,10 Central Wharf Boston Ma 02110,-71.050758,42.358905
23786,9/1/12 5:29 PM,Unnamed Road Boston Ma,-71.019575,42.369247
25117,9/2/12 5:56 PM,163 Northern Ave Boston Ma 02210,-71.043138,42.350718
27067,9/2/12 12:48 PM,Unnamed Road Boston Ma,-71.055565,42.352615
29497,9/2/12 1:40 PM,350 Stuart St Boston Ma 02116,-71.072508,42.349322
29670,9/2/12 12:43 PM,220 Essex St Boston Ma 02111,-71.056577,42.352220
30801,9/2/12 12:49 PM,600 Beacon St Boston Ma 02215,-71.094248,42.349573
31161,9/2/12 2:27 PM,305 Franklin St Boston Ma 02110,-71.052778,42.357382
31317,9/2/12 3:42 PM,710 Atlantic Ave Boston Ma 02111,-71.055885,42.351555
31852,9/2/12 5:00 PM,120 Stuart St Boston Ma 02116,-71.065598,42.351258
32386,9/2/12 12:57 PM,Unnamed Road Boston Ma,-71.053820,42.360733
33291,9/2/12 5:00 PM,Unnamed Road Boston Ma,-71.084563,42.345988
33467,9/2/12 3:41 PM,69 Hawley St Boston Ma 02110,-71.059070,42.355702
33625,9/2/12 3:18 PM,120 Belvidere St Boston Ma 02115,-71.082078,42.345583
34311,9/2/12 4:10 PM,370 Atlantic Ave Boston Ma 02110,-71.050823,42.356127
36148,9/2/12 3:52 PM,Huntington Ave @ I-90 Boston Ma,-71.079158,42.347625
36809,9/3/12 4:52 PM,250 Franklin St Boston Ma 02110,-71.054428,42.356350
36977,9/2/12 1:29 PM,Unnamed Road Boston Ma,-71.062647,42.329063
38381,9/2/12 12:53 PM,850 Boylston St Boston Ma 02199,-71.083125,42.348453
39091,9/2/12 2:59 PM,5 Avenue De Lafayette Boston Ma 02111,-71.062058,42.353892
39776,9/2/12 5:09 PM,50 Trilling Way Boston Ma 02210,-71.039808,42.348022
39948,9/2/12 1:47 PM,Unnamed Road Boston Ma,-71.080937,42.346503
40124,9/2/12 4:56 PM,Unnamed Road Boston Ma,-71.023227,42.367438
44284,9/3/12 12:13 PM,747 Atlantic Ave Boston Ma 02111,-71.056318,42.350502
44603,9/3/12 12:25 PM,40 Avery St Boston Ma 02111,-71.063582,42.353223
45808,9/3/12 2:31 PM,380 Stuart St Boston Ma 02116,-71.073777,42.349423
46484,9/3/12 3:34 PM,20 Commonwealth Ave Boston Ma,-71.073797,42.353287
46642,9/2/12 3:55 PM,190 Dartmouth St Boston Ma 02116,-71.076593,42.348873
46968,9/2/12 1:09 PM,Unnamed Road Boston Ma,-71.021957,42.365060
47896,9/3/12 1:06 PM,760 Atlantic Ave Boston Ma 02111,-71.056527,42.350343
48055,9/2/12 4:41 PM,760 Atlantic Ave Boston Ma 02111,-71.056603,42.350403
48224,9/4/12 6:00 PM,67 Huntington Ave Boston Ma,-71.079513,42.347082
48867,9/3/12 1:31 PM,571 Tremont St Boston Ma 02118,-71.072525,42.343555
49040,9/3/12 1:39 PM,770 Atlantic Ave Boston Ma 02111,-71.056725,42.350043
50944,9/3/12 4:07 PM,Unnamed Road Boston Ma,-71.019187,42.369023
51121,9/4/12 1:20 PM,63 Huntington Ave Boston Ma,-71.079540,42.347218
51625,9/3/12 5:35 PM,10 Central Wharf Boston Ma 02110,-71.050747,42.359038
51959,9/2/12 4:40 PM,40 Columbus Ave Boston Ma 02116,-71.069062,42.350695
52144,9/4/12 4:08 PM,Unnamed Road Boston Ma,-71.105682,42.337432
52997,9/3/12 2:40 PM,160 Park St Boston Ma 02124,-71.060852,42.298510
54100,9/4/12 12:59 PM,190 Huntington Ave Boston Ma,-71.082213,42.344827
54657,9/4/12 1:50 PM,830 Boylston St Boston Ma 02199,-71.082765,42.348578
55163,9/2/12 4:15 PM,Unnamed Road Boston Ma,-71.056662,42.349815
55345,9/2/12 6:07 PM,20 Warrenton St Boston Ma 02116,-71.065888,42.349972
55700,9/4/12 3:19 PM,120 St Stephen St Boston Ma 02115,-71.088195,42.341595
56243,9/3/12 2:02 PM,Unnamed Road Boston Ma,-71.020765,42.369835
56925,9/2/12 5:14 PM,Unnamed Road Boston Ma,-71.019392,42.362380
57266,9/5/12 3:41 PM,Unnamed Road Boston Ma,-71.081417,42.345760
57450,9/3/12 4:46 PM,680 Commonwealth Ave Boston Ma,-71.104093,42.349610
58592,9/3/12 4:27 PM,30 Long Wharf Boston Ma 02110,-71.050870,42.359927
59577,9/4/12 5:39 PM,668 Washington St Boston Ma 02111,-71.062652,42.351665
61412,9/4/12 1:36 PM,142 Berkeley St Boston Ma 02116,-71.071883,42.348892
62113,9/4/12 3:03 PM,80 Boylston St Boston Ma 02116,-71.064723,42.352398
62294,9/3/12 3:10 PM,470 Huntington Ave Boston Ma,-71.093765,42.338887
62665,9/2/12 3:56 PM,Unnamed Road Boston Ma,-71.017078,42.366368
63213,9/4/12 4:29 PM,70 Fenway Boston Ma 02115,-71.091182,42.342735
63542,9/3/12 1:11 PM,96 Huntington Ave Boston Ma,-71.079382,42.347090
63901,9/3/12 1:28 PM,160 Canal St Boston Ma 02114,-71.060720,42.365085
64231,9/4/12 3:59 PM,Unnamed Road Boston Ma,-71.020518,42.369643
64404,9/3/12 12:56 PM,N351 Boston Ma,-71.018348,42.365338
64719,9/4/12 5:00 PM,Unnamed Road Boston Ma,-71.022077,42.365137
67730,9/4/12 2:46 PM,Unnamed Road Boston Ma,-71.022142,42.365167
68222,9/6/12 3:23 PM,90 Bromfield St Boston Ma 02108,-71.061113,42.357200
68373,9/3/12 3:37 PM,100 Stuart St Boston Ma 02116,-71.065193,42.351038
68710,9/4/12 4:23 PM,75 Broad St Boston Ma 02110,-71.053175,42.357588
68880,9/4/12 4:56 PM,Battery Wharf Boston Ma,-71.050525,42.367290
69852,9/4/12 6:04 PM,1600 Washington St Boston Ma 02118,-71.074517,42.338322
70036,9/5/12 3:52 PM,10 Blossom St Boston Ma 02114,-71.066792,42.361515
70372,9/3/12 2:09 PM,Unnamed Road Boston Ma,-71.042472,42.341465
70545,9/5/12 4:51 PM,60 Exeter St Boston Ma 02116,-71.079530,42.349325
71396,9/3/12 1:00 PM,Harvard Ave Boston Ma,-71.131532,42.352018
71548,9/6/12 5:59 PM,214 Hanover St Boston Ma 02113,-71.055247,42.363038
71718,9/3/12 5:21 PM,Evans Way Boston Ma,-71.097170,42.338468
71883,9/6/12 6:18 PM,332 Commercial St Boston Ma 02109,-71.051013,42.365773
72037,9/4/12 1:15 PM,180 Newbury St Boston Ma 02116,-71.079363,42.350420
72188,9/3/12 12:42 PM,1300 Boylston St Boston Ma 02215,-71.097535,42.344508
73326,9/3/12 5:41 PM,180 Huntington Ave Boston Ma,-71.082248,42.344778
74591,9/4/12 5:37 PM,870 Beacon St Boston Ma,-71.104682,42.346632
74761,9/6/12 1:34 PM,40 Kilby Pl Boston Ma 02109,-71.055378,42.358425
75440,9/3/12 3:04 PM,Atlantic Ave Boston Ma,-71.051053,42.355010
75759,9/3/12 3:18 PM,720 Atlantic Ave Boston Ma 02111,-71.055898,42.351255
76418,9/4/12 5:24 PM,150 St James Ave Boston Ma 02116,-71.076793,42.349458
76737,9/2/12 3:13 PM,350 Dartmouth St Boston Ma 02116,-71.079158,42.353680
77088,9/6/12 5:32 PM,Avenue Of The Arts Boston Ma,-71.085643,42.342302
77257,9/5/12 2:58 PM,20 Francis St Boston Ma 02215,-71.105838,42.334793
78541,9/5/12 5:06 PM,Unnamed Road Boston Ma,-71.098817,42.342753
78691,9/3/12 5:21 PM,200 Brookline Ave Boston Ma 02215,-71.102212,42.344072
79833,9/4/12 1:26 PM,420 Boylston St Boston Ma 02116,-71.072705,42.351325
80684,9/5/12 3:24 PM,Unnamed Road Boston Ma,-71.018753,42.362935
81039,9/3/12 5:14 PM,Unnamed Road Boston Ma,-71.084312,42.346158
81215,9/7/12 2:31 PM,Unnamed Road Boston Ma,-71.017145,42.366517
81377,9/5/12 4:43 PM,Unnamed Road Boston Ma,-71.080845,42.345643
82787,9/5/12 5:49 PM,587 Washington St Boston Ma 02111,-71.062520,42.353157
83101,9/6/12 12:24 PM,150 Tremont St Boston Ma 02111,-71.063512,42.354778
83761,9/3/12 2:09 PM,30 Long Wharf Boston Ma 02110,-71.050918,42.359950
84368,9/4/12 3:49 PM,25 Huntington Ave Boston Ma,-71.077475,42.348780
84978,9/4/12 5:36 PM,Unnamed Road Boston Ma,-71.022047,42.365123
85138,9/7/12 12:32 PM,10 Pilgrim Rd Boston Ma 02215,-71.103648,42.342647
85484,9/5/12 1:14 PM,200 Summer St Boston Ma 02210,-71.055095,42.352447
85954,9/6/12 3:24 PM,70 Fish Pier Rd Boston Ma 02210,-71.039072,42.348707
87427,9/4/12 12:54 PM,300 Hanover St Boston Ma 02113,-71.054073,42.364165
87953,9/5/12 4:30 PM,Unnamed Road Boston Ma,-71.022020,42.365137
88938,9/5/12 6:15 PM,Unnamed Road Boston Ma,-71.084063,42.346153
89414,9/4/12 12:41 PM,30 Park Plz Boston Ma 02116,-71.069567,42.351688
90233,9/6/12 12:19 PM,2169 Dorchester Ave Boston Ma 02124,-71.066990,42.276433
90869,9/4/12 1:02 PM,80 Bowdoin St Boston Ma 02108,-71.062763,42.359302
91479,9/6/12 1:54 PM,Unnamed Road Boston Ma,-71.016952,42.366792
92089,9/4/12 5:50 PM,270 Tremont St Boston Ma 02116,-71.065277,42.349825
92416,9/5/12 4:36 PM,650 Atlantic Ave Boston Ma 02111,-71.055917,42.352182
92903,9/5/12 5:19 PM,688 Atlantic Ave Boston Ma 02111,-71.055625,42.351855
93047,9/3/12 1:18 PM,Unnamed Road Boston Ma,-71.061252,42.328348
96142,9/3/12 12:14 PM,90 Haymarket Pl Boston Ma,-71.063355,42.353198
96806,9/6/12 12:18 PM,220 Milk St Boston Ma 02109,-71.051890,42.358697
97115,9/6/12 1:12 PM,719 Huntington Ave Boston Ma,-71.104183,42.334508
98859,9/5/12 1:38 PM,Arlington St Boston Ma,-71.071185,42.352770
100003,9/6/12 4:08 PM,Unnamed Road Boston Ma,-71.019072,42.363002
100703,9/4/12 1:29 PM,Unnamed Road Boston Ma,-71.016887,42.366425
101231,9/8/12 12:58 PM,Unnamed Road Boston Ma,-71.033955,42.315768
102407,9/6/12 5:38 PM,310 Beacon St Boston Ma 02116,-71.081558,42.352918
102719,9/5/12 5:12 PM,Commonwealth Ave @ Beacon St Boston Ma,-71.099690,42.349038
103833,9/4/12 1:10 PM,50 Francis St Boston Ma 02215,-71.107408,42.335890
104156,9/4/12 12:26 PM,305 Congress St Boston Ma 02210,-71.050337,42.351477
104322,9/9/12 5:20 PM,Unnamed Road Boston Ma,-71.019102,42.363348
104650,9/4/12 5:25 PM,20 Bowdoin St Boston Ma 02108,-71.062747,42.360698
105438,9/6/12 1:25 PM,Unnamed Road Boston Ma,-71.016918,42.366258
105758,9/3/12 4:48 PM,Unnamed Road Boston Ma,-71.021618,42.364943
105925,9/4/12 2:16 PM,160 Tremont St Boston Ma 02111,-71.063658,42.354460
107194,9/6/12 12:43 PM,40 Sewall Pl Boston Ma 02109,-71.057542,42.357172
109740,9/4/12 12:26 PM,Huntington Ave @ I-90 Boston Ma,-71.079113,42.347460
109896,9/6/12 6:10 PM,Unnamed Road Boston Ma,-71.018880,42.368803
110058,9/4/12 3:22 PM,10 Chatham St Boston Ma 02109,-71.055132,42.359547
111365,9/10/12 4:35 PM,46 Kilmarnock St Boston Ma 02215,-71.099612,42.343193
111528,9/10/12 5:17 PM,80 School St Boston Ma 02108,-71.060060,42.357903
111819,9/4/12 2:15 PM,Unnamed Road Boston Ma,-71.020862,42.364605
112453,9/6/12 2:37 PM,Arlington St Boston Ma,-71.071245,42.352802
112601,9/3/12 5:27 PM,92 Causeway St Boston Ma 02114,-71.062177,42.365093
112936,9/4/12 5:08 PM,Unnamed Road Boston Ma,-71.020048,42.369432
114417,9/6/12 4:31 PM,120 Dartmouth St Boston Ma 02116,-71.075548,42.346452
114733,9/5/12 1:54 PM,Bartlett Pl Boston Ma,-71.055567,42.364182
115061,9/5/12 12:18 PM,90 India Wharf Boston Ma 02110,-71.049750,42.357912
116221,9/5/12 1:09 PM,19 Congress St Boston Ma 02109,-71.056792,42.358607
117401,9/5/12 4:16 PM,Unnamed Road Boston Ma,-71.081003,42.346697
117595,9/4/12 3:43 PM,210 Brookline Ave Boston Ma 02215,-71.102193,42.343918
117764,9/5/12 4:55 PM,10 Tremont St Boston Ma,-71.060017,42.358197
117933,9/4/12 4:23 PM,Beacon St @ Commonwealth Ave Boston Ma,-71.096577,42.348882
118783,9/7/12 2:46 PM,13 Atlantic Ave Boston Ma 02110,-71.051000,42.363772
119289,9/4/12 4:47 PM,390 Atlantic Ave Boston Ma 02110,-71.050758,42.355777
119792,9/4/12 5:25 PM,Unnamed Road Boston Ma,-71.066070,42.364168
119957,9/11/12 4:05 PM,Unnamed Road Boston Ma,-71.022028,42.365137
120450,9/7/12 4:49 PM,90 Water St Boston Ma 02109,-71.055475,42.357828
120817,9/11/12 5:47 PM,60 Devonshire St Boston Ma 02109,-71.057412,42.358473
120998,9/5/12 5:38 PM,1370 Washington St Boston Ma 02118,-71.069780,42.341217
121166,9/6/12 2:45 PM,80 Cambridge St Boston Ma 02114,-71.060830,42.360619
121335,9/7/12 6:09 PM,Charles St @ Cambridge St Boston Ma,-71.070568,42.361840
122176,9/6/12 4:04 PM,90 Temple Pl Boston Ma 02111,-71.061397,42.354810
123825,9/8/12 1:58 PM,48 Salem St Boston Ma 02113,-71.056253,42.363042
124691,9/8/12 3:07 PM,Unnamed Road Boston Ma,-71.061022,42.361245
125180,9/7/12 12:26 PM,61 Huntington Ave Boston Ma,-71.079528,42.347337
127477,9/7/12 2:57 PM,180 Richmond St Boston Ma 02109,-71.054537,42.363558
128702,9/9/12 2:10 PM,347 Longwood Ave Boston Ma 02215,-71.106398,42.338317
129838,9/8/12 12:07 PM,I-90 @ Columbus Ave Boston Ma,-71.072562,42.347915
129996,9/5/12 2:25 PM,380 Atlantic Ave Boston Ma 02110,-71.050802,42.356110
130178,9/9/12 4:51 PM,212 Atlantic Ave Boston Ma 02110,-71.050877,42.359350
130497,9/7/12 12:52 PM,80 W Rutland Sq Boston Ma 02118,-71.080058,42.343207
130796,9/9/12 5:29 PM,Unnamed Road Boston Ma,-71.077708,42.348692
131574,9/7/12 4:28 PM,160 Tremont St Boston Ma 02111,-71.063618,42.354360
132064,9/7/12 2:34 PM,20 Chauncy St Boston Ma 02111,-71.059940,42.354537
132821,9/8/12 3:19 PM,1280 Boylston St Boston Ma 02215,-71.096534,42.344987
133124,9/5/12 5:01 PM,Commonwealth Ave @ Charlesgate Boston Ma,-71.092112,42.348878
133599,9/7/12 4:54 PM,10 Commonwealth Ave Boston Ma 02116,-71.071963,42.353237
134242,9/12/12 3:28 PM,130 Washington St Boston Ma 02108,-71.057810,42.358740
134560,9/5/12 12:13 PM,380 Atlantic Ave Boston Ma 02110,-71.050715,42.356005
135206,9/6/12 1:28 PM,Unnamed Road Boston Ma,-71.034010,42.315783
135495,9/7/12 3:16 PM,200 Newbury St Boston Ma 02116,-71.080198,42.350188
135976,9/5/12 5:03 PM,Unnamed Road Boston Ma,-71.017054,42.366247
136458,9/5/12 6:00 PM,130 Huntington Ave Boston Ma,-71.080622,42.346118
137559,9/6/12 2:12 PM,10 Court Sq Boston Ma 02108,-71.058880,42.358602
138243,9/6/12 1:08 PM,820 Boylston St Boston Ma 02199,-71.082608,42.348555
138894,9/5/12 2:49 PM,110 Belvidere St Boston Ma 02115,-71.082580,42.345810
141447,9/6/12 5:14 PM,Unnamed Road Boston Ma,-71.022153,42.365172
141973,9/4/12 4:29 PM,50 Belvidere St Boston Ma 02115,-71.085188,42.346260
142126,9/4/12 4:45 PM,Unnamed Road Boston Ma,-71.018698,42.361720
143139,9/6/12 6:10 PM,173 Northern Ave Boston Ma 02210,-71.042460,42.350192
144294,9/10/12 2:46 PM,Unnamed Road Boston Ma,-71.018907,42.361512
144826,9/10/12 4:08 PM,40 Forsyth St Boston Ma,-71.090822,42.340010
145139,9/5/12 4:24 PM,Unnamed Road Boston Ma,-71.084313,42.346193
145467,9/10/12 5:01 PM,191 Stuart St Boston Ma 02116,-71.067357,42.350690
146318,9/5/12 12:57 PM,10 Fruit St Boston Ma 02114,-71.069040,42.362462
148267,9/6/12 2:49 PM,80 School St Boston Ma 02108,-71.060165,42.357933
148406,9/6/12 12:55 PM,160 Stuart St Boston Ma 02116,-71.066220,42.351097
148723,9/13/12 12:57 PM,180 Devonshire St Boston Ma 02110,-71.057307,42.355902
150112,9/6/12 2:19 PM,439 Atlantic Ave Boston Ma 02110,-71.052690,42.354202
151221,9/5/12 1:07 PM,80 State St Boston Ma 02109,-71.056015,42.358953
151376,9/7/12 2:18 PM,611 Commonwealth Ave Boston Ma,-71.101505,42.349482
151870,9/6/12 12:21 PM,212 Stuart St Boston Ma 02116,-71.068530,42.350647
153398,9/9/12 3:19 PM,Commonwealth Ave @ Brookline Ave Boston Ma 02215,-71.096845,42.348713
153564,9/5/12 3:57 PM,310 Beacon St Boston Ma 02116,-71.081797,42.352865
153871,9/8/12 12:16 PM,690 Atlantic Ave Boston Ma 02111,-71.055790,42.351878
154028,9/6/12 5:15 PM,Charles St @ Fruit St Boston Ma,-71.070567,42.362698
154340,9/6/12 4:46 PM,200 Summer St Boston Ma 02210,-71.055073,42.352668
155279,9/6/12 3:14 PM,190 Cambridge St Boston Ma 02114,-71.065495,42.361323
155937,9/6/12 1:47 PM,860 Boylston St Boston Ma 02199,-71.083232,42.348473
157607,9/11/12 1:55 PM,I-90 @ Dartmouth St Boston Ma,-71.076137,42.347735
158295,9/6/12 3:33 PM,10 Harbor Point Blvd Boston Ma 02125,-71.043825,42.319023
158487,9/11/12 12:57 PM,Unnamed Road Boston Ma,-71.057687,42.353327
158648,9/5/12 12:59 PM,50 Francis St Boston Ma 02215,-71.107463,42.335868
158817,9/8/12 5:18 PM,320 Huntington Ave Boston Ma,-71.087880,42.340898
158976,9/11/12 2:23 PM,40 Belvidere St Boston Ma 02115,-71.085348,42.346288
159134,9/8/12 2:31 PM,Unnamed Road Boston Ma,-71.071547,42.361055
159287,9/8/12 2:07 PM,40 Mount Vernon St Boston Ma 02108,-71.066320,42.358405
160864,9/6/12 5:32 PM,Unnamed Road Boston Ma,-71.017155,42.366302
162711,9/9/12 4:03 PM,Unnamed Road Boston Ma,-71.064433,42.363638
163316,9/11/12 6:00 PM,Unnamed Road Boston Ma,-71.016943,42.366240
164622,9/14/12 3:18 PM,760 Atlantic Ave Boston Ma 02111,-71.056670,42.350413
165965,9/5/12 5:56 PM,240 Commonwealth Ave Boston Ma 02116,-71.082322,42.350602
166128,9/8/12 4:38 PM,400 Mount Vernon St Boston Ma 02125,-71.040722,42.316962
166793,9/5/12 2:56 PM,Unnamed Road Boston Ma,-71.058583,42.357205
167265,9/8/12 2:46 PM,260 Atlantic Ave Boston Ma 02110,-71.050805,42.356817
167413,9/8/12 3:01 PM,2140 Dorchester Ave Boston Ma 02124,-71.066262,42.278085
167584,9/8/12 3:15 PM,130 Bay State Road Boston Ma 02215,-71.099603,42.350252
167736,9/5/12 4:03 PM,Unnamed Road Boston Ma,-71.018825,42.362642
168056,9/6/12 3:23 PM,Unnamed Road Boston Ma,-71.063058,42.349635
169679,9/12/12 1:56 PM,40 Quaker Ln Boston Ma 02109,-71.056628,42.358013
171284,9/6/12 5:01 PM,Charles St Boston Ma,-71.069458,42.356087
172145,9/6/12 2:13 PM,Commonwealth Ave @ Kenmore St Boston Ma 02215,-71.095500,42.348745
172486,9/6/12 2:41 PM,350 Huntington Ave Boston Ma,-71.089255,42.340347
172992,9/10/12 3:48 PM,Unnamed Road Boston Ma,-71.019325,42.362032
174954,9/6/12 2:52 PM,Commonwealth Ave @ Unnamed Road Boston Ma 02215,-71.089705,42.348838
176169,9/7/12 2:30 PM,Charles St @ Cambridge St Boston Ma,-71.070462,42.361760
176338,9/6/12 2:51 PM,7 St Stephen St Boston Ma 02115,-71.085903,42.343177
176546,9/12/12 5:01 PM,96 Huntington Ave Boston Ma,-71.079430,42.347143
176709,9/6/12 2:09 PM,49 Fargo St Boston Ma 02210,-71.043660,42.346162
177211,9/7/12 3:42 PM,170 Ipswich St Boston Ma,-71.094830,42.346847
177547,9/7/12 4:12 PM,440 W Broadway Boston Ma 02127,-71.047232,42.336432
178164,9/15/12 12:46 PM,50 Belvidere St Boston Ma 02115,-71.084865,42.345940
179323,9/7/12 5:14 PM,Unnamed Road Boston Ma,-71.041068,42.349177
179645,9/15/12 4:49 PM,120 Peterborough St Boston Ma 02215,-71.100012,42.343070
179968,9/10/12 12:06 PM,38 Boylston St Boston Ma 02116,-71.063562,42.352313
181071,9/7/12 12:10 PM,10 13th St Boston Ma 02129,-71.051982,42.377878
182505,9/10/12 2:53 PM,Unnamed Road Boston Ma,-71.016900,42.366738
183106,9/7/12 4:02 PM,215 Atlantic Ave Boston Ma 02110,-71.051102,42.359272
183440,9/7/12 12:56 PM,30 Black Falcon Ave Boston Ma 02210,-71.031478,42.343872
184437,9/9/12 1:31 PM,90 Binney St Boston Ma 02115,-71.105828,42.338545
184598,9/11/12 1:54 PM,70 William Cardinal O'connell Way Boston Ma 02114,-71.064783,42.362475
184980,9/7/12 5:08 PM,Unnamed Road Boston Ma,-71.056485,42.350110
185148,9/10/12 1:05 PM,15 Avery St Boston Ma 02111,-71.063245,42.353240
185504,9/13/12 1:49 PM,73 A St Boston Ma 02127,-71.055143,42.342053
186316,9/13/12 4:22 PM,Unnamed Road Boston Ma,-71.019123,42.361885
186478,9/11/12 4:15 PM,Unnamed Road Boston Ma,-71.019037,42.362794
187449,9/13/12 6:04 PM,Unnamed Road Boston Ma,-71.019240,42.369040
188236,9/9/12 4:47 PM,70 Waverly Pl Boston Ma,-71.056140,42.352672
188397,9/8/12 3:47 PM,90 Trinity Pl Boston Ma 02116,-71.075125,42.348230
188555,9/16/12 1:17 PM,89 Exeter St Boston Ma 02116,-71.079017,42.348525
188720,9/13/12 12:28 PM,Unnamed Road Boston Ma,-71.022058,42.365190
188882,9/7/12 5:46 PM,220 Charles St Boston Ma,-71.070420,42.361850
189189,9/7/12 12:11 PM,Charles St @ Fruit St Boston Ma,-71.070702,42.362525
189504,9/7/12 12:32 PM,70 State St Boston Ma 02109,-71.056393,42.358792
190170,9/9/12 12:19 PM,Unnamed Road Boston Ma,-71.118687,42.360492
190312,9/16/12 5:29 PM,260 Marlborough St Boston Ma 02116,-71.082643,42.351818
190470,9/9/12 12:41 PM,Unnamed Road Boston Ma,-71.016947,42.366343
190624,9/9/12 12:42 PM,Commonwealth Ave @ Kenmore St Boston Ma,-71.094750,42.349202
190791,9/13/12 5:08 PM,49 Fargo St Boston Ma 02210,-71.043923,42.346140
191632,9/7/12 3:01 PM,1 Common St Boston Ma,-71.064035,42.349110
192123,9/7/12 5:56 PM,214 Atlantic Ave Boston Ma 02110,-71.050913,42.359230
193292,9/7/12 4:27 PM,140 High St Boston Ma 02110,-71.053613,42.355548
193996,9/7/12 5:29 PM,Unnamed Road Boston Ma,-71.020662,42.364518
194336,9/8/12 6:15 PM,280 Ipswich St Boston Ma,-71.095345,42.345385
194680,9/9/12 3:46 PM,33 Arlington St Boston Ma 02116,-71.070348,42.351248
197030,9/6/12 4:32 PM,Unnamed Road Boston Ma,-71.081500,42.346145
198035,9/6/12 5:13 PM,Unnamed Road Boston Ma,-71.020943,42.364623
198519,9/17/12 4:33 PM,870 Boylston St Boston Ma 02199,-71.083457,42.348158
200172,9/11/12 2:37 PM,760 Atlantic Ave Boston Ma 02111,-71.056458,42.350383
202158,9/7/12 12:12 PM,172 Northern Ave Boston Ma 02210,-71.042555,42.350248
202503,9/11/12 5:21 PM,490 Boylston St Boston Ma 02116,-71.074313,42.351067
202647,9/12/12 1:01 PM,480 Washington St Boston Ma 02111,-71.061340,42.354768
203155,9/12/12 1:48 PM,60 St James Ave Boston Ma 02116,-71.072982,42.350388
203321,9/6/12 12:28 PM,80 Boston Pl Boston Ma 02108,-71.058425,42.358593
203793,9/8/12 12:25 PM,63 Beacon St Boston Ma,-71.069100,42.356227
203967,9/12/12 3:16 PM,Unnamed Road Boston Ma,-71.017055,42.366355
204810,9/10/12 2:36 PM,80 Court St Boston Ma 02108,-71.059562,42.359482
205496,9/8/12 2:02 PM,116 1st Ave Boston Ma,-71.049675,42.377978
205806,9/7/12 2:59 PM,280 Newbury St Boston Ma 02116,-71.084118,42.349173
206136,9/7/12 1:35 PM,Unnamed Road Boston Ma,-71.017208,42.366180
206293,9/18/12 2:56 PM,307 Congress St Boston Ma 02210,-71.050103,42.351466
206440,9/18/12 3:25 PM,40 Trilling Way Boston Ma 02210,-71.039705,42.348137
206602,9/6/12 1:45 PM,20 Commonwealth Ave Boston Ma 02116,-71.072380,42.353253
206925,9/7/12 2:13 PM,Unnamed Road Boston Ma,-71.019392,42.361892
207083,9/7/12 1:41 PM,145 Dartmouth St Boston Ma 02116,-71.076168,42.347520
207244,9/10/12 6:06 PM,740 Boylston St Boston Ma 02116,-71.080870,42.349267
207737,9/7/12 5:06 PM,380 Huntington Ave Boston Ma,-71.090340,42.339944
207918,9/7/12 5:31 PM,Unnamed Road Boston Ma,-71.051053,42.355382
208401,9/7/12 2:34 PM,Unnamed Road Boston Ma,-71.021810,42.365018
209768,9/11/12 1:30 PM,180 Federal St Boston Ma 02110,-71.056230,42.353395
211332,9/7/12 12:28 PM,93 S Charles St Boston Ma 02116,-71.066625,42.349993
211510,9/7/12 3:33 PM,Unnamed Road Boston Ma,-71.017050,42.366297
212956,9/7/12 1:40 PM,Huntington Ave @ I-90 Boston Ma,-71.079407,42.347313
213625,9/7/12 2:04 PM,50 Blossom St Boston Ma 02114,-71.066877,42.362465
214526,9/14/12 1:52 PM,30 Black Falcon Ave Boston Ma 02210,-71.031787,42.344122
215329,9/6/12 5:57 PM,Batterymarch Arm Boston Ma,-71.053427,42.357655
215957,9/14/12 3:49 PM,Columbus Ave @ Isabella St Boston Ma 02116,-71.070887,42.349288
216106,9/19/12 5:18 PM,198 Beach St Boston Ma 02111,-71.056637,42.350442
216261,9/19/12 5:25 PM,Unnamed Road Boston Ma,-71.022062,42.365158
216581,9/10/12 5:29 PM,Commonwealth Ave @ Beacon St Boston Ma,-71.094622,42.349237
217381,9/14/12 4:54 PM,Unnamed Road Boston Ma,-71.019338,42.369155
217712,9/14/12 4:55 PM,830 Boylston St Boston Ma 02199,-71.082713,42.348647
217884,9/12/12 12:26 PM,90 City Hall Ave Boston Ma 02108,-71.059242,42.357798
218065,9/8/12 1:19 PM,230 Clarendon St Boston Ma 02116,-71.075705,42.351682
218392,9/12/12 12:51 PM,30 Beacon St Boston Ma,-71.064108,42.357358
219215,9/14/12 5:38 PM,110 Newbury St Boston Ma 02116,-71.076055,42.351412
219731,9/14/12 6:10 PM,90 School St Boston Ma 02108,-71.060120,42.358072
219918,9/7/12 1:34 PM,N351 Boston Ma,-71.017903,42.365770
220085,9/8/12 2:15 PM,40 Belvidere St Boston Ma 02115,-71.085432,42.346242
221248,9/11/12 1:09 PM,High St Boston Ma,-71.052553,42.356317
221393,9/7/12 5:47 PM,Boylston St @ Eliot St Boston Ma 02116,-71.068690,42.352275
221760,9/11/12 12:36 PM,Arlington St Boston Ma,-71.070842,42.352005
222082,9/8/12 3:48 PM,210 Atlantic Ave Boston Ma 02110,-71.050953,42.359452
224093,9/11/12 2:51 PM,Huntington Ave @ I-90 Boston Ma,-71.077500,42.348528
224266,9/20/12 1:39 PM,4 Beacon St Boston Ma 02116,-71.060752,42.358228
224879,9/8/12 5:25 PM,16 Kilmarnock St Boston Ma 02215,-71.100107,42.344137
225508,9/10/12 12:19 PM,Commonwealth Ave @ Unnamed Road Boston Ma 02215,-71.090170,42.348808
225819,9/11/12 4:57 PM,273 Franklin St Boston Ma 02110,-71.053833,42.356747
226135,9/11/12 2:25 PM,50 Belvidere St Boston Ma 02115,-71.084968,42.346125
226439,9/11/12 5:53 PM,120 Stuart St Boston Ma 02116,-71.065622,42.351190
226925,9/8/12 6:20 PM,340 Beacon St Boston Ma 02116,-71.083362,42.352587
227425,9/8/12 6:04 PM,60 Peterborough St Boston Ma 02215,-71.097843,42.343613
228916,9/10/12 3:26 PM,Unnamed Road Boston Ma,-71.068710,42.362397
229267,9/8/12 4:03 PM,68 Church St Boston Ma 02116,-71.068587,42.350415
229431,9/7/12 4:39 PM,437 Atlantic Ave Boston Ma 02110,-71.052447,42.354277
229754,9/8/12 4:19 PM,Clarendon St Boston Ma,-71.071992,42.344030
229912,9/15/12 2:41 PM,Unnamed Road Boston Ma,-71.021280,42.364718
230398,9/8/12 4:24 PM,54 Fargo St Boston Ma 02210,-71.043454,42.345921
231071,9/7/12 5:55 PM,305 Stuart St Boston Ma 02116,-71.070303,42.350142
232838,9/11/12 1:02 PM,Unnamed Road Boston Ma,-71.017375,42.366703
233841,9/21/12 1:45 PM,120 Huntington Ave Boston Ma,-71.081035,42.345898
234009,9/21/12 2:09 PM,30 Black Falcon Ave Boston Ma 02210,-71.031730,42.343912
234330,9/8/12 2:33 PM,173 Northern Ave Boston Ma 02210,-71.042480,42.350235
234670,9/11/12 2:56 PM,30 Raleigh St Boston Ma 02215,-71.095270,42.349685
235300,9/11/12 3:44 PM,Unnamed Road Boston Ma,-71.021042,42.364670
235623,9/7/12 5:44 PM,Huntington Ave @ I-90 Boston Ma,-71.079593,42.347338
235938,9/14/12 3:19 PM,Unnamed Road Boston Ma,-71.019925,42.369642
236425,9/7/12 6:00 PM,10 Burlington Ave Boston Ma 02215,-71.100420,42.345490
236742,9/11/12 4:59 PM,Unnamed Road Boston Ma,-71.061693,42.353445
239552,9/15/12 4:52 PM,350 Stuart St Boston Ma 02116,-71.072565,42.349560
240268,9/13/12 1:09 PM,Unnamed Road Boston Ma,-71.019488,42.362825
240939,9/15/12 5:52 PM,I-93 Boston Ma,-71.059482,42.350927
242767,9/9/12 3:59 PM,770 Atlantic Ave Boston Ma 02111,-71.056778,42.350057
243592,9/12/12 2:17 PM,50 Belvidere St Boston Ma 02115,-71.085010,42.346217
244467,9/22/12 2:20 PM,Unnamed Road Boston Ma,-71.068490,42.362819
246314,9/22/12 5:56 PM,170 Northern Ave Boston Ma 02210,-71.042917,42.350062
246466,9/12/12 4:37 PM,30 Oliver St Boston Ma 02110,-71.054093,42.356827
246624,9/12/12 4:58 PM,55 Francis St Boston Ma 02215,-71.107643,42.336055
247620,9/11/12 2:12 PM,Unnamed Road Boston Ma,-71.016952,42.366343
248453,9/11/12 3:10 PM,20 West St Boston Ma 02111,-71.062308,42.354618
249918,9/13/12 2:35 PM,350 Stuart St Boston Ma 02116,-71.072710,42.349592
250400,9/9/12 1:00 PM,1230 Boylston St Boston Ma 02215,-71.094580,42.345362
250570,9/8/12 2:52 PM,30 Bay State Road Boston Ma 02215,-71.094192,42.349872
250736,9/8/12 3:14 PM,60 Commonwealth Ave Boston Ma,-71.076042,42.352640
251244,9/13/12 3:26 PM,190 Cambridge St Boston Ma 02114,-71.065447,42.361068
251573,9/10/12 3:42 PM,208 Berkeley St Boston Ma 02116,-71.072628,42.350503
252314,9/16/12 12:31 PM,150 St James Ave Boston Ma 02116,-71.076515,42.349440
252679,9/13/12 5:29 PM,Commonwealth Ave @ Beacon St Boston Ma 02215,-71.096215,42.348728
252845,9/13/12 5:42 PM,40 Trilling Way Boston Ma 02210,-71.039863,42.348107
253015,9/13/12 4:34 PM,101 Salem St Boston Ma 02113,-71.055552,42.364228
253198,9/8/12 4:27 PM,Unnamed Road Boston Ma,-71.084342,42.346210
254063,9/15/12 2:56 PM,830 Beacon St Boston Ma,-71.102972,42.347110
254387,9/16/12 2:34 PM,850 Boylston St Boston Ma 02199,-71.083028,42.348485
254938,9/12/12 6:23 PM,Unnamed Road Boston Ma,-71.122435,42.368090
255132,9/9/12 4:37 PM,60 Commonwealth Ave Boston Ma 02116,-71.074340,42.352580
255841,9/15/12 4:47 PM,18 Kilmarnock St Boston Ma 02215,-71.100057,42.344050
255989,9/15/12 5:30 PM,Arlington St Boston Ma,-71.070957,42.352815
256329,9/8/12 1:37 PM,10 Central Wharf Boston Ma 02110,-71.050753,42.358978
256809,9/16/12 5:21 PM,270 Northern Ave Boston Ma 02210,-71.038278,42.348532
258143,9/12/12 6:13 PM,690 Newbury St Boston Ma 02215,-71.097248,42.348238
259598,9/9/12 3:38 PM,13 Avery St Boston Ma,-71.063050,42.353248
259935,9/8/12 1:10 PM,Unnamed Road Boston Ma,-71.068622,42.362477
260119,9/16/12 1:07 PM,99 Huntington Ave Boston Ma,-71.079195,42.347147
260316,9/8/12 1:34 PM,562 Tremont St Boston Ma 02118,-71.072107,42.343745
261844,9/10/12 1:09 PM,150 State St Boston Ma 02109,-71.054213,42.359323
262004,9/13/12 12:18 PM,325 Dartmouth St Boston Ma 02116,-71.078707,42.352955
262188,9/8/12 4:09 PM,Unnamed Road Boston Ma,-71.021768,42.365025
262805,9/8/12 5:04 PM,10 Hudson St Boston Ma 02111,-71.059988,42.350708
263473,9/8/12 4:09 PM,50 Seaport Ln Boston Ma 02210,-71.041262,42.349213
264596,9/13/12 4:27 PM,Unnamed Road Boston Ma,-71.054128,42.355855
264774,9/13/12 4:51 PM,40 Trilling Way Boston Ma 02210,-71.039860,42.348122
264950,9/7/12 4:27 PM,101 Tremont St Boston Ma 02108,-71.061373,42.357445
265290,9/10/12 3:49 PM,690 Boylston St Boston Ma 02116,-71.079142,42.349523
265620,9/9/12 4:05 PM,30 Reedsdale St Boston Ma 02134,-71.129820,42.352297
266433,9/13/12 3:41 PM,50 N North Grove St Boston Ma,-71.068608,42.361806
266609,9/9/12 12:54 PM,120 Dartmouth St Boston Ma 02116,-71.075520,42.346648
267239,9/24/12 3:39 PM,Unnamed Road Boston Ma,-71.017150,42.366425
268341,9/14/12 3:28 PM,10 Newbury St Boston Ma 02116,-71.071435,42.352515
269475,9/14/12 5:17 PM,290 Washington St Boston Ma 02108,-71.058413,42.357183
269969,9/9/12 2:04 PM,Unnamed Road Boston Ma,-71.019865,42.363236
270115,9/17/12 2:48 PM,40 Pearl St Boston Ma 02110,-71.054870,42.356388
272186,9/9/12 1:12 PM,Charlesgate Boston Ma,-71.092405,42.349243
272501,9/16/12 2:57 PM,Unnamed Road Boston Ma,-71.021343,42.364988
273180,9/8/12 12:49 PM,535 Washington St Boston Ma 02135,-71.163895,42.349415
273503,9/16/12 4:14 PM,Battery Wharf Boston Ma,-71.050970,42.366822
274491,9/11/12 4:54 PM,547 Tremont St Boston Ma 02116,-71.071515,42.344128
274809,9/8/12 3:08 PM,60 Broad St Boston Ma 02110,-71.053418,42.357990
275803,9/12/12 5:05 PM,Unnamed Road Boston Ma,-71.017232,42.366415
276477,9/14/12 1:44 PM,228 Summer St Boston Ma 02210,-71.053803,42.351943
276641,9/14/12 1:58 PM,180 State St Boston Ma,-71.053218,42.359492
277147,9/13/12 1:50 PM,10 Melcher St Boston Ma 02210,-71.051137,42.350453
277491,9/8/12 4:49 PM,40 Peterborough St Boston Ma 02215,-71.096853,42.343887
280185,9/8/12 5:01 PM,230 Providence St Boston Ma 02116,-71.073037,42.350692
280509,9/8/12 5:10 PM,545 Tremont St Boston Ma 02116,-71.071382,42.344165
281209,9/9/12 12:38 PM,180 Dartmouth St Boston Ma 02116,-71.076755,42.348518
282128,9/8/12 5:49 PM,190 Merrimac St Boston Ma 02114,-71.063340,42.363853
282640,9/18/12 2:17 PM,739 Atlantic Ave Boston Ma 02111,-71.056437,42.350692
285559,9/14/12 1:41 PM,40 Black Falcon Ave Boston Ma 02210,-71.031377,42.344117
286040,9/13/12 2:34 PM,50 Fargo St Boston Ma 02210,-71.043730,42.346075
286184,9/18/12 2:30 PM,100 St James Ave Boston Ma 02116,-71.074628,42.349955
286487,9/9/12 3:20 PM,70 State St Boston Ma 02109,-71.056188,42.358952
286643,9/18/12 2:50 PM,620 Atlantic Ave Boston Ma 02111,-71.055362,42.352368
287461,9/10/12 1:41 PM,Commonwealth Ave @ Massachusetts Ave Boston Ma 02215,-71.088967,42.348942
287777,9/26/12 4:18 PM,1080 Boylston St Boston Ma 02215,-71.087988,42.347153
288389,9/26/12 5:28 PM,810 Boylston St Boston Ma 02199,-71.082348,42.348733
290023,9/15/12 12:23 PM,Unnamed Road Boston Ma,-71.020753,42.364532
290648,9/9/12 4:05 PM,Unnamed Road Boston Ma,-71.123343,42.368447
291341,9/13/12 6:06 PM,Unnamed Road Boston Ma,-71.020310,42.369583
292322,9/10/12 5:46 PM,70 Park Sq Boston Ma 02116,-71.067497,42.350983
292672,9/8/12 1:30 PM,Unnamed Road Boston Ma,-71.120257,42.364683
292830,9/11/12 1:53 PM,98 Newbury St Boston Ma 02116,-71.075552,42.351462
293538,9/10/12 3:55 PM,Unnamed Road Boston Ma,-71.021587,42.364942
294489,9/11/12 4:59 PM,820 Boylston St Boston Ma 02199,-71.082525,42.348598
294660,9/11/12 5:19 PM,830 Washington St Boston Ma 02111,-71.063823,42.349065
295175,9/10/12 1:28 PM,Unnamed Road Boston Ma,-71.068577,42.362798
295533,9/10/12 5:36 PM,Unnamed Road Boston Ma,-71.019293,42.362613
295707,9/8/12 3:33 PM,141 Kneeland St Boston Ma 02111,-71.058618,42.349823
296224,9/10/12 1:38 PM,195 Stuart St Boston Ma 02116,-71.067495,42.350768
297072,9/10/12 3:29 PM,242 Huntington Ave Boston Ma,-71.086395,42.341472
297237,9/10/12 3:40 PM,60 Ashburton Pl Boston Ma 02108,-71.062047,42.359020
298314,9/9/12 3:11 PM,Unnamed Road Boston Ma,-71.062977,42.328452
298470,9/14/12 4:39 PM,3 Dorchester Ave Boston Ma,-71.052352,42.352093
298629,9/14/12 4:56 PM,120 Franklin St Boston Ma 02110,-71.056893,42.355703
298780,9/13/12 2:53 PM,30 Pearl St Boston Ma 02110,-71.055307,42.356640
298934,9/27/12 12:56 PM,99 Oxford St Boston Ma 02111,-71.060272,42.351368
299408,9/8/12 5:58 PM,160 Washington St Boston Ma 02108,-71.057998,42.358478
299723,9/13/12 3:50 PM,Unnamed Road Boston Ma,-71.021872,42.365068
301657,9/13/12 6:29 PM,Commonwealth Ave @ Beacon St Boston Ma 02215,-71.096238,42.348805
302179,9/12/12 5:50 PM,Unnamed Road Boston Ma,-71.018118,42.363032
302357,9/12/12 5:51 PM,Commonwealth Ave @ Beacon St Boston Ma,-71.098498,42.349243
302503,9/15/12 1:50 PM,100 New Edgerly Rd Boston Ma 02115,-71.087068,42.343657
303001,9/15/12 5:09 PM,210 Brookline Ave Boston Ma 02215,-71.102218,42.343775
304494,9/19/12 2:10 PM,40 Fruit St Boston Ma 02114,-71.069210,42.363017
305307,9/19/12 2:31 PM,Unnamed Road Boston Ma,-71.019588,42.362645
306297,9/14/12 12:16 PM,Unnamed Road Boston Ma,-71.021787,42.365030
307543,9/14/12 3:15 PM,157 Charles St Boston Ma 02114,-71.070883,42.360360
307870,9/19/12 3:54 PM,Unnamed Road Boston Ma,-71.017017,42.366688
309643,9/28/12 3:37 PM,4 Custom House St Boston Ma 02110,-71.053208,42.357863
310314,9/12/12 12:17 PM,54 Fargo St Boston Ma 02210,-71.043532,42.345868
310874,9/9/12 2:08 PM,40 Trilling Way Boston Ma 02210,-71.039833,42.348247
311203,9/12/12 12:59 PM,760 Washington St Boston Ma 02111,-71.063555,42.349897
311690,9/14/12 4:06 PM,589 Tremont St Boston Ma 02118,-71.073192,42.343212
312002,9/11/12 12:27 PM,Commonwealth Ave @ Massachusetts Ave Boston Ma 02215,-71.089073,42.348885
313341,9/14/12 2:44 PM,280 Devonshire St Boston Ma 02110,-71.057865,42.354240
313510,9/14/12 5:49 PM,263 Dartmouth St Boston Ma 02116,-71.077493,42.350430
313818,9/9/12 3:28 PM,Unnamed Road Boston Ma,-71.021917,42.365090
314651,9/14/12 3:58 PM,95 Causeway St Boston Ma 02114,-71.062100,42.365253
315459,9/11/12 1:40 PM,90 St James Ave Boston Ma 02116,-71.074086,42.350116
315597,9/12/12 4:05 PM,30 Park Plz Boston Ma 02116,-71.069800,42.351298
315761,9/11/12 3:58 PM,Unnamed Road Boston Ma,-71.021850,42.365028
316083,9/19/12 12:51 PM,30 Francis St Boston Ma 02215,-71.106053,42.335293
316710,9/10/12 1:17 PM,96 Huntington Ave Boston Ma,-71.079422,42.347133
316851,9/12/12 6:06 PM,30 Museum Rd Boston Ma 02115,-71.095383,42.338468
317167,9/11/12 2:55 PM,200 Summer St Boston Ma 02210,-71.055042,42.352590
318754,9/11/12 3:50 PM,190 Ipswich St Boston Ma,-71.095357,42.346172
319076,9/12/12 2:19 PM,Batterymarch Arm Boston Ma,-71.053305,42.357537
319396,9/13/12 12:33 PM,60 Park Sq Boston Ma 02116,-71.067577,42.351057
320050,9/15/12 2:10 PM,260 Milk St Boston Ma 02109,-71.051425,42.358762
320654,9/29/12 4:55 PM,70 Northern Ave Boston Ma 02210,-71.045838,42.352982
320963,9/16/12 2:03 PM,50 Tremont Pl Boston Ma 02108,-71.061572,42.358043
321121,9/15/12 3:31 PM,62 L St Boston Ma 02127,-71.035413,42.335762
322120,9/15/12 4:39 PM,175 Boylston St Boston Ma 02116,-71.067158,42.352470
322452,9/11/12 3:59 PM,360 Beacon St Boston Ma 02116,-71.083757,42.352422
322625,9/14/12 2:41 PM,I-90 @ Dartmouth St Boston Ma,-71.075982,42.347665
322786,9/9/12 2:52 PM,500 Beacon St Boston Ma 02215,-71.089763,42.350823
323313,9/11/12 4:39 PM,96 Causeway St Boston Ma 02114,-71.062025,42.365293
323472,9/14/12 3:42 PM,80 Miner St Boston Ma 02215,-71.103020,42.346357
323632,9/9/12 3:37 PM,384 Summer St Boston Ma,-71.044428,42.347462
323815,9/15/12 6:03 PM,8 Piedmont St Boston Ma 02116,-71.067618,42.350047
324313,9/13/12 4:33 PM,Unnamed Road Boston Ma,-71.021711,42.364977
324813,9/13/12 5:06 PM,92 Exeter St Boston Ma 02116,-71.078872,42.348270
325656,9/14/12 5:31 PM,200 Boylston St Boston Ma 02116,-71.068587,42.352463
326186,9/16/12 2:09 PM,25 Huntington Ave Boston Ma,-71.077552,42.348758
327100,9/16/12 3:19 PM,Unnamed Road Boston Ma,-71.019693,42.369292
329624,9/20/12 2:53 PM,Beacon St @ Commonwealth Ave Boston Ma,-71.098063,42.348502
329959,9/30/12 12:28 PM,110 Huntington Ave Boston Ma,-71.081157,42.345512
330282,9/17/12 12:47 PM,25 Charles St Boston Ma 02114,-71.069888,42.356893
330955,9/30/12 2:42 PM,480 Columbus Ave Boston Ma 02118,-71.078883,42.342935
331293,9/30/12 3:03 PM,20 Tremont St Boston Ma,-71.060125,42.358420
334097,9/15/12 3:13 PM,330 Massachusetts Ave Boston Ma 02115,-71.084435,42.342468
334728,9/12/12 2:11 PM,218 Berkeley St Boston Ma 02116,-71.072805,42.350870
334902,9/20/12 3:09 PM,850 Boylston St Boston Ma 02199,-71.083078,42.348503
335416,9/17/12 12:43 PM,480 W Broadway Boston Ma 02127,-71.046092,42.335653
335736,9/20/12 4:39 PM,Unnamed Road Boston Ma,-71.017003,42.366473
335883,9/11/12 1:18 PM,Unnamed Road Boston Ma,-71.084255,42.346150
336055,9/20/12 5:10 PM,460 Marlborough St Boston Ma 02115,-71.090315,42.349782
337054,9/12/12 3:32 PM,10 Common St Boston Ma,-71.064158,42.349060
338407,9/15/12 2:10 PM,6 Central Wharf Boston Ma 02110,-71.050938,42.358847
338735,9/12/12 4:43 PM,Unnamed Road Boston Ma,-71.080655,42.348553
339557,9/10/12 12:10 PM,Commonwealth Ave @ E Charlesgate Boston Ma,-71.091298,42.349195
339859,9/11/12 5:16 PM,Unnamed Road Boston Ma,-71.021220,42.364762
340014,9/15/12 2:54 PM,Huntington Ave @ I-90 Boston Ma,-71.077485,42.348568
341374,9/11/12 2:14 PM,Unnamed Road Boston Ma,-71.019023,42.363191
341696,9/12/12 12:11 PM,Unnamed Road Boston Ma,-71.019620,42.363840
341849,9/13/12 3:30 PM,Unnamed Road Boston Ma,-71.019902,42.369350
342163,9/11/12 3:31 PM,Unnamed Road Boston Ma,-71.020815,42.369770
342614,9/12/12 12:18 PM,Unnamed Road Boston Ma,-71.021802,42.365012
343861,9/15/12 4:36 PM,41 Union St Boston Ma,-71.057197,42.361223
344499,9/9/12 5:21 PM,1220 Commonwealth Ave Boston Ma,-71.130833,42.350685
344816,9/11/12 1:48 PM,Unnamed Road Boston Ma,-71.036590,42.312613
345007,9/12/12 1:48 PM,30 Black Falcon Ave Boston Ma 02210,-71.032097,42.344143
345344,9/13/12 5:30 PM,Unnamed Road Boston Ma,-71.021858,42.365047
346185,9/15/12 5:58 PM,20 Blossom St Boston Ma 02114,-71.066828,42.361633
346520,9/16/12 1:15 PM,Avenue Of The Arts Boston Ma,-71.086468,42.341690
346872,9/21/12 2:28 PM,40 Beacon St Boston Ma,-71.066060,42.356915
348467,9/12/12 4:33 PM,70 Black Falcon Ave Boston Ma 02210,-71.028912,42.343903
348642,9/21/12 12:33 PM,750 Atlantic Ave Boston Ma 02111,-71.056542,42.350437
349465,9/12/12 6:01 PM,427 Huntington Ave Boston Ma,-71.092457,42.339038
349927,9/21/12 3:43 PM,Unnamed Road Boston Ma,-71.017092,42.366835
350606,9/11/12 5:32 PM,1230 Boylston St Boston Ma 02215,-71.094678,42.345483
350776,9/21/12 5:43 PM,Unnamed Road Boston Ma,-71.019223,42.362907
350931,9/21/12 5:44 PM,Essex St Boston Ma,-71.057283,42.352138
351084,9/21/12 6:10 PM,390 Atlantic Ave Boston Ma 02110,-71.050758,42.355932
351239,9/12/12 4:30 PM,Unnamed Road Boston Ma,-71.022047,42.365147
352334,9/13/12 4:53 PM,150 St James Ave Boston Ma 02116,-71.076615,42.349483
352503,9/13/12 4:51 PM,540 Brookline Ave Boston Ma 02215,-71.110478,42.335917
353151,9/18/12 3:32 PM,80 Temple Pl Boston Ma 02111,-71.061578,42.354807
353466,9/18/12 3:53 PM,297 Purchase St Boston Ma,-71.056250,42.353010
353647,9/18/12 4:05 PM,10 Bowdoin St Boston Ma 02108,-71.062907,42.360987
354408,9/10/12 2:01 PM,Unnamed Road Boston Ma,-71.019247,42.369100
355548,9/11/12 1:46 PM,31 Boylston St Boston Ma 02116,-71.063458,42.352398
356226,9/14/12 4:31 PM,80 Merrimac St Boston Ma 02114,-71.061563,42.363657
357763,9/11/12 2:46 PM,100 Congress St Boston Ma 02110,-71.056255,42.356797
358135,9/15/12 5:16 PM,70 Bradford St Boston Ma 02118,-71.068245,42.343007
358298,9/15/12 5:31 PM,10 Clinton St Boston Ma 02109,-71.055298,42.360653
359011,9/12/12 12:56 PM,Fort Hill Wharf Boston Ma,-71.052794,42.353179
360497,9/18/12 1:14 PM,600 Huntington Ave Boston Ma,-71.098085,42.336630
362047,9/17/12 6:08 PM,Unnamed Road Boston Ma,-71.076043,42.351597
362541,9/11/12 5:42 PM,66 Brookline Ave Boston Ma 02215,-71.098697,42.347150
363019,9/13/12 1:00 PM,51 Dalton St Boston Ma,-71.085177,42.347173
364440,9/12/12 5:52 PM,190 Richmond St Boston Ma 02109,-71.054608,42.363637
366257,9/16/12 4:46 PM,50 Francis St Boston Ma 02215,-71.107285,42.335953
366711,9/13/12 3:44 PM,30 Binney St Boston Ma 02115,-71.107913,42.336552
367026,9/14/12 12:17 PM,39 Harvard St Boston Ma 02111,-71.061848,42.349693
367180,9/14/12 12:34 PM,Unnamed Road Boston Ma,-71.019307,42.369123
368022,9/17/12 3:24 PM,3 Beacon St Boston Ma 02116,-71.060550,42.358072
369847,9/19/12 12:17 PM,120 Marlborough St Boston Ma 02116,-71.077198,42.353317
370318,9/22/12 1:51 PM,250 Commonwealth Ave Boston Ma 02116,-71.082647,42.350425
371124,9/22/12 4:16 PM,160 Atlantic Ave Boston Ma 02110,-71.052022,42.360327
371282,9/19/12 2:55 PM,Commonwealth Ave Boston Ma,-71.118390,42.351288
371449,9/22/12 4:33 PM,60 Exeter St Boston Ma 02116,-71.079308,42.349237
371609,9/19/12 2:49 PM,50 Tremont St Boston Ma,-71.059865,42.359398
371782,9/19/12 2:56 PM,50 Waverly Pl Boston Ma,-71.056352,42.352513
373346,9/23/12 1:10 PM,Unnamed Road Boston Ma,-71.022015,42.365095
373512,9/11/12 12:28 PM,70 Exeter St Boston Ma 02116,-71.079207,42.349120
373678,9/23/12 1:55 PM,10 Stuart St Boston Ma 02116,-71.063328,42.351075
374517,9/18/12 1:37 PM,60 Hemenway St Boston Ma 02115,-71.089690,42.344787
375624,9/18/12 2:51 PM,110 Stuart St Boston Ma 02116,-71.065445,42.351148
375935,9/19/12 3:10 PM,68 Beacon St Boston Ma,-71.069675,42.356103
376356,9/10/12 5:22 PM,790 Boylston St Boston Ma 02199,-71.082055,42.348757
376962,9/19/12 1:28 PM,80 Gloucester St Boston Ma 02115,-71.083810,42.348612
377107,9/15/12 3:40 PM,Unnamed Road Boston Ma,-71.016918,42.366327
377404,9/19/12 1:59 PM,10 Newbury St Boston Ma 02116,-71.071207,42.352628
377735,9/10/12 6:06 PM,50 Boylston Sq Boston Ma 02116,-71.062752,42.351850
377909,9/19/12 6:04 PM,70 Boston Pl Boston Ma 02108,-71.058515,42.358502
378079,9/13/12 5:58 PM,40 Newbury St Boston Ma 02116,-71.073058,42.352103
380106,9/12/12 3:22 PM,53 Fargo St Boston Ma 02210,-71.043602,42.346098
380781,9/12/12 3:47 PM,270 Tremont St Boston Ma 02116,-71.065205,42.349862
381289,9/16/12 2:42 PM,50 Lansdowne St Boston Ma 02215,-71.096662,42.347148
382005,9/16/12 3:14 PM,1189 Commonwealth Ave Boston Ma,-71.129362,42.350737
383037,9/24/12 2:23 PM,270 Friend St Boston Ma 02114,-71.061513,42.364865
383408,9/24/12 3:26 PM,460 Huntington Ave Boston Ma,-71.093677,42.338935
383600,9/11/12 4:55 PM,70 Causeway St Boston Ma 02114,-71.062577,42.364735
384130,9/18/12 4:37 PM,120 Huntington Ave Boston Ma,-71.081008,42.345803
385697,9/18/12 1:03 PM,Unnamed Road Boston Ma,-71.021523,42.364873
385870,9/18/12 6:01 PM,Unnamed Road Boston Ma,-71.077837,42.351267
386726,9/13/12 3:34 PM,Unnamed Road Boston Ma,-71.088657,42.349067
388497,9/11/12 2:00 PM,210 Tremont St Boston Ma 02116,-71.064690,42.351873
389122,9/20/12 1:43 PM,I-93 Boston Ma,-71.052442,42.354683
389491,9/14/12 4:01 PM,646 Tremont St Boston Ma 02118,-71.075170,42.342110
390148,9/23/12 2:03 PM,30 Black Falcon Ave Boston Ma 02210,-71.032003,42.344040
390278,9/20/12 12:28 PM,680 E Broadway Boston Ma 02127,-71.037842,42.335608
390429,9/25/12 12:23 PM,12 Mount Vernon St Boston Ma 02108,-71.064710,42.358377
390594,9/23/12 2:55 PM,Unnamed Road Boston Ma,-71.019200,42.369070
390918,9/25/12 1:48 PM,Charles St @ Fruit St Boston Ma,-71.070622,42.362587
392039,9/25/12 4:42 PM,Unnamed Road Boston Ma,-71.021838,42.365075
393652,9/12/12 12:42 PM,Unnamed Road Boston Ma,-71.056637,42.344128
393811,9/14/12 3:14 PM,40 Trilling Way Boston Ma 02210,-71.039902,42.348173
394122,9/23/12 3:34 PM,60 Middle St Boston Ma 02127,-71.055245,42.331558
394273,9/20/12 3:51 PM,22 Charles St Boston Ma 02114,-71.069760,42.356840
394431,9/19/12 4:05 PM,40 Park Plz Boston Ma 02116,-71.070217,42.351355
394614,9/20/12 2:06 PM,Unnamed Road Boston Ma,-71.022183,42.365313
394787,9/20/12 5:02 PM,880 Boylston St Boston Ma 02199,-71.083728,42.348353
394932,9/20/12 5:20 PM,Commonwealth Ave @ Kenmore St Boston Ma 02215,-71.095215,42.348732
396833,9/11/12 2:38 PM,728 Commonwealth Ave Boston Ma,-71.105118,42.349667
398557,9/12/12 3:59 PM,120 Huntington Ave Boston Ma,-71.081173,42.345808
400432,9/19/12 2:34 PM,450 Park Dr Boston Ma,-71.104527,42.345657
400761,9/26/12 1:45 PM,97 Huntington Ave Boston Ma,-71.079303,42.347082
401646,9/26/12 3:20 PM,Unnamed Road Boston Ma,-71.021918,42.365092
402373,9/13/12 1:26 PM,70 State St Boston Ma 02109,-71.056447,42.359160
402877,9/11/12 4:30 PM,111 Causeway St Boston Ma 02114,-71.061402,42.365662
405453,9/13/12 2:47 PM,Unnamed Road Boston Ma,-71.021630,42.364987
405931,9/11/12 2:51 PM,50 Trilling Way Boston Ma 02210,-71.039695,42.348143
406098,9/19/12 2:28 PM,Unnamed Road Boston Ma,-71.017105,42.366873
408432,9/24/12 2:14 PM,110 Harrison Ave Boston Ma 02111,-71.061692,42.350533
408586,9/19/12 4:45 PM,Unnamed Road Boston Ma,-71.016940,42.366307
408933,9/24/12 2:43 PM,Unnamed Road Boston Ma,-71.064323,42.285212
409243,9/20/12 2:34 PM,I-93 Boston Ma,-71.051292,42.356587
409748,9/20/12 3:10 PM,30 Francis St Boston Ma 02215,-71.106286,42.335154
410080,9/11/12 5:27 PM,260 Tremont St Boston Ma 02116,-71.065185,42.350045
411048,9/24/12 1:10 PM,63 Kilby St Boston Ma 02109,-71.054950,42.357608
411993,9/27/12 2:47 PM,30 Black Falcon Ave Boston Ma 02210,-71.031760,42.344095
412160,9/21/12 2:38 PM,Unnamed Road Boston Ma,-71.017042,42.366213
412990,9/24/12 2:32 PM,Unnamed Road Boston Ma,-71.080775,42.346610
416323,9/17/12 1:36 PM,Unnamed Road Boston Ma,-71.017282,42.366805
417866,9/18/12 1:09 PM,1330 Boylston St Boston Ma 02215,-71.098805,42.344410
419171,9/19/12 4:40 PM,110 Tremont St Boston Ma 02108,-71.061583,42.357120
419672,9/13/12 3:46 PM,210 Mount Vernon St Boston Ma,-71.048827,42.319588
420195,9/20/12 2:23 PM,Avenue De Lafayette Boston Ma,-71.060690,42.353270
421215,9/13/12 2:02 PM,430 Massachusetts Ave Boston Ma 02118,-71.082247,42.340817
422738,9/28/12 2:53 PM,50 Commonwealth Ave Boston Ma 02116,-71.074163,42.352798
423210,9/16/12 2:40 PM,180 Lincoln St Boston Ma 02111,-71.058818,42.350250
423373,9/13/12 4:13 PM,Unnamed Road Boston Ma,-71.058762,42.357393
423715,9/21/12 2:08 PM,Unnamed Road Boston Ma,-71.016970,42.366308
423873,9/21/12 2:28 PM,26 Gloucester St Boston Ma 02115,-71.084785,42.350380
424042,9/20/12 5:23 PM,Unnamed Road Boston Ma,-71.041062,42.349005
424348,9/16/12 3:58 PM,70 Canal St Boston Ma 02114,-71.059643,42.364450
424684,9/13/12 3:24 PM,740 Washington St Boston Ma 02111,-71.063513,42.350187
425001,9/13/12 5:41 PM,Unnamed Road Boston Ma,-71.021943,42.365072
426258,9/22/12 1:41 PM,30 Chapman Pl Boston Ma,-71.059905,42.357715
426562,9/22/12 1:54 PM,Unnamed Road Boston Ma,-71.020468,42.369655
427040,9/22/12 3:10 PM,688 Atlantic Ave Boston Ma 02111,-71.056063,42.352093
427207,9/25/12 4:06 PM,Unnamed Road Boston Ma,-71.120291,42.364526
427691,9/15/12 4:55 PM,70 Arlington St Boston Ma 02116,-71.070303,42.350533
428166,9/22/12 12:20 PM,290 Ipswich St Boston Ma 02215,-71.094393,42.347212
429510,9/13/12 5:24 PM,221 K St Boston Ma 02127,-71.037463,42.335517
431342,9/25/12 12:34 PM,Unnamed Road Boston Ma,-71.017020,42.366832
431686,9/22/12 4:53 PM,270 Atlantic Ave Boston Ma 02110,-71.050643,42.356188
432034,9/18/12 1:15 PM,60 Yawkey Way Boston Ma 02215,-71.098033,42.344873
432200,9/25/12 1:25 PM,Unnamed Road Boston Ma,-71.019995,42.362650
432856,9/25/12 2:12 PM,Unnamed Road Boston Ma,-71.022062,42.365100
434201,9/25/12 4:17 PM,400 Atlantic Ave Boston Ma 02110,-71.050867,42.355750
434999,9/29/12 2:35 PM,260 Boylston St Boston Ma 02116,-71.069460,42.352078
436153,9/29/12 4:32 PM,1890 Beacon St Brookline Ma 02445,-71.148553,42.336568
437172,9/19/12 12:23 PM,80 Sullivan Pl Boston Ma,-71.056778,42.354698
438491,9/20/12 2:27 PM,112 1st Ave Boston Ma,-71.050557,42.377293
440289,9/20/12 4:10 PM,80 Tremont St Boston Ma 02108,-71.060917,42.357805
440465,9/20/12 4:32 PM,Unnamed Road Boston Ma,-71.061260,42.328317
440609,9/20/12 4:31 PM,200 Commonwealth Ave Boston Ma 02116,-71.080393,42.351027
441046,9/21/12 1:21 PM,Brighton Ave @ Gardner St Boston Ma,-71.131877,42.353087
441887,9/14/12 5:47 PM,Unnamed Road Boston Ma,-71.040788,42.348965
442040,9/17/12 3:22 PM,198 Clarendon St Boston Ma 02116,-71.074705,42.349800
445533,9/22/12 5:00 PM,Unnamed Road Boston Ma,-71.054058,42.360713
445682,9/21/12 6:17 PM,69 Gloucester St Boston Ma 02115,-71.083962,42.348777
446159,9/30/12 12:56 PM,60 Evans Way Boston Ma 02115,-71.098735,42.337938
446510,9/22/12 5:41 PM,437 Atlantic Ave Boston Ma 02110,-71.052398,42.354182
447128,9/13/12 1:24 PM,Unnamed Road Boston Ma,-71.042043,42.350075
447285,9/13/12 1:56 PM,Commonwealth Ave @ Unnamed Road Boston Ma 02215,-71.089718,42.348815
447614,9/23/12 5:42 PM,70 Causeway St Boston Ma 02114,-71.062585,42.364728
449002,9/19/12 12:42 PM,30 Tremont Pl Boston Ma 02108,-71.061345,42.358167
450504,9/13/12 3:13 PM,20 Black Falcon Ave Boston Ma 02210,-71.032502,42.343967
450675,9/14/12 12:36 PM,Unnamed Road Boston Ma,-71.041042,42.349208
450857,9/23/12 5:16 PM,90 Newbury St Boston Ma 02116,-71.075167,42.351647
452857,9/26/12 1:20 PM,260 Summer St Boston Ma 02210,-71.050705,42.350342
455282,9/12/12 3:01 PM,50 Snow Pl Boston Ma 02135,-71.058215,42.354953
455964,9/12/12 3:32 PM,500 Boylston St Boston Ma 02116,-71.074458,42.350807
456153,9/14/12 2:06 PM,110 Milk St Boston Ma 02109,-71.054830,42.357382
456894,9/21/12 12:39 PM,Unnamed Road Boston Ma,-71.016968,42.366387
457567,9/13/12 6:00 PM,40 Park Plz Boston Ma 02116,-71.070103,42.351383
457911,9/21/12 2:53 PM,N144 Boston Ma,-71.059542,42.350513
458395,9/14/12 4:46 PM,71 Beacon St Boston Ma,-71.069918,42.356132
458748,9/21/12 3:50 PM,349 Longwood Ave Boston Ma 02215,-71.106452,42.338645
459237,9/20/12 3:33 PM,53 Edgerly Rd Boston Ma 02115,-71.087447,42.345017
459406,9/17/12 2:27 PM,Unnamed Road Boston Ma,-71.084307,42.346123
460067,9/13/12 12:30 PM,820 Boylston St Boston Ma 02199,-71.082578,42.348537
460232,9/14/12 5:38 PM,80 Emerson Pl Boston Ma 02114,-71.068222,42.364793
460397,9/24/12 1:04 PM,Unnamed Road Boston Ma,-71.016852,42.366247
460552,9/20/12 5:14 PM,Unnamed Road Boston Ma,-71.019220,42.369153
461334,9/17/12 5:31 PM,58 Huntington Ave Boston Ma,-71.079410,42.347293
461666,9/17/12 5:56 PM,Unnamed Road Boston Ma,-71.050882,42.356395
462268,9/24/12 5:48 PM,22 Myrtle St Boston Ma 02114,-71.065250,42.359347
465005,9/20/12 12:23 PM,9 Central Wharf Boston Ma 02110,-71.050777,42.359107
465352,9/22/12 3:19 PM,Evans Way Boston Ma,-71.098392,42.336955
465667,9/20/12 1:22 PM,Commonwealth Ave @ Massachusetts Ave Boston Ma 02215,-71.089023,42.348850
465833,9/24/12 2:01 PM,920 Commonwealth Ave Boston Ma,-71.117543,42.351498
467318,9/20/12 3:22 PM,160 Tremont St Boston Ma 02111,-71.063950,42.354797
467471,9/24/12 5:16 PM,Unnamed Road Boston Ma,-71.019303,42.369088
468134,9/13/12 3:16 PM,60 Brookline Ave Boston Ma 02215,-71.098535,42.347232
471603,9/13/12 5:08 PM,270 Beacon St Boston Ma 02116,-71.079545,42.353515
472665,9/27/12 4:07 PM,80 Haymarket Pl Boston Ma,-71.063305,42.353143
472979,9/17/12 3:02 PM,Commonwealth Ave @ Unnamed Road Boston Ma 02215,-71.088698,42.348998
475323,9/22/12 12:37 PM,60 State St Boston Ma 02109,-71.056632,42.359008
475491,9/21/12 1:05 PM,Unnamed Road Boston Ma,-71.019077,42.362826
476117,9/24/12 12:12 PM,210 Brookline Ave Boston Ma 02215,-71.102193,42.343848
476257,9/22/12 2:05 PM,946 Boylston St Boston Ma 02199,-71.086137,42.347718
476431,9/25/12 12:41 PM,60 Atlantic Ave Boston Ma 02110,-71.050920,42.362970
477448,9/24/12 1:57 PM,11 Sleeper St Boston Ma 02210,-71.049558,42.351457
477919,9/17/12 6:06 PM,20 Lathrop Pl Boston Ma 02113,-71.054172,42.363985
478084,9/14/12 5:23 PM,141 Kneeland St Boston Ma 02111,-71.058617,42.349763
480423,9/25/12 5:34 PM,190 Ipswich St Boston Ma,-71.095502,42.346205
480770,9/13/12 2:19 PM,139 Dartmouth St Boston Ma 02116,-71.075948,42.347122
480964,9/14/12 5:45 PM,90 Columbus Ave Boston Ma 02116,-71.070368,42.349852
484060,9/21/12 3:11 PM,349 Longwood Ave Boston Ma 02215,-71.106653,42.338692
485058,9/13/12 4:00 PM,200 Brookline Ave Boston Ma 02215,-71.101813,42.344083
485221,9/21/12 4:42 PM,96 Huntington Ave Boston Ma,-71.079437,42.347130
485388,9/21/12 4:59 PM,90 Milton Pl Boston Ma,-71.056225,42.354022
486182,9/13/12 4:33 PM,110 Kingston St Boston Ma 02111,-71.059420,42.352412
488747,9/26/12 1:57 PM,Unnamed Road Boston Ma,-71.019258,42.369052
489254,9/23/12 2:01 PM,850 Washington St Boston Ma 02111,-71.063962,42.348777
489613,9/20/12 1:21 PM,Unnamed Road Boston Ma,-71.017233,42.366147
490628,9/19/12 4:04 PM,760 Atlantic Ave Boston Ma 02111,-71.056502,42.350262
490790,9/23/12 4:03 PM,830 Boylston St Boston Ma 02199,-71.082738,42.348653
490952,9/23/12 4:27 PM,4 Harrison Ave Boston Ma 02111,-71.061083,42.353652
491598,9/26/12 12:09 PM,Atlantic Ave Boston Ma,-71.051667,42.359595
491755,9/18/12 5:12 PM,88 Exeter St Boston Ma 02116,-71.078952,42.348575
491898,9/26/12 5:59 PM,Charles St @ Cambridge St Boston Ma,-71.070603,42.361790
492200,9/25/12 3:16 PM,Unnamed Road Boston Ma,-71.020977,42.369827
492667,9/26/12 3:39 PM,40 N North Grove St Boston Ma,-71.068637,42.361655
492833,9/20/12 4:09 PM,330 Huntington Ave Boston Ma,-71.088382,42.340702
493928,9/25/12 5:12 PM,Unnamed Road Boston Ma,-71.020533,42.369342
494279,9/26/12 3:55 PM,432 Atlantic Ave Boston Ma 02110,-71.051642,42.354570
495417,9/23/12 2:24 PM,420 Marlborough St Boston Ma 02115,-71.088838,42.350085
495929,9/24/12 1:34 PM,110 Tremont St Boston Ma 02108,-71.061230,42.356857
496276,9/24/12 2:11 PM,2 St Cecilia St Boston Ma,-71.087422,42.347297
496795,9/23/12 4:47 PM,Unnamed Road Boston Ma,-71.019722,42.369375
497807,9/23/12 4:00 PM,Unnamed Road Boston Ma,-71.080380,42.346828
498285,9/23/12 4:22 PM,340 Huntington Ave Boston Ma,-71.088815,42.340488
499619,9/15/12 12:40 PM,200 State St Boston Ma,-71.052890,42.359393
500119,9/28/12 12:42 PM,160 Huntington Ave Boston Ma,-71.082817,42.344335
500429,9/14/12 3:58 PM,30 Blagden St Boston Ma 02116,-71.077680,42.349093
501407,9/22/12 2:01 PM,1740 Washington St Boston Ma 02118,-71.076817,42.336695
503258,9/27/12 1:21 PM,Commonwealth Ave @ Kenmore St Boston Ma 02215,-71.095063,42.348825
503579,9/27/12 2:05 PM,Unnamed Road Boston Ma,-71.094915,42.338822
503886,9/28/12 5:20 PM,30 Pearl St Boston Ma 02110,-71.055695,42.356378
504200,9/13/12 4:22 PM,70 Holyoke St Boston Ma 02116,-71.078135,42.344958
504350,9/14/12 2:47 PM,760 Atlantic Ave Boston Ma 02111,-71.056655,42.350337
504801,9/19/12 12:23 PM,320 Columbus Ave Boston Ma 02116,-71.074653,42.346383
506760,9/15/12 3:37 PM,Unnamed Road Boston Ma,-71.051137,42.373652
507059,9/14/12 4:04 PM,33 Exeter St Boston Ma 02116,-71.079803,42.350112
507819,9/17/12 12:17 PM,60 St James Ave Boston Ma 02116,-71.072993,42.350362
508287,9/26/12 1:38 PM,Unnamed Road Boston Ma,-71.050833,42.374852
508585,9/24/12 4:13 PM,40 Marlborough St Boston Ma 02116,-71.073678,42.354320
508749,9/20/12 3:54 PM,10 Central Wharf Boston Ma 02110,-71.050732,42.358947
509527,9/27/12 5:19 PM,890 Boylston St Boston Ma 02199,-71.083803,42.348233
510005,9/19/12 4:12 PM,98 Hathaway St Boston Ma 02110,-71.053460,42.353443
510174,9/27/12 6:04 PM,220 Bay State Road Boston Ma 02215,-71.103178,42.350635
510323,9/14/12 5:51 PM,6 Park St Boston Ma 02108,-71.062095,42.356655
511610,9/24/12 3:02 PM,30 North St Boston Ma 02113,-71.055953,42.360847
511932,9/25/12 4:44 PM,15 Boylston St Boston Ma 02116,-71.062947,42.352143
512099,9/25/12 4:59 PM,Commonwealth Ave @ Beacon St Boston Ma 02215,-71.096248,42.348740
516530,9/23/12 2:25 PM,710 E Broadway Boston Ma 02127,-71.036850,42.335600
517079,9/17/12 5:48 PM,515 Washington St Boston Ma 02111,-71.061872,42.354225
518423,9/25/12 1:39 PM,97 Congress St Boston Ma 02109,-71.056835,42.359897
518947,9/25/12 2:26 PM,850 Washington St Boston Ma 02111,-71.063792,42.348917
519629,9/25/12 3:19 PM,Unnamed Road Boston Ma,-71.036550,42.312605
521036,9/25/12 5:45 PM,735 Atlantic Ave Boston Ma 02111,-71.056137,42.350942
521555,9/14/12 1:36 PM,40 Buick St Boston Ma 02215,-71.115617,42.351757
522208,9/14/12 2:04 PM,Unnamed Road Boston Ma,-71.017103,42.366773
522682,9/14/12 3:10 PM,Unnamed Road Boston Ma,-71.018888,42.363123
524006,9/28/12 2:38 PM,70 E India Row Boston Ma 02110,-71.050613,42.358863
524524,9/25/12 4:19 PM,90 Estes Pl Boston Ma 02110,-71.054275,42.352252
525024,9/15/12 4:22 PM,95 Atlantic Ave Boston Ma 02110,-71.051163,42.362107
525171,9/27/12 2:00 PM,120 Huntington Ave Boston Ma,-71.081182,42.345790
525338,9/15/12 5:36 PM,90 School St Boston Ma 02108,-71.060105,42.358132
526003,9/28/12 3:54 PM,Park Plz Boston Ma,-71.067735,42.351612
526857,9/29/12 1:33 PM,50 Belvidere St Boston Ma 02115,-71.085020,42.346157
527189,9/28/12 2:38 PM,400 Newbury St Boston Ma 02116,-71.089423,42.348432
527337,9/28/12 3:01 PM,607 Commonwealth Ave Boston Ma,-71.100830,42.349162
527688,9/28/12 3:45 PM,29 Exeter St Boston Ma,-71.079922,42.350350
527999,9/28/12 4:57 PM,38 Irving St Boston Ma 02114,-71.066448,42.360125
528963,9/20/12 3:03 PM,Unnamed Road Boston Ma,-71.017163,42.366868
529436,9/14/12 5:33 PM,123 Causeway St Boston Ma 02114,-71.061057,42.365710
529895,9/25/12 12:10 PM,40 Park Plz Boston Ma 02116,-71.070235,42.351237
530698,9/25/12 12:31 PM,5 Quaker Ln Boston Ma 02109,-71.057050,42.358787
531016,9/26/12 4:48 PM,Huntington Ave @ I-90 Boston Ma,-71.078425,42.348173
531667,9/29/12 5:19 PM,80 Harbor St Boston Ma 02210,-71.035215,42.346262
532452,9/29/12 5:55 PM,250 Newbury St Boston Ma 02116,-71.082550,42.349553
533044,9/18/12 12:27 PM,20 Boates Ct Boston Ma 02110,-71.052697,42.355932
533857,9/25/12 2:36 PM,180 Warrenton St Boston Ma 02116,-71.066052,42.350998
534800,9/16/12 1:48 PM,30 Black Falcon Ave Boston Ma 02210,-71.032075,42.344298
535101,9/14/12 1:30 PM,280 Providence St Boston Ma 02116,-71.074568,42.350355
535420,9/15/12 2:40 PM,150 Beacon St Boston Ma 02116,-71.075013,42.354755
535907,9/14/12 2:10 PM,Commonwealth Ave Boston Ma,-71.120092,42.351803
536049,9/16/12 3:38 PM,Unnamed Road Boston Ma,-71.021727,42.364942
536543,9/14/12 4:41 PM,100 Blossom St Boston Ma 02114,-71.067318,42.363992
536846,9/14/12 2:52 PM,944 Boylston St Boston Ma 02199,-71.085965,42.347748
537010,9/14/12 6:08 PM,40 Long Wharf Boston Ma 02110,-71.050687,42.359902
537175,9/20/12 4:43 PM,Unnamed Road Boston Ma,-71.021733,42.364987
537515,9/16/12 5:16 PM,20 Long Wharf Boston Ma 02110,-71.050972,42.359955
537832,9/14/12 4:55 PM,Unnamed Road Boston Ma,-71.021980,42.365077
538026,9/18/12 5:27 PM,133 Salem St Boston Ma 02113,-71.055457,42.365247
538685,9/25/12 5:39 PM,270 Massachusetts Ave Boston Ma 02115,-71.086102,42.343872
538833,9/24/12 1:12 PM,Unnamed Road Boston Ma,-71.016902,42.366302
539175,9/24/12 1:38 PM,330 Stuart St Boston Ma 02116,-71.071995,42.349890
545176,9/22/12 4:20 PM,20 Chapman Pl Boston Ma,-71.059610,42.357707
549152,9/16/12 1:35 PM,270 Northern Ave Boston Ma 02210,-71.038327,42.348698
549819,9/16/12 3:29 PM,19 Anderson St Boston Ma 02114,-71.067945,42.360747
550630,9/26/12 5:09 PM,90 Tremont St Boston Ma 02108,-71.060755,42.357465
551152,9/15/12 2:58 PM,130 Brighton Ave Boston Ma,-71.131623,42.352902
551521,9/29/12 3:01 PM,10 Harvard Ave Boston Ma 02134,-71.132752,42.355228
551670,9/27/12 3:30 PM,60 North St Boston Ma 02113,-71.055558,42.360933
551854,9/15/12 4:14 PM,170 Westland Ave Boston Ma 02115,-71.089433,42.343988
552213,9/15/12 5:05 PM,55 Francis St Boston Ma 02215,-71.107652,42.336062
552395,9/29/12 3:32 PM,3 Beacon St Boston Ma 02116,-71.060612,42.358272
552864,9/15/12 1:17 PM,310 Huntington Ave Boston Ma,-71.087217,42.341112
553025,9/29/12 5:18 PM,225 Clarendon St Boston Ma 02116,-71.075592,42.351390
553343,9/17/12 3:10 PM,Unnamed Road Boston Ma,-71.023188,42.367412
553499,9/15/12 6:01 PM,Unnamed Road Boston Ma,-71.064475,42.363502
554137,9/27/12 6:13 PM,Commonwealth Ave @ Unnamed Road Boston Ma 02215,-71.089280,42.348795
554637,9/15/12 4:10 PM,720 Commonwealth Ave Boston Ma,-71.107392,42.350288
554786,9/30/12 1:35 PM,110 Warrenton St Boston Ma 02116,-71.065805,42.350540
556061,9/27/12 12:19 PM,9 Glenville Ave Boston Ma 02134,-71.131918,42.350947
557393,9/29/12 3:40 PM,40 Belvidere St Boston Ma 02115,-71.085522,42.346140
557536,9/19/12 12:25 PM,1310 Boylston St Boston Ma 02215,-71.098137,42.344535
558234,9/30/12 4:47 PM,Unnamed Road Boston Ma,-71.017057,42.366640
558557,9/26/12 1:17 PM,10 Blossom St Boston Ma 02114,-71.066791,42.361396
559005,9/15/12 4:41 PM,770 Atlantic Ave Boston Ma 02111,-71.056607,42.350115
559158,9/19/12 1:34 PM,Unnamed Road Boston Ma,-71.020133,42.362960
559984,9/26/12 2:05 PM,540 Massachusetts Ave Boston Ma,-71.080095,42.339197
561642,9/26/12 4:58 PM,Unnamed Road Boston Ma,-71.084288,42.346248
561811,9/21/12 5:03 PM,48 Stanhope St Boston Ma 02116,-71.074008,42.348508
561977,9/17/12 3:03 PM,97 Huntington Ave Boston Ma,-71.079310,42.347140
562597,9/21/12 6:20 PM,Unnamed Road Boston Ma,-71.019928,42.369413
563081,9/26/12 5:18 PM,Huntington Ave @ I-90 Boston Ma,-71.077670,42.348570
563249,9/17/12 5:36 PM,Unnamed Road Boston Ma,-71.016977,42.366278
563399,9/16/12 4:36 PM,Unnamed Road Boston Ma,-71.084370,42.346195
563706,9/26/12 5:42 PM,180 Newbury St Boston Ma 02116,-71.079272,42.350590
565796,9/29/12 4:24 PM,Unnamed Road Boston Ma,-71.071665,42.351873
566756,9/29/12 5:12 PM,38 Gloucester St Boston Ma 02115,-71.084200,42.349255
567209,9/22/12 12:57 PM,860 Boylston St Boston Ma 02199,-71.083328,42.348357
568868,9/22/12 1:38 PM,60 Black Falcon Ave Boston Ma 02210,-71.029197,42.344065
569370,9/22/12 1:38 PM,30 Black Falcon Ave Boston Ma 02210,-71.031823,42.344102
570806,9/18/12 1:43 PM,140 Oliver St Boston Ma 02110,-71.052913,42.355668
571170,9/27/12 12:33 PM,160 Washington St Boston Ma 02108,-71.057925,42.358482
571860,9/22/12 4:41 PM,190 Newbury St Boston Ma 02116,-71.079750,42.350365
572352,9/30/12 2:10 PM,748 Atlantic Ave Boston Ma 02111,-71.056445,42.350477
572516,9/16/12 1:28 PM,80 Fairfield St Boston Ma 02116,-71.081912,42.349237
573991,9/28/12 3:27 PM,70 Belvidere St Boston Ma 02115,-71.084190,42.346015
574659,9/28/12 5:24 PM,67 Revere St Boston Ma 02114,-71.068670,42.359588
575175,9/17/12 4:29 PM,180 Franklin St Boston Ma 02110,-71.055413,42.355900
576337,9/16/12 12:54 PM,210 W Springfield St Boston Ma 02118,-71.079993,42.340110
579531,9/16/12 4:05 PM,20 Long Wharf Boston Ma 02110,-71.050920,42.359913
579702,9/28/12 5:28 PM,126 Causeway St Boston Ma 02114,-71.060933,42.365750
580556,9/25/12 1:26 PM,Unnamed Road Boston Ma,-71.020837,42.364573
580706,9/28/12 6:15 PM,Unnamed Road Boston Ma,-71.017753,42.366888
581218,9/16/12 1:14 PM,Unnamed Road Boston Ma,-71.041050,42.349000
581396,9/16/12 1:36 PM,Unnamed Road Boston Ma,-71.021943,42.365133
582203,9/30/12 1:52 PM,5 Park St Boston Ma 02108,-71.062335,42.356840
582667,9/26/12 12:49 PM,Unnamed Road Boston Ma,-71.084238,42.346073
582840,9/16/12 3:01 PM,120 Stuart St Boston Ma 02116,-71.065527,42.351165
583364,9/23/12 5:33 PM,270 Northern Ave Boston Ma 02210,-71.038123,42.348470
583547,9/18/12 4:36 PM,Unnamed Road Boston Ma,-71.017125,42.366288
583894,9/18/12 1:35 PM,Unnamed Road Boston Ma,-71.082472,42.348482
584825,9/16/12 4:31 PM,143 Dartmouth St Boston Ma 02116,-71.076095,42.347365
585151,9/30/12 5:56 PM,Unnamed Road Boston Ma,-71.018927,42.362982
586005,9/30/12 3:25 PM,74 Broad St Boston Ma 02110,-71.053102,42.357667
587313,9/26/12 4:33 PM,19 Marshall St Boston Ma,-71.056947,42.361517
587968,9/26/12 5:08 PM,Unnamed Road Boston Ma,-71.020865,42.369855
588291,9/18/12 6:01 PM,765 Boylston St Boston Ma 02116,-71.081686,42.348967
588445,9/29/12 12:57 PM,436 Atlantic Ave Boston Ma 02110,-71.052320,42.354347
588601,9/18/12 1:53 PM,6 Province St Boston Ma 02108,-71.059188,42.357498
588747,9/29/12 1:11 PM,20 Newbury St Boston Ma 02116,-71.072110,42.352537
590478,9/17/12 2:26 PM,30 Park Plz Boston Ma 02116,-71.069860,42.351532
590651,9/29/12 2:37 PM,40 Oliver St Boston Ma 02110,-71.053828,42.356527
591778,9/29/12 3:57 PM,163 Northern Ave Boston Ma 02210,-71.043122,42.350775
592242,9/18/12 5:22 PM,291 Congress St Boston Ma 02210,-71.052800,42.352787
593026,9/28/12 1:38 PM,Unnamed Road Boston Ma,-71.019338,42.362663
594118,9/23/12 12:19 PM,Unnamed Road Boston Ma,-71.016812,42.366312
594426,9/18/12 3:58 PM,49 Fargo St Boston Ma 02210,-71.043663,42.346093
595541,9/18/12 5:06 PM,Unnamed Road Boston Ma,-71.064273,42.363392
596182,9/23/12 1:09 PM,2 Mount Vernon St Boston Ma 02108,-71.062898,42.358740
596689,9/23/12 2:01 PM,40 Newbury St Boston Ma 02116,-71.073092,42.352098
597355,9/29/12 4:33 PM,Stuart St @ Eliot St Boston Ma 02116,-71.067673,42.350835
597684,9/19/12 2:03 PM,Unnamed Road Boston Ma,-71.020763,42.364555
597838,9/20/12 5:27 PM,200 Brookline Ave Boston Ma 02215,-71.101727,42.344055
598345,9/17/12 2:38 PM,240 Franklin St Boston Ma 02110,-71.054438,42.356258
600570,9/23/12 5:25 PM,Unnamed Road Boston Ma,-71.084388,42.346227
600894,9/23/12 6:05 PM,Gloucester St Boston Ma,-71.084575,42.350032
601061,9/19/12 5:15 PM,143 Dartmouth St Boston Ma 02116,-71.076052,42.347362
603700,9/19/12 3:36 PM,Unnamed Road Boston Ma,-71.019122,42.363033
605741,9/19/12 2:49 PM,Unnamed Road Boston Ma,-71.021862,42.365083
606071,9/19/12 1:27 PM,160 South St Boston Ma 02111,-71.057420,42.350573
606562,9/24/12 5:18 PM,763 Boylston St Boston Ma 02116,-71.081497,42.348970
606876,9/28/12 12:49 PM,85 Northern Ave Boston Ma 02210,-71.043435,42.352762
607175,9/30/12 4:25 PM,220 Charles St Boston Ma,-71.070415,42.361807
607785,9/30/12 12:14 PM,Beacon St Boston Ma,-71.061505,42.358227
608253,9/30/12 5:48 PM,542 Tremont St Boston Ma 02116,-71.071160,42.344315
608883,9/19/12 12:10 PM,60 Broad St Boston Ma 02110,-71.053324,42.357998
609381,9/19/12 5:13 PM,900 Boylston St Boston Ma 02199,-71.084460,42.348148
609704,9/19/12 5:29 PM,90 Haymarket Pl Boston Ma,-71.063338,42.353222
610028,9/18/12 5:10 PM,Unnamed Road Boston Ma,-71.019840,42.369362
610327,9/28/12 4:50 PM,284 Newbury St Boston Ma 02115,-71.084158,42.349177
610859,9/30/12 5:13 PM,710 Atlantic Ave Boston Ma 02111,-71.056015,42.351548
611855,9/20/12 5:53 PM,211 Atlantic Ave Boston Ma 02110,-71.050873,42.359413
612017,9/30/12 5:24 PM,53 Fargo St Boston Ma 02210,-71.043557,42.346142
612188,9/23/12 3:39 PM,120 W Newton St Boston Ma 02118,-71.076600,42.341535
613721,9/23/12 6:10 PM,407 Huntington Ave Boston Ma,-71.091795,42.339032
618469,9/21/12 2:15 PM,Unnamed Road Boston Ma,-71.017140,42.366365
619109,9/19/12 12:33 PM,10 Blossom St Boston Ma 02114,-71.066840,42.361560
619587,9/20/12 1:01 PM,Unnamed Road Boston Ma,-71.079823,42.347158
620698,9/20/12 1:01 PM,90 School St Boston Ma 02108,-71.060302,42.358013
620850,9/20/12 1:47 PM,Unnamed Road Boston Ma,-71.021670,42.364918
621135,9/20/12 4:14 PM,220 Boylston St Boston Ma 02116,-71.068533,42.352293
621292,9/19/12 3:15 PM,Unnamed Road Boston Ma,-71.017035,42.366332
621446,9/20/12 5:46 PM,70 W Rutland Sq Boston Ma 02118,-71.079915,42.343172
622299,9/20/12 2:41 PM,Unnamed Road Boston Ma,-71.017003,42.366788
622459,9/20/12 4:27 PM,43 Dalton St Boston Ma 02115,-71.084332,42.346468
623825,9/20/12 4:10 PM,Unnamed Road Boston Ma,-71.019842,42.369415
625799,9/19/12 5:39 PM,150 Staniford St Boston Ma 02114,-71.063658,42.363797
626313,9/24/12 2:55 PM,295 Congress St Boston Ma 02210,-71.052377,42.352437
627264,9/28/12 5:02 PM,790 Atlantic Ave Boston Ma 02111,-71.056958,42.349720
627812,9/20/12 12:49 PM,470 Atlantic Ave Boston Ma 02210,-71.053387,42.353783
627967,9/19/12 12:50 PM,80 Summer St Boston Ma 02110,-71.058355,42.353785
628147,9/19/12 1:40 PM,510 Boylston St Boston Ma 02116,-71.074602,42.350624
629074,9/21/12 4:55 PM,Unnamed Road Boston Ma,-71.019245,42.369118
630576,9/25/12 12:49 PM,Unnamed Road Boston Ma,-71.106203,42.339417
630894,9/20/12 12:26 PM,847 Commonwealth Ave Boston Ma,-71.114070,42.351010
632363,9/25/12 5:03 PM,220 Congress St Boston Ma 02110,-71.054583,42.354406
632680,9/26/12 2:55 PM,Huntington Ave @ I-90 Boston Ma,-71.077502,42.348622
632842,9/30/12 1:47 PM,720 Boylston St Boston Ma 02116,-71.080273,42.349392
632997,9/26/12 3:35 PM,121 High St Boston Ma 02110,-71.054238,42.355175
633661,9/30/12 4:27 PM,89 Exeter St Boston Ma 02116,-71.079057,42.348477
634174,9/30/12 5:37 PM,150 Clarendon St Boston Ma 02116,-71.074195,42.348662
634509,9/20/12 3:57 PM,Unnamed Road Boston Ma,-71.105885,42.337672
634668,9/30/12 5:30 PM,Soldiers Field Rd Boston Ma,-71.123488,42.368353
634840,9/25/12 1:09 PM,80 Newbury St Boston Ma 02116,-71.074858,42.351857
636204,9/20/12 12:37 PM,Unnamed Road Boston Ma,-71.021465,42.364813
636373,9/20/12 12:39 PM,Unnamed Road Boston Ma,-71.021645,42.364945
636717,9/19/12 2:03 PM,30 Long Wharf Boston Ma 02110,-71.050862,42.359980
637609,9/28/12 3:59 PM,Unnamed Road Boston Ma,-71.016918,42.366287
638078,9/29/12 12:09 PM,90 Gloucester St Boston Ma 02115,-71.083795,42.348547
638223,9/28/12 5:23 PM,Boylston St @ Eliot St Boston Ma 02116,-71.068608,42.352293
638384,9/29/12 12:54 PM,293 Newbury St Boston Ma 02115,-71.085048,42.348992
638560,9/24/12 1:13 PM,Clarendon St Boston Ma,-71.071990,42.344095
638721,9/20/12 2:15 PM,53 Fargo St Boston Ma 02210,-71.043540,42.346155
640001,9/24/12 4:44 PM,Unnamed Road Boston Ma,-71.016997,42.366233
641215,9/26/12 5:36 PM,250 Ipswich St Boston Ma,-71.095490,42.345618
643641,9/26/12 3:44 PM,270 Northern Ave Boston Ma 02210,-71.037958,42.348580
644312,9/21/12 1:21 PM,Battery Wharf Boston Ma,-71.050387,42.367000
644636,9/21/12 2:17 PM,30 Black Falcon Ave Boston Ma 02210,-71.031818,42.343963
645666,9/21/12 3:14 PM,Unnamed Road Boston Ma,-71.021855,42.365013
645840,9/25/12 2:05 PM,40 Park Plz Boston Ma 02116,-71.069917,42.351250
646337,9/25/12 2:47 PM,80 State St Boston Ma 02109,-71.056067,42.359002
646501,9/29/12 12:33 PM,820 Boylston St Boston Ma 02199,-71.082648,42.348580
646657,9/29/12 12:57 PM,90 Fairfield St Boston Ma 02116,-71.081765,42.349063
646991,9/25/12 5:19 PM,143 Dartmouth St Boston Ma 02116,-71.076095,42.347385
647341,9/25/12 6:25 PM,Unnamed Road Boston Ma,-71.084373,42.346292
647511,9/21/12 12:19 PM,10 Lagrange St Boston Ma 02116,-71.063013,42.351652
647669,9/27/12 12:33 PM,Unnamed Road Boston Ma,-71.021642,42.364885
647838,9/22/12 4:03 PM,1020 Commonwealth Ave Boston Ma,-71.121677,42.351945
648451,9/27/12 2:45 PM,Commonwealth Ave @ Unnamed Road Boston Ma,-71.091822,42.348808
649231,9/21/12 1:18 PM,Unnamed Road Boston Ma,-71.021810,42.365000
649371,9/20/12 1:50 PM,156 Berkeley St Boston Ma 02116,-71.072160,42.349233
649871,9/28/12 12:24 PM,710 Atlantic Ave Boston Ma 02111,-71.055877,42.351537
650207,9/22/12 5:52 PM,211 Cambridge St Boston Ma,-71.066433,42.361180
650358,9/27/12 12:30 PM,770 Atlantic Ave Boston Ma 02111,-71.056777,42.349997
650822,9/28/12 2:24 PM,830 Boylston St Boston Ma 02199,-71.082698,42.348635
650976,9/27/12 2:16 PM,10 Newbury St Boston Ma 02116,-71.071602,42.352580
651127,9/27/12 2:42 PM,390 Cambridge St Boston Ma,-71.070397,42.361338
651613,9/27/12 3:59 PM,310 Boylston St Boston Ma 02116,-71.070522,42.351838
651944,9/27/12 5:01 PM,Unnamed Road Boston Ma,-71.021597,42.364957
652995,9/20/12 4:43 PM,Unnamed Road Boston Ma,-71.019470,42.369185
653166,9/20/12 2:07 PM,120 Stuart St Boston Ma 02116,-71.065483,42.351172
654019,9/20/12 5:35 PM,Unnamed Road Boston Ma,-71.021168,42.364733
654188,9/20/12 2:50 PM,30 Black Falcon Ave Boston Ma 02210,-71.032022,42.343948
654841,9/26/12 5:27 PM,Batterymarch Arm Boston Ma,-71.053243,42.357505
655792,9/28/12 12:53 PM,220 Commonwealth Ave Boston Ma,-71.081715,42.351187
656413,9/20/12 4:31 PM,Charles St @ Cambridge St Boston Ma,-71.070525,42.361837
656732,9/22/12 6:10 PM,330 Hanover St Boston Ma 02113,-71.053600,42.364598
659930,9/21/12 12:28 PM,Unnamed Road Boston Ma,-71.084387,42.346127
