4275,9/1/12 8:15 AM,131 Salem St Boston Ma 02113,-71.055413,42.365202
4498,9/1/12 8:11 AM,20 Black Falcon Ave Boston Ma 02210,-71.032357,42.343995
5129,9/1/12 9:22 AM,Avenue De Lafayette Boston Ma,-71.061117,42.353295
5303,9/1/12 11:08 AM,20 Exeter Pl Boston Ma,-71.061042,42.353532
5907,9/1/12 8:50 AM,20 Black Falcon Ave Boston Ma 02210,-71.032370,42.344098
6516,9/1/12 7:41 AM,Unnamed Road Boston Ma,-71.070543,42.361455
6862,9/1/12 10:58 AM,760 Atlantic Ave Boston Ma 02111,-71.056625,42.350253
7056,9/1/12 9:23 AM,30 Custom House St Boston Ma 02110,-71.052970,42.358017
7574,9/1/12 9:35 AM,438 Atlantic Ave Boston Ma 02110,-71.052495,42.354202
7744,9/1/12 11:33 AM,211 Stuart St Boston Ma 02116,-71.068455,42.350558
8127,9/1/12 8:38 AM,Unnamed Road Boston Ma,-71.120337,42.365028
8640,9/1/12 10:36 AM,470 W Broadway Boston Ma 02127,-71.046340,42.335805
8811,9/1/12 10:52 AM,610 Boylston St Boston Ma 02116,-71.077248,42.350182
9460,9/1/12 8:20 AM,I-90 @ Unnamed Road Boston Ma,-71.086752,42.347642
9616,9/1/12 9:14 AM,1280 Boylston St Boston Ma 02215,-71.096692,42.345037
9797,9/1/12 8:38 AM,43 Dalton St Boston Ma 02115,-71.084663,42.346358
10119,9/1/12 8:47 AM,760 Atlantic Ave Boston Ma 02111,-71.056607,42.350273
11265,9/1/12 9:18 AM,Unnamed Road Boston Ma,-71.084400,42.346082
16625,9/2/12 8:51 AM,Unnamed Road Boston Ma,-71.052332,42.373288
17275,9/2/12 10:43 AM,Unnamed Road Boston Ma,-71.084310,42.346092
24923,9/2/12 6:48 AM,710 Boylston St Boston Ma 02116,-71.079823,42.349228
26195,9/2/12 9:07 AM,Huntington Ave @ I-90 Boston Ma,-71.079432,42.347343
27991,9/2/12 10:21 AM,767 Boylston St Boston Ma 02116,-71.081742,42.348905
28384,9/2/12 10:15 AM,Battery Wharf Boston Ma,-71.050448,42.367043
28955,9/2/12 7:22 AM,Unnamed Road Boston Ma,-71.023263,42.367432
29155,9/2/12 8:29 AM,Commonwealth Ave @ Kenmore St Boston Ma 02215,-71.095217,42.348675
29327,9/2/12 10:00 AM,40 Mckinley Sq Boston Ma 02109,-71.053192,42.359035
30429,9/2/12 10:28 AM,830 Boylston St Boston Ma 02199,-71.082897,42.348673
35977,9/2/12 10:36 AM,20 Oliver St Boston Ma 02110,-71.054867,42.356753
36639,9/2/12 11:07 AM,29 Exeter St Boston Ma,-71.079957,42.350378
37697,9/2/12 10:49 AM,Unnamed Road Boston Ma,-71.050948,42.355970
38546,9/2/12 8:21 AM,Unnamed Road Boston Ma,-71.040912,42.348928
39439,9/2/12 11:12 AM,30 Park Plz Boston Ma 02116,-71.069770,42.351388
39596,9/2/12 11:42 AM,Unnamed Road Boston Ma,-71.018470,42.362830
43402,9/3/12 10:20 AM,60 E Charlesgate Boston Ma 02215,-71.091557,42.347272
43584,9/3/12 11:08 AM,90 Cambridge St Boston Ma 02114,-71.060828,42.360825
44123,9/2/12 10:57 AM,Unnamed Road Boston Ma,-71.033922,42.315738
45126,9/3/12 10:02 AM,Boylston St @ Eliot St Boston Ma 02116,-71.068638,42.352268
45631,9/3/12 9:38 AM,16 Garden St Boston Ma 02114,-71.066825,42.361082
45978,9/3/12 11:30 AM,96 Huntington Ave Boston Ma,-71.079465,42.347112
46156,9/2/12 10:17 AM,I-90 @ Unnamed Road Boston Ma,-71.079463,42.347728
47346,9/3/12 11:01 AM,49 Fargo St Boston Ma 02210,-71.043763,42.346213
49371,9/3/12 7:50 AM,720 Boylston St Boston Ma 02116,-71.080055,42.349452
50408,9/2/12 10:53 AM,765 Boylston St Boston Ma 02116,-71.081618,42.348910
53540,9/3/12 11:39 AM,Unnamed Road Boston Ma,-71.103448,42.345275
54293,9/5/12 9:11 AM,80 School St Boston Ma 02108,-71.060075,42.357908
54984,9/3/12 11:27 AM,9 Lindall Pl Boston Ma 02114,-71.069455,42.361023
56059,9/4/12 6:31 AM,Unnamed Road Boston Ma,-71.017357,42.366507
60094,9/4/12 8:34 AM,270 W Canton St Boston Ma 02116,-71.077480,42.345492
60408,9/4/12 9:22 AM,Unnamed Road Boston Ma,-71.022503,42.365375
60917,9/4/12 10:01 AM,248 Tremont St Boston Ma 02116,-71.065137,42.350430
61938,9/2/12 11:24 AM,700 Commonwealth Ave Boston Ma,-71.103807,42.349525
63365,9/4/12 11:36 AM,60 Oliver St Boston Ma 02110,-71.053282,42.356150
65232,9/3/12 6:34 AM,Boylston St @ Eliot St Boston Ma 02116,-71.068643,42.352258
65724,9/3/12 11:29 AM,Unnamed Road Boston Ma,-71.022515,42.365500
65894,9/5/12 10:46 AM,200 State St Boston Ma,-71.052783,42.359260
66419,9/5/12 11:05 AM,Unnamed Road Boston Ma,-71.084557,42.345983
67249,9/4/12 8:34 AM,200 Tremont St Boston Ma 02116,-71.064437,42.352137
67889,9/4/12 9:48 AM,10 Blossom St Boston Ma 02114,-71.066805,42.361572
69040,9/4/12 10:23 AM,340 Boylston St Boston Ma 02116,-71.071015,42.351813
69681,9/4/12 6:43 AM,1300 Boylston St Boston Ma 02215,-71.097542,42.344618
71045,9/3/12 10:44 AM,40 Belvidere St Boston Ma 02115,-71.085278,42.346285
72350,9/6/12 7:47 AM,Avenue Of The Arts Boston Ma,-71.086473,42.341703
72498,9/6/12 9:08 AM,Unnamed Road Boston Ma,-71.022470,42.365392
72681,9/5/12 7:16 AM,60 Park Sq Boston Ma 02116,-71.067687,42.351048
73174,9/5/12 8:14 AM,Unnamed Road Boston Ma,-71.022633,42.365442
73642,9/4/12 8:28 AM,Commonwealth Ave @ Massachusetts Ave Boston Ma 02215,-71.088773,42.348800
73800,9/5/12 7:59 AM,149 Dartmouth St Boston Ma 02116,-71.076107,42.347688
73954,9/4/12 8:42 AM,Unnamed Road Boston Ma,-71.072368,42.354983
74957,9/5/12 8:46 AM,Jerusalem Pl Boston Ma,-71.053972,42.367583
78390,9/7/12 10:07 AM,Unnamed Road Boston Ma,-71.022323,42.365225
79333,9/4/12 11:18 AM,4 Beacon St Boston Ma 02116,-71.060587,42.358365
79659,9/5/12 8:26 AM,710 Atlantic Ave Boston Ma 02111,-71.055798,42.351548
82094,9/4/12 8:26 AM,2 Concord Sq Boston Ma,-71.078557,42.341030
82432,9/4/12 8:24 AM,22 Atlantic Ave Boston Ma 02110,-71.051142,42.363610
83272,9/7/12 8:12 AM,Huntington Ave @ I-90 Boston Ma,-71.077788,42.348422
83434,9/7/12 9:01 AM,Unnamed Road Boston Ma,-71.081125,42.348995
83593,9/4/12 9:09 AM,738 Atlantic Ave Boston Ma 02111,-71.056337,42.350682
86251,9/6/12 7:20 AM,Atlantic Ave Boston Ma,-71.051685,42.359547
86419,9/4/12 8:24 AM,470 W Broadway Boston Ma 02127,-71.046235,42.335913
86588,9/4/12 11:19 AM,Unnamed Road Boston Ma,-71.017170,42.366030
87262,9/5/12 10:11 AM,4 Beacon St Boston Ma 02116,-71.060688,42.358335
87603,9/4/12 8:28 AM,104 Causeway St Boston Ma 02114,-71.061710,42.365345
88588,9/6/12 9:50 AM,Unnamed Road Boston Ma,-71.019213,42.362557
89278,9/4/12 10:25 AM,350 Charles St Boston Ma,-71.070202,42.363485
89585,9/5/12 11:31 AM,1280 Boylston St Boston Ma 02215,-71.095905,42.344962
89738,9/4/12 10:40 AM,Unnamed Road Boston Ma,-71.019238,42.362538
90542,9/4/12 11:28 AM,239 Tremont St Boston Ma 02116,-71.064887,42.350958
91023,9/4/12 9:03 AM,332 Commercial St Boston Ma 02109,-71.051018,42.365772
91633,9/6/12 6:55 AM,26 Chestnut St Boston Ma 02108,-71.067235,42.357743
91777,9/5/12 7:11 AM,S Charles St @ Stuart St Boston Ma 02116,-71.066838,42.351182
93356,9/4/12 6:41 AM,1340 Boylston St Boston Ma 02215,-71.099412,42.344215
93503,9/4/12 7:47 AM,720 Atlantic Ave Boston Ma 02111,-71.055862,42.351397
93659,9/4/12 7:57 AM,2 Beacon St Boston Ma 02116,-71.060458,42.358082
94413,9/6/12 10:03 AM,20 Oliver St Boston Ma 02110,-71.054550,42.356722
94568,9/6/12 11:09 AM,Huntington Ave @ I-90 Boston Ma 02115,-71.077925,42.348703
94733,9/4/12 11:22 AM,170 Boylston St Boston Ma 02116,-71.066850,42.352475
95083,9/5/12 9:26 AM,Unnamed Road Boston Ma,-71.019268,42.362698
97448,9/4/12 6:05 AM,53 Chestnut St Boston Ma 02108,-71.068805,42.357370
101050,9/8/12 11:59 AM,68 Beacon St Boston Ma,-71.069528,42.356218
101733,9/6/12 10:53 AM,50 Arlington St Boston Ma 02116,-71.070153,42.350913
101904,9/6/12 9:45 AM,830 Boylston St Boston Ma 02199,-71.082817,42.348513
103063,9/6/12 7:46 AM,1970 Dorchester Ave Boston Ma 02124,-71.064482,42.285175
103378,9/4/12 7:22 AM,352 Washington St Boston Ma 02108,-71.059240,42.356537
103527,9/6/12 11:34 AM,344 Congress St Boston Ma 02210,-71.049102,42.350603
105276,9/7/12 10:13 AM,96 Huntington Ave Boston Ma,-71.079412,42.347120
106251,9/6/12 10:46 AM,830 Boylston St Boston Ma 02199,-71.082805,42.348582
106580,9/5/12 9:13 AM,1330 Boylston St Boston Ma 02215,-71.098807,42.344213
106887,9/6/12 11:54 AM,180 Berkeley St Boston Ma 02116,-71.072580,42.349900
107340,9/6/12 8:44 AM,240 Newbury St Boston Ma 02116,-71.082020,42.349727
107640,9/10/12 7:08 AM,Unnamed Road Boston Ma,-71.016853,42.366080
107794,9/4/12 11:30 AM,50 Sleeper St Boston Ma 02210,-71.049459,42.352454
108097,9/10/12 9:04 AM,260 Tremont St Boston Ma 02116,-71.065068,42.349953
108416,9/4/12 10:01 AM,130 Franklin St Boston Ma 02110,-71.056578,42.355440
108736,9/4/12 6:42 AM,30 Symphony Rd Boston Ma 02115,-71.087497,42.342884
108911,9/6/12 10:39 AM,1410 Boylston St Boston Ma 02215,-71.100980,42.343660
110217,9/6/12 11:51 AM,390 Washington St Boston Ma 02108,-71.059635,42.356165
110370,9/5/12 7:59 AM,100 Charles St Boston Ma 02114,-71.070753,42.358793
110692,9/7/12 7:31 AM,586 Tremont St Boston Ma 02118,-71.072953,42.343200
111027,9/5/12 8:26 AM,30 Park Plz Boston Ma 02116,-71.069848,42.351590
115216,9/6/12 8:23 AM,290 Boylston St Boston Ma 02116,-71.069985,42.351728
118103,9/11/12 11:24 AM,Avenue Of The Arts Boston Ma,-71.086517,42.341657
118614,9/6/12 11:54 AM,50 Long Wharf Boston Ma 02110,-71.050558,42.359883
122498,9/4/12 11:42 AM,295 Massachusetts Ave Boston Ma 02115,-71.085655,42.343377
124167,9/9/12 8:27 AM,140 Stuart St Boston Ma 02116,-71.065817,42.351060
124860,9/7/12 8:21 AM,105 Causeway St Boston Ma 02114,-71.061690,42.365392
125530,9/9/12 11:47 AM,Unnamed Road Boston Ma,-71.048345,42.320370
125851,9/9/12 11:39 AM,Unnamed Road Boston Ma,-71.049132,42.351968
126147,9/8/12 6:48 AM,Arlington St Boston Ma,-71.070778,42.352845
126979,9/8/12 9:23 AM,600 Washington St Boston Ma 02135,-71.167082,42.350468
130344,9/5/12 11:29 AM,170 Bedford St Boston Ma 02111,-71.058110,42.353440
130967,9/5/12 10:10 AM,10 Tremont St Boston Ma,-71.060097,42.358277
131737,9/5/12 10:49 AM,Unnamed Road Boston Ma,-71.019190,42.362735
132228,9/4/12 10:45 AM,Storrow Memorial Dr Boston Ma,-71.083170,42.353277
133288,9/5/12 10:59 AM,830 Boylston St Boston Ma 02199,-71.082750,42.348695
133447,9/5/12 7:34 AM,Unnamed Road Boston Ma,-71.040957,42.349040
133763,9/4/12 10:27 AM,Commonwealth Ave Boston Ma,-71.119550,42.351422
134087,9/5/12 8:23 AM,Commonwealth Ave @ Kenmore St Boston Ma 02215,-71.095072,42.348832
135649,9/4/12 11:36 AM,113 Cambridge St Boston Ma 02114,-71.063072,42.361312
137094,9/5/12 7:18 AM,Huntington Ave @ I-90 Boston Ma,-71.077755,42.348462
137411,9/5/12 9:27 AM,20 Long Wharf Boston Ma 02110,-71.050855,42.359822
137760,9/5/12 7:50 AM,Commonwealth Ave Boston Ma,-71.118430,42.351302
137931,9/6/12 7:32 AM,302 Brookline Ave Boston Ma 02215,-71.103482,42.342417
139055,9/5/12 11:42 AM,200 Dartmouth St Boston Ma 02116,-71.076752,42.349162
139214,9/10/12 7:05 AM,I-90 @ Dartmouth St Boston Ma,-71.076450,42.347872
139521,9/10/12 8:08 AM,20 Blossom St Boston Ma 02114,-71.066983,42.361710
140976,9/10/12 9:33 AM,30 Sherman Ct Boston Ma 02127,-71.050045,42.338418
141631,9/7/12 6:56 AM,1940 Dorchester Ave Boston Ma 02124,-71.064308,42.285445
144968,9/7/12 9:40 AM,Unnamed Road Boston Ma,-71.017928,42.362507
146938,9/6/12 11:26 AM,500 Beacon St Boston Ma 02215,-71.089590,42.350820
147423,9/13/12 11:11 AM,Unnamed Road Boston Ma,-71.019372,42.362645
147608,9/13/12 11:34 AM,70 Charles St Boston Ma 02114,-71.070460,42.357908
147768,9/5/12 11:39 AM,30 Park Plz Boston Ma 02116,-71.069443,42.351588
147934,9/6/12 7:34 AM,Huntington Ave @ I-90 Boston Ma,-71.077965,42.348197
148098,9/6/12 8:10 AM,145 Dartmouth St Boston Ma 02116,-71.075997,42.347578
152744,9/8/12 8:58 AM,720 E Broadway Boston Ma 02127,-71.036683,42.335535
154185,9/7/12 8:36 AM,103 Causeway St Boston Ma 02114,-71.061782,42.365335
154490,9/5/12 8:45 AM,586 Tremont St Boston Ma 02118,-71.073052,42.343285
155611,9/8/12 7:18 AM,30 Long Wharf Boston Ma 02110,-71.050908,42.359975
156084,9/5/12 11:24 AM,710 Atlantic Ave Boston Ma 02111,-71.056042,42.351592
156438,9/6/12 7:19 AM,130 St James Ave Boston Ma 02116,-71.076063,42.349588
160082,9/14/12 6:15 AM,30 Avery St Boston Ma 02111,-71.063405,42.353343
160237,9/5/12 10:41 AM,250 Franklin St Boston Ma 02110,-71.054708,42.356462
161037,9/6/12 7:25 AM,436 Atlantic Ave Boston Ma 02110,-71.052190,42.354182
161534,9/14/12 9:46 AM,710 Atlantic Ave Boston Ma 02111,-71.055525,42.351582
162247,9/6/12 8:39 AM,50 Francis St Boston Ma 02215,-71.107477,42.335678
162403,9/7/12 7:10 AM,370 Marlborough St Boston Ma 02115,-71.086930,42.350475
162875,9/6/12 9:05 AM,188 Avenue Louis Pasteur Boston Ma 02115,-71.103293,42.337317
163651,9/6/12 9:20 AM,60 Blossom St Boston Ma 02114,-71.067037,42.362892
164159,9/6/12 10:02 AM,780 Boylston St Boston Ma 02199,-71.081867,42.348795
164465,9/10/12 8:00 AM,75 Broad St Boston Ma 02110,-71.053103,42.357618
167897,9/12/12 10:02 AM,Unnamed Road Boston Ma,-71.018773,42.369212
168866,9/6/12 11:14 AM,Unnamed Road Boston Ma,-71.094642,42.350903
169369,9/6/12 10:46 AM,71 Beacon St Boston Ma,-71.069938,42.356152
169510,9/6/12 9:32 AM,1280 Boylston St Boston Ma 02215,-71.096605,42.344852
170147,9/6/12 10:30 AM,720 Atlantic Ave Boston Ma 02111,-71.055910,42.351415
170939,9/9/12 7:43 AM,180 Dartmouth St Boston Ma 02116,-71.076280,42.348562
173134,9/9/12 10:18 AM,20 Harrison Ave Boston Ma 02111,-71.061248,42.353465
174135,9/7/12 9:33 AM,139 Dartmouth St Boston Ma 02116,-71.075825,42.347182
175459,9/7/12 7:44 AM,40 William Cardinal O'connell Way Boston Ma 02114,-71.063965,42.362202
177037,9/7/12 8:51 AM,Storrow Memorial Dr Boston Ma,-71.104942,42.351160
178336,9/9/12 6:08 AM,Unnamed Road Boston Ma,-71.058738,42.357498
181365,9/10/12 9:53 AM,Avenue Of The Arts Boston Ma,-71.086548,42.341690
181528,9/6/12 6:16 AM,3 Beacon St Boston Ma 02116,-71.060478,42.358187
181670,9/7/12 8:18 AM,1220 Commonwealth Ave Boston Ma,-71.130932,42.350630
181997,9/11/12 10:02 AM,70 School St Boston Ma 02108,-71.059883,42.357930
182651,9/7/12 11:59 AM,88 Cambridge St Boston Ma,-71.062325,42.361132
182959,9/10/12 11:24 AM,80 Newbury St Boston Ma 02116,-71.074660,42.351640
183258,9/11/12 11:28 AM,70 Silver Pl Boston Ma 02114,-71.070290,42.360868
184103,9/8/12 10:57 AM,150 Atlantic Ave Boston Ma 02110,-71.052348,42.360535
185336,9/8/12 11:11 AM,N380 Boston Ma,-71.039617,42.348440
186956,9/6/12 9:06 AM,106 Causeway St Boston Ma 02114,-71.061685,42.365415
187293,9/6/12 9:37 AM,Unnamed Road Boston Ma,-71.021858,42.365050
187600,9/7/12 10:55 AM,Unnamed Road Boston Ma,-71.080045,42.347737
189344,9/10/12 10:35 AM,19 New Chardon St Boston Ma 02114,-71.062177,42.362218
189679,9/10/12 10:48 AM,Unnamed Road Boston Ma,-71.084257,42.346071
192952,9/11/12 6:51 AM,110 Huntington Ave Boston Ma,-71.081255,42.345643
195897,9/11/12 10:08 AM,320 Commonwealth Ave Boston Ma 02115,-71.086253,42.349487
196385,9/7/12 8:34 AM,380 Stuart St Boston Ma 02116,-71.073627,42.349270
196696,9/7/12 8:51 AM,60 Atlantic Ave Boston Ma 02110,-71.051083,42.362860
197394,9/10/12 7:34 AM,20 Francis St Boston Ma 02215,-71.105880,42.334912
197567,9/7/12 9:21 AM,590 Boylston St Boston Ma 02116,-71.076678,42.350322
199020,9/14/12 6:06 AM,Commonwealth Ave @ E Charlesgate Boston Ma 02215,-71.091387,42.348798
200489,9/11/12 7:26 AM,120 Huntington Ave Boston Ma,-71.081118,42.345807
201127,9/7/12 7:04 AM,Unnamed Road Boston Ma,-71.051908,42.357972
201795,9/7/12 11:26 AM,Unnamed Road Boston Ma,-71.022112,42.365450
202975,9/8/12 11:23 AM,Unnamed Road Boston Ma,-71.120403,42.364683
203633,9/7/12 8:17 AM,145 Arlington St Boston Ma 02116,-71.069193,42.348227
204143,9/18/12 11:05 AM,Unnamed Road Boston Ma,-71.084407,42.346252
204487,9/11/12 7:46 AM,30 Park Plz Boston Ma 02116,-71.070167,42.351480
204657,9/7/12 8:35 AM,40 Black Falcon Ave Boston Ma 02210,-71.031442,42.344103
204978,9/7/12 6:07 AM,50 Trilling Way Boston Ma 02210,-71.039722,42.348010
205972,9/10/12 6:19 AM,Unnamed Road Boston Ma,-71.084097,42.346113
206749,9/10/12 8:06 AM,50 Seaver Pl Boston Ma 02116,-71.065553,42.350467
208752,9/14/12 9:34 AM,1220 Commonwealth Ave Boston Ma,-71.130837,42.350653
209249,9/10/12 9:03 AM,Unnamed Road Boston Ma,-71.055637,42.362510
210847,9/7/12 11:56 AM,Brookline Ave Boston Ma,-71.102898,42.342853
211013,9/10/12 11:09 AM,Huntington Ave @ I-90 Boston Ma,-71.079588,42.347385
211170,9/14/12 11:36 AM,126 Cambridge St Boston Ma 02114,-71.063511,42.361378
212123,9/19/12 9:16 AM,49 Fargo St Boston Ma 02210,-71.043662,42.346120
213976,9/13/12 9:07 AM,30 Black Falcon Ave Boston Ma 02210,-71.031665,42.343992
214332,9/12/12 8:30 AM,40 Long Wharf Boston Ma 02110,-71.050618,42.359913
215174,9/8/12 7:34 AM,766 Boylston St Boston Ma 02116,-71.081737,42.348850
215641,9/11/12 6:48 AM,4 Custom House St Boston Ma 02110,-71.052983,42.357800
216419,9/12/12 10:24 AM,Unnamed Road Boston Ma,-71.017038,42.366233
217234,9/8/12 10:36 AM,120 Causeway St Boston Ma 02114,-71.061157,42.365665
218866,9/9/12 7:50 AM,183 Tremont St Boston Ma 02111,-71.064600,42.352555
219027,9/11/12 10:28 AM,720 Atlantic Ave Boston Ma 02111,-71.056080,42.351458
219384,9/10/12 6:43 AM,94 8th St Boston Ma 02129,-71.051675,42.373737
220248,9/8/12 10:23 AM,I-90 @ Unnamed Road Boston Ma,-71.080028,42.347720
220565,9/8/12 10:31 AM,217 Cambridge St Boston Ma,-71.066672,42.361288
220893,9/8/12 10:45 AM,198 Bullock St Boston Ma 02110,-71.043753,42.346013
223306,9/7/12 10:03 AM,53 Fargo St Boston Ma 02210,-71.043493,42.346068
223448,9/10/12 10:27 AM,732 Atlantic Ave Boston Ma 02111,-71.056178,42.351162
227100,9/11/12 6:38 AM,36 Anderson St Boston Ma 02114,-71.067787,42.359968
227902,9/11/12 8:05 AM,Unnamed Road Boston Ma,-71.081143,42.346587
230754,9/15/12 6:51 AM,Unnamed Road Boston Ma,-71.056152,42.349873
231231,9/14/12 10:04 AM,2 Gridley St Boston Ma,-71.054290,42.354902
231871,9/7/12 10:49 AM,1330 Boylston St Boston Ma 02215,-71.098895,42.344177
232015,9/21/12 8:59 AM,40 Belvidere St Boston Ma 02115,-71.085325,42.346340
232342,9/21/12 9:43 AM,777 Tremont St Boston Ma 02118,-71.080145,42.339325
242601,9/11/12 9:10 AM,Unnamed Road Boston Ma,-71.050955,42.356073
243794,9/10/12 6:11 AM,4 Exeter St Boston Ma 02116,-71.081118,42.352815
244136,9/11/12 10:42 AM,410 Massachusetts Ave Boston Ma 02118,-71.083105,42.341378
244969,9/13/12 8:45 AM,30 Black Falcon Ave Boston Ma 02210,-71.031798,42.343907
245135,9/13/12 10:46 AM,Unnamed Road Boston Ma,-71.022568,42.365687
246149,9/13/12 9:59 AM,720 Boylston St Boston Ma 02116,-71.080098,42.349375
247773,9/10/12 11:23 AM,140 St James Ave Boston Ma 02116,-71.076475,42.349730
248096,9/10/12 11:42 AM,1102 Commonwealth Ave Boston Ma 02215,-71.124315,42.351992
248279,9/10/12 11:59 AM,Unnamed Road Boston Ma,-71.084313,42.346137
252124,9/12/12 10:33 AM,108 Causeway St Boston Ma 02114,-71.061865,42.365703
253557,9/23/12 7:35 AM,250 Franklin St Boston Ma 02110,-71.054555,42.356387
253890,9/23/12 9:23 AM,280 Ipswich St Boston Ma,-71.095555,42.345310
255501,9/8/12 10:12 AM,Unnamed Road Boston Ma,-71.084455,42.346153
256154,9/10/12 10:23 AM,112 Causeway St Boston Ma 02114,-71.061335,42.365523
256963,9/10/12 8:01 AM,96 Huntington Ave Boston Ma,-71.079232,42.346998
258302,9/16/12 10:15 AM,490 W Broadway Boston Ma 02127,-71.046102,42.335502
258944,9/9/12 11:33 AM,Unnamed Road Boston Ma,-71.018575,42.369112
261008,9/13/12 11:46 AM,Unnamed Road Boston Ma,-71.080025,42.346840
263621,9/24/12 9:31 AM,710 Atlantic Ave Boston Ma 02111,-71.055942,42.351517
264268,9/8/12 7:20 AM,40 Belvidere St Boston Ma 02115,-71.085717,42.346103
265124,9/9/12 10:06 AM,Unnamed Road Boston Ma,-71.056598,42.349897
265458,9/11/12 10:28 AM,720 Atlantic Ave Boston Ma 02111,-71.056110,42.351443
265773,9/8/12 8:58 AM,I-90 @ Stuart St Boston Ma,-71.077548,42.347652
266079,9/11/12 11:05 AM,149 Dartmouth St Boston Ma 02116,-71.076037,42.347645
266910,9/14/12 6:28 AM,1220 Commonwealth Ave Boston Ma,-71.130880,42.350615
268654,9/13/12 7:50 AM,190 Franklin St Boston Ma 02110,-71.055150,42.355777
268822,9/13/12 7:58 AM,Unnamed Road Boston Ma,-71.084310,42.346415
269309,9/13/12 8:26 AM,N351 Boston Ma,-71.022238,42.365748
269637,9/16/12 10:06 AM,Battery Wharf Boston Ma,-71.050725,42.367263
271359,9/13/12 7:16 AM,50 Atlantic Ave Boston Ma 02110,-71.050962,42.363127
272031,9/14/12 11:47 AM,230 Berkeley St Boston Ma 02116,-71.073088,42.351375
273328,9/25/12 8:21 AM,Unnamed Road Boston Ma,-71.090078,42.348938
277970,9/9/12 9:46 AM,Unnamed Road Boston Ma,-71.077672,42.348678
279165,9/18/12 6:32 AM,Unnamed Road Boston Ma,-71.036485,42.335517
279652,9/18/12 8:18 AM,6 Embankment Rd Boston Ma 02114,-71.070995,42.360718
280700,9/18/12 9:15 AM,720 Atlantic Ave Boston Ma 02111,-71.056137,42.351535
280860,9/18/12 10:29 AM,Unnamed Road Boston Ma,-71.082997,42.348805
281017,9/17/12 6:12 AM,Unnamed Road Boston Ma,-71.019087,42.369029
281604,9/17/12 7:25 AM,200 Hanover St Boston Ma 02113,-71.055693,42.362668
281924,9/10/12 8:33 AM,Unnamed Road Boston Ma,-71.017950,42.363348
282287,9/14/12 10:32 AM,10 Temple Pl Boston Ma 02111,-71.062812,42.355510
282474,9/10/12 8:45 AM,1320 Washington St Boston Ma 02118,-71.068372,42.341832
283664,9/14/12 11:45 AM,40 William Cardinal O'connell Way Boston Ma 02114,-71.064020,42.362215
284320,9/11/12 8:24 AM,518 Columbus Ave Boston Ma,-71.080080,42.342053
284628,9/11/12 9:08 AM,90 School St Boston Ma 02108,-71.060200,42.357953
284776,9/9/12 10:05 AM,60 Arlington St Boston Ma 02116,-71.070215,42.350758
285409,9/14/12 6:49 AM,10 Barrows St Boston Ma 02134,-71.138263,42.353172
285728,9/26/12 11:32 AM,50 Francis St Boston Ma 02215,-71.107222,42.335640
285880,9/8/12 9:55 AM,216 Cambridge St Boston Ma,-71.066623,42.361268
288549,9/15/12 10:58 AM,1490 Boylston St Boston Ma 02215,-71.102305,42.343428
290171,9/10/12 11:28 AM,760 Atlantic Ave Boston Ma 02111,-71.056570,42.350255
290500,9/14/12 10:55 AM,490 Boylston St Boston Ma 02116,-71.074322,42.351087
291992,9/10/12 8:51 AM,Commonwealth Ave Boston Ma,-71.124460,42.352202
292150,9/9/12 11:47 AM,520 Boylston St Boston Ma 02116,-71.074927,42.350762
297711,9/19/12 7:17 AM,Unnamed Road Boston Ma,-71.016988,42.366245
299083,9/19/12 8:39 AM,320 Beacon St Boston Ma 02116,-71.082270,42.352868
299574,9/19/12 9:15 AM,490 Boylston St Boston Ma 02116,-71.074140,42.350847
299888,9/9/12 7:40 AM,70 Fish Pier Rd Boston Ma 02210,-71.039337,42.348517
300175,9/10/12 6:47 AM,6 Arlington St Boston Ma,-71.071850,42.354875
300682,9/10/12 7:07 AM,1240 Boylston St Boston Ma 02215,-71.095010,42.345217
301017,9/15/12 11:58 AM,400 Summer St Boston Ma,-71.043780,42.346917
302015,9/14/12 8:54 AM,90 Boston Pl Boston Ma 02108,-71.058447,42.358665
302666,9/9/12 10:28 AM,560 E Broadway Boston Ma 02127,-71.041690,42.335537
303840,9/14/12 10:52 AM,3 Beacon St Boston Ma 02116,-71.060630,42.358193
304979,9/11/12 6:30 AM,180 St Stephen St Boston Ma 02115,-71.089055,42.341060
305150,9/10/12 8:40 AM,720 E Broadway Boston Ma 02127,-71.036555,42.335577
305476,9/11/12 7:47 AM,Unnamed Road Boston Ma,-71.056353,42.350290
305811,9/11/12 8:24 AM,377 North St Boston Ma 02113,-71.051325,42.365915
306139,9/12/12 7:37 AM,120 Huntington Ave Boston Ma,-71.081052,42.345887
307706,9/12/12 9:04 AM,720 Atlantic Ave Boston Ma 02111,-71.056147,42.351514
308489,9/14/12 9:04 AM,10 Beacon St Boston Ma 02108,-71.061828,42.358337
308658,9/14/12 9:12 AM,3 Beacon St Boston Ma 02116,-71.060480,42.358187
309116,9/11/12 10:06 AM,610 Atlantic Ave Boston Ma 02210,-71.055002,42.352993
309818,9/10/12 8:38 AM,710 Atlantic Ave Boston Ma 02111,-71.056002,42.351498
310704,9/19/12 6:56 AM,5 Staniford St Boston Ma 02114,-71.063850,42.361397
311346,9/10/12 11:14 AM,4 Beacon St Boston Ma 02116,-71.060533,42.358410
312839,9/16/12 8:27 AM,40 Belvidere St Boston Ma 02115,-71.085417,42.346203
313968,9/16/12 10:15 AM,50 Trilling Way Boston Ma 02210,-71.039622,42.348332
314143,9/10/12 10:34 AM,Commonwealth Ave @ Massachusetts Ave Boston Ma 02215,-71.088840,42.348960
315001,9/13/12 8:33 AM,380 Atlantic Ave Boston Ma 02110,-71.050817,42.356048
316247,9/12/12 11:49 AM,3 Longfellow Pl Boston Ma 02114,-71.063785,42.363293
317322,9/14/12 9:36 AM,40 Blagden St Boston Ma 02116,-71.077830,42.349107
317773,9/20/12 8:35 AM,Boylston St @ Eliot St Boston Ma 02116,-71.068718,42.351997
319251,9/20/12 7:49 AM,510 E Broadway Boston Ma 02127,-71.044002,42.335420
321435,9/16/12 6:04 AM,60 Exeter St Boston Ma 02116,-71.079630,42.349332
321781,9/16/12 8:36 AM,74 Phillips St Boston Ma 02114,-71.069368,42.360283
325824,9/17/12 7:04 AM,70 St Botolph St Boston Ma 02116,-71.079878,42.345645
326362,9/17/12 8:01 AM,1220 Commonwealth Ave Boston Ma,-71.130933,42.350638
326935,9/15/12 8:10 AM,1220 Commonwealth Ave Boston Ma,-71.130837,42.350620
327434,9/11/12 7:40 AM,Unnamed Road Boston Ma,-71.058747,42.359598
327964,9/20/12 6:07 AM,50 N North Grove St Boston Ma,-71.068868,42.361833
328120,9/30/12 7:36 AM,760 Atlantic Ave Boston Ma 02111,-71.056682,42.350247
328275,9/17/12 9:32 AM,330 Congress St Boston Ma 02210,-71.049475,42.351075
328449,9/15/12 9:09 AM,Unnamed Road Boston Ma,-71.056720,42.344112
328615,9/30/12 8:38 AM,280 Brighton Ave Boston Ma,-71.137090,42.353460
329447,9/15/12 11:19 AM,Unnamed Road Boston Ma,-71.018613,42.369357
331119,9/12/12 9:53 AM,10 Temple St Boston Ma 02114,-71.063583,42.361108
331463,9/13/12 8:50 AM,Unnamed Road Boston Ma,-71.079755,42.347363
332126,9/20/12 11:53 AM,Unnamed Road Boston Ma,-71.120347,42.364765
333761,9/15/12 8:50 AM,40 Park Plz Boston Ma 02116,-71.070045,42.351202
335575,9/12/12 9:12 AM,101 Purchase St Boston Ma,-71.052188,42.355128
336708,9/10/12 8:44 AM,Unnamed Road Boston Ma,-71.083090,42.348833
337215,9/9/12 8:45 AM,1300 Boylston St Boston Ma 02215,-71.097512,42.344610
339205,9/11/12 6:53 AM,9 Charles St Boston Ma 02114,-71.069573,42.356488
339374,9/12/12 9:42 AM,Summer St Boston Ma,-71.051258,42.350593
340534,9/21/12 9:31 AM,330 Northern Ave Boston Ma 02210,-71.035794,42.347281
342004,9/12/12 11:25 AM,Unnamed Road Boston Ma,-71.082155,42.348477
343534,9/21/12 9:25 AM,I-93 Boston Ma,-71.051112,42.355818
345512,9/13/12 10:28 AM,Unnamed Road Boston Ma,-71.022295,42.365253
345675,9/12/12 9:50 AM,23 Arlington St Boston Ma 02116,-71.070703,42.351697
345853,9/18/12 8:17 AM,Unnamed Road Boston Ma,-71.022508,42.365368
346020,9/10/12 9:21 AM,Unnamed Road Boston Ma,-71.041143,42.348932
347050,9/15/12 8:28 AM,67 Brighton Ave Boston Ma,-71.129333,42.352770
347388,9/18/12 9:28 AM,Unnamed Road Boston Ma,-71.080395,42.346715
347689,9/12/12 11:55 AM,1080 Boylston St Boston Ma 02215,-71.087975,42.347127
348167,9/21/12 10:53 AM,522 Tremont St Boston Ma 02116,-71.070300,42.344833
352154,9/11/12 8:18 AM,500 Beacon St Boston Ma 02215,-71.089690,42.350803
352669,9/12/12 8:29 AM,Unnamed Road Boston Ma,-71.017493,42.363118
354568,9/11/12 9:53 AM,Unnamed Road Boston Ma,-71.105250,42.339975
355910,9/10/12 10:06 AM,20 Oliver St Boston Ma 02110,-71.054880,42.356905
357075,9/18/12 9:10 AM,48 Northern Ave Boston Ma 02210,-71.047237,42.353718
358480,9/13/12 8:18 AM,150 State St Boston Ma 02109,-71.054235,42.359163
359403,9/10/12 8:28 AM,Unnamed Road Boston Ma,-71.022697,42.365397
359588,9/13/12 9:07 AM,I-93 Boston Ma,-71.052172,42.358485
359957,9/10/12 8:51 AM,Clarendon St Boston Ma,-71.071877,42.343963
360688,9/22/12 7:53 AM,720 E Broadway Boston Ma 02127,-71.036545,42.335533
361029,9/22/12 9:22 AM,37 Dalton St Boston Ma 02115,-71.084342,42.345993
361530,9/13/12 11:03 AM,90 Fayette Ct Boston Ma,-71.063337,42.352797
361885,9/13/12 7:58 AM,Back St Boston Ma,-71.080494,42.353855
362864,9/13/12 9:08 AM,Unnamed Road Boston Ma,-71.019298,42.362568
364129,9/13/12 7:08 AM,80 West St Boston Ma 02111,-71.063158,42.355138
364771,9/16/12 10:32 AM,30 Black Falcon Ave Boston Ma 02210,-71.031607,42.344130
365933,9/22/12 10:17 AM,1370 Boylston St Boston Ma 02215,-71.100190,42.343912
366557,9/12/12 9:35 AM,710 Atlantic Ave Boston Ma 02111,-71.055740,42.351375
366865,9/12/12 7:27 AM,830 Boylston St Boston Ma 02199,-71.082820,42.348572
367356,9/22/12 11:57 AM,30 Park Plz Boston Ma 02116,-71.069325,42.351653
368220,9/12/12 8:38 AM,90 Exeter St Boston Ma 02116,-71.078992,42.348463
369023,9/13/12 6:18 AM,270 Beacon St Boston Ma 02116,-71.079687,42.353663
370006,9/18/12 8:18 AM,Unnamed Road Boston Ma,-71.022128,42.365255
370653,9/12/12 8:33 AM,Unnamed Road Boston Ma,-71.080720,42.347095
370968,9/11/12 11:49 AM,260 Summer St Boston Ma 02210,-71.050787,42.350477
372533,9/18/12 11:25 AM,210 Congress St Boston Ma 02110,-71.054583,42.354447
373014,9/19/12 8:21 AM,Unnamed Road Boston Ma,-71.080517,42.346728
373175,9/11/12 11:56 AM,I-90 @ Unnamed Road Boston Ma,-71.080277,42.347675
374010,9/15/12 11:26 AM,Commonwealth Ave @ Massachusetts Ave Boston Ma 02215,-71.088803,42.348887
374353,9/14/12 8:17 AM,Dartmouth St Boston Ma,-71.076247,42.347802
374684,9/13/12 8:31 AM,47 Fargo St Boston Ma 02210,-71.044037,42.346292
374994,9/14/12 8:52 AM,602 Washington St Boston Ma 02111,-71.062577,42.352877
376828,9/12/12 11:16 AM,310 Huntington Ave Boston Ma,-71.088702,42.340320
378228,9/18/12 9:30 AM,266 Congress St Boston Ma 02110,-71.053537,42.353563
378527,9/17/12 10:18 AM,Unnamed Road Boston Ma,-71.022453,42.365293
379171,9/11/12 8:23 AM,Unnamed Road Boston Ma,-71.017093,42.366200
379487,9/18/12 11:23 AM,120 Franklin St Boston Ma 02110,-71.056840,42.355313
379948,9/11/12 9:24 AM,70 Causeway St Boston Ma 02114,-71.062480,42.364672
381467,9/13/12 11:43 AM,Unnamed Road Boston Ma,-71.056438,42.350258
384796,9/20/12 8:43 AM,10 Battery St Boston Ma 02109,-71.052608,42.366300
385154,9/12/12 6:55 AM,220 Charles St Boston Ma,-71.070387,42.361817
387543,9/23/12 8:49 AM,1950 Dorchester Ave Boston Ma 02124,-71.064330,42.285355
388178,9/14/12 10:10 AM,27 Charles St Boston Ma 02114,-71.069857,42.356948
388975,9/18/12 8:35 AM,Unnamed Road Boston Ma,-71.079833,42.347260
389815,9/13/12 9:19 AM,4 Gaffney St Boston Ma 02215,-71.118480,42.351595
389980,9/25/12 11:04 AM,50 Trilling Way Boston Ma 02210,-71.039585,42.348302
391862,9/12/12 10:31 AM,250 Northern Ave Boston Ma 02210,-71.039260,42.348993
392188,9/11/12 8:07 AM,N380 Boston Ma,-71.040257,42.348142
392356,9/11/12 10:00 AM,160 Dartmouth St Boston Ma 02116,-71.076252,42.348035
393141,9/17/12 6:41 AM,330 Dorchester St Boston Ma,-71.054407,42.330938
395235,9/17/12 9:32 AM,Huntington Ave @ I-90 Boston Ma,-71.079362,42.347350
395388,9/17/12 9:56 AM,10 Black Falcon Ave Boston Ma 02210,-71.033783,42.344205
395688,9/19/12 7:14 AM,110 Stuart St Boston Ma 02116,-71.065380,42.351187
396011,9/19/12 7:38 AM,543 Tremont St Boston Ma 02116,-71.071266,42.344217
396176,9/14/12 7:49 AM,Unnamed Road Boston Ma,-71.022952,42.367090
396332,9/14/12 8:04 AM,42 Franklin St Boston Ma 02110,-71.058850,42.355700
396495,9/17/12 10:53 AM,790 Boylston St Boston Ma 02199,-71.082058,42.348860
397311,9/14/12 11:19 AM,267 W Newton St Boston Ma 02116,-71.081330,42.345167
397472,9/14/12 8:59 AM,23 Garden St Boston Ma 02114,-71.066935,42.360940
397626,9/16/12 11:18 AM,Unnamed Road Boston Ma,-71.022182,42.365418
397782,9/14/12 11:50 AM,70 Summer St Boston Ma 02110,-71.058243,42.354137
399188,9/13/12 8:15 AM,104 Causeway St Boston Ma 02114,-71.061777,42.365357
399335,9/26/12 9:34 AM,50 Fayette Ct Boston Ma,-71.062885,42.352935
399488,9/14/12 11:10 AM,730 Tremont St Boston Ma 02118,-71.078630,42.340165
399643,9/14/12 11:17 AM,Unnamed Road Boston Ma,-71.019508,42.362657
399926,9/26/12 11:10 AM,720 Boylston St Boston Ma 02116,-71.080050,42.349295
400078,9/26/12 11:46 AM,30 N North Grove St Boston Ma,-71.068664,42.361580
401465,9/13/12 9:03 AM,97 Harvard Ave Boston Ma 02134,-71.132135,42.353180
403201,9/19/12 10:43 AM,70 Tremont St Boston Ma 02108,-71.060322,42.357925
403536,9/20/12 6:21 AM,Brighton Ave @ Commonwealth Ave Boston Ma,-71.125222,42.352143
403705,9/13/12 10:46 AM,100 Stuart St Boston Ma 02116,-71.065247,42.351007
403858,9/20/12 7:16 AM,80 School St Boston Ma 02108,-71.060067,42.358005
404207,9/13/12 11:37 AM,Unnamed Road Boston Ma,-71.018911,42.369811
404524,9/12/12 9:03 AM,6 Wendeller St Boston Ma 02127,-71.054715,42.328903
404847,9/24/12 8:15 AM,Unnamed Road Boston Ma,-71.018593,42.369192
405312,9/24/12 8:29 AM,78 Broad St Boston Ma 02110,-71.052910,42.357628
405609,9/21/12 7:37 AM,50 Commonwealth Ave Boston Ma,-71.075535,42.352855
405776,9/24/12 9:20 AM,20 Boates Ct Boston Ma 02110,-71.052747,42.355995
406752,9/24/12 9:05 AM,I-90 @ Dartmouth St Boston Ma,-71.076323,42.347657
407211,9/21/12 9:30 AM,10 Kilby St Boston Ma 02109,-71.055435,42.358853
407383,9/20/12 11:47 AM,135 Tremont St Boston Ma 02111,-71.062503,42.355963
409080,9/13/12 8:50 AM,4 Beacon St Boston Ma 02116,-71.060965,42.357940
410588,9/27/12 10:52 AM,202 Hanover St Boston Ma 02113,-71.055553,42.362713
410739,9/27/12 11:33 AM,Unnamed Road Boston Ma,-71.080717,42.349120
410878,9/19/12 8:57 AM,766 Boylston St Boston Ma 02116,-71.081727,42.348842
412483,9/19/12 9:33 AM,Unnamed Road Boston Ma,-71.105458,42.339618
412824,9/19/12 9:58 AM,80 Peterborough St Boston Ma 02215,-71.098832,42.343313
413611,9/13/12 10:58 AM,830 Boylston St Boston Ma 02199,-71.082785,42.348642
414088,9/15/12 8:38 AM,Avenue Of The Arts Boston Ma,-71.083512,42.343818
414238,9/18/12 10:04 AM,140 Franklin St Boston Ma 02110,-71.056102,42.355452
414573,9/17/12 11:05 AM,Unnamed Road Boston Ma,-71.077503,42.348825
416157,9/15/12 8:47 AM,Unnamed Road Boston Ma,-71.068578,42.362487
416674,9/16/12 8:32 AM,Unnamed Road Boston Ma,-71.084105,42.346138
418367,9/25/12 7:21 AM,190 Clarendon St Boston Ma 02116,-71.075048,42.349283
419834,9/14/12 8:56 AM,10 Blossom St Boston Ma 02114,-71.066782,42.361560
420376,9/25/12 9:09 AM,Unnamed Road Boston Ma,-71.022353,42.365412
420542,9/21/12 8:47 AM,220 Charles St Boston Ma,-71.070438,42.361755
420698,9/28/12 10:28 AM,10 South Point Dr Boston Ma 02125,-71.040068,42.317813
421916,9/14/12 9:14 AM,I-90 @ Dartmouth St Boston Ma,-71.076388,42.347817
422088,9/25/12 10:54 AM,840 Boylston St Boston Ma 02199,-71.082973,42.348523
424837,9/22/12 10:42 AM,30 New Chardon St Boston Ma 02114,-71.061687,42.362602
427991,9/18/12 8:27 AM,380 Park Dr Boston Ma,-71.103247,42.344250
432538,9/20/12 8:40 AM,49 Fargo St Boston Ma 02210,-71.043694,42.346164
433205,9/29/12 11:48 AM,720 E Broadway Boston Ma 02127,-71.036545,42.335560
435688,9/13/12 7:59 AM,20 Charles St Boston Ma 02114,-71.069802,42.356760
435850,9/21/12 8:20 AM,6 Park St Boston Ma 02108,-71.062043,42.356687
436668,9/19/12 11:40 AM,Unnamed Road Boston Ma,-71.019512,42.369228
436842,9/19/12 11:56 AM,60 N North Grove St Boston Ma,-71.068550,42.361932
437353,9/17/12 9:14 AM,Unnamed Road Boston Ma,-71.021598,42.364955
437835,9/21/12 10:08 AM,420 Boylston St Boston Ma 02116,-71.072762,42.351350
437988,9/16/12 8:37 AM,Unnamed Road Boston Ma,-71.080168,42.347528
439302,9/16/12 10:22 AM,Unnamed Road Boston Ma,-71.056340,42.361140
439472,9/16/12 10:39 AM,Arlington St Boston Ma,-71.071197,42.352872
439782,9/23/12 8:53 AM,Unnamed Road Boston Ma,-71.120402,42.365050
440915,9/12/12 7:50 AM,60 Trilling Way Boston Ma 02210,-71.039258,42.348037
441206,9/22/12 11:09 AM,Unnamed Road Boston Ma,-71.033913,42.315755
441377,9/13/12 11:18 AM,Unnamed Road Boston Ma,-71.022445,42.365438
444739,9/14/12 9:13 AM,Unnamed Road Boston Ma,-71.022738,42.365495
445203,9/19/12 8:37 AM,Unnamed Road Boston Ma,-71.071968,42.354232
445361,9/23/12 10:00 AM,1080 Boylston St Boston Ma 02215,-71.088002,42.347122
445999,9/14/12 10:09 AM,Unnamed Road Boston Ma,-71.022508,42.365332
446671,9/26/12 6:58 AM,Arlington St Boston Ma,-71.071220,42.353335
446829,9/19/12 10:09 AM,140 Franklin St Boston Ma 02110,-71.056303,42.355590
448223,9/14/12 10:54 AM,120 Stuart St Boston Ma 02116,-71.065592,42.351205
448850,9/14/12 11:03 AM,220 Lewis Wharf Boston Ma 02110,-71.050893,42.363267
449326,9/13/12 7:57 AM,60 Exeter St Boston Ma 02116,-71.079360,42.349277
452543,9/20/12 7:49 AM,Unnamed Road Boston Ma,-71.016898,42.366110
454001,9/21/12 9:38 AM,720 E Broadway Boston Ma 02127,-71.036512,42.335532
455633,9/24/12 8:32 AM,645 Tremont St Boston Ma 02118,-71.075140,42.342122
455806,9/21/12 11:50 AM,130 Beacon St Boston Ma 02116,-71.073942,42.355095
457253,9/24/12 6:03 AM,40 Belvidere St Boston Ma 02115,-71.085592,42.346158
461160,9/22/12 9:51 AM,440 Massachusetts Ave Boston Ma 02118,-71.081837,42.340772
462598,9/20/12 8:12 AM,Unnamed Road Boston Ma,-71.056363,42.350175
462749,9/24/12 9:29 AM,30 Park Plz Boston Ma 02116,-71.069853,42.351363
462905,9/24/12 9:42 AM,563 Tremont St Boston Ma 02118,-71.072157,42.343675
463217,9/22/12 8:55 AM,Unnamed Road Boston Ma,-71.022570,42.365268
463868,9/27/12 6:37 AM,50 Trilling Way Boston Ma 02210,-71.039437,42.348145
464856,9/14/12 11:05 AM,40 Quaker Ln Boston Ma 02109,-71.056877,42.357942
467008,9/19/12 7:27 AM,530 Massachusetts Ave Boston Ma,-71.079975,42.339147
467166,9/19/12 7:42 AM,80 Park Sq Boston Ma 02116,-71.067598,42.350908
470302,9/19/12 10:52 AM,Unnamed Road Boston Ma,-71.088783,42.349077
470466,9/18/12 9:13 AM,Unnamed Road Boston Ma,-71.021662,42.364993
470801,9/18/12 9:50 AM,370 Atlantic Ave Boston Ma 02110,-71.050797,42.356126
471107,9/13/12 9:52 AM,500 Beacon St Boston Ma 02215,-71.089768,42.350897
471253,9/18/12 11:08 AM,130 Franklin St Boston Ma 02110,-71.056557,42.355472
471892,9/22/12 6:09 AM,80 Bedford St Boston Ma 02111,-71.059685,42.353495
472195,9/13/12 10:42 AM,80 Cambridge Street Ave Boston Ma 02114,-71.070420,42.361743
472825,9/25/12 8:43 AM,Massachusetts Ave @ Unnamed Road Boston Ma 02115,-71.089022,42.349763
473779,9/22/12 10:19 AM,359 Hanover St Boston Ma 02113,-71.053073,42.365310
473929,9/22/12 10:56 AM,298 Commonwealth Ave Boston Ma,-71.084817,42.350308
474249,9/25/12 10:11 AM,139 Dartmouth St Boston Ma 02116,-71.075832,42.347222
474864,9/25/12 9:44 AM,200 Summer St Boston Ma 02210,-71.055298,42.352583
475662,9/25/12 11:36 AM,I-90 @ Unnamed Road Boston Ma,-71.079987,42.347773
475959,9/24/12 11:44 AM,50 Trilling Way Boston Ma 02210,-71.039592,42.348107
479067,9/21/12 8:53 AM,50 Trilling Way Boston Ma 02210,-71.039722,42.348112
479233,9/23/12 8:12 AM,49 Fargo St Boston Ma 02210,-71.043683,42.346135
480083,9/21/12 10:12 AM,N351 Boston Ma,-71.022150,42.365693
482196,9/14/12 6:24 AM,Hanover St Boston Ma,-71.055962,42.362518
482732,9/19/12 7:57 AM,105 Revere St Boston Ma 02114,-71.070695,42.359518
483741,9/13/12 7:05 AM,Unnamed Road Boston Ma,-71.084632,42.346035
484229,9/26/12 8:55 AM,98 Huntington Ave Boston Ma,-71.079132,42.347075
485698,9/14/12 8:12 AM,840 Washington St Boston Ma 02111,-71.063905,42.348945
485870,9/13/12 6:38 AM,Commonwealth Ave @ Beacon St Boston Ma,-71.095647,42.349042
486348,9/20/12 8:22 AM,150 Merrimac St Boston Ma 02114,-71.062628,42.363863
486691,9/20/12 8:44 AM,65 Middle St Boston Ma 02127,-71.055322,42.331570
487191,9/14/12 10:11 AM,Unnamed Road Boston Ma,-71.021812,42.366338
488086,9/26/12 8:08 AM,50 Lime St Boston Ma 02108,-71.071157,42.357237
489081,9/13/12 8:14 AM,30 Black Falcon Ave Boston Ma 02210,-71.031683,42.344027
489812,9/25/12 11:23 AM,580 Boylston St Boston Ma 02116,-71.076287,42.350320
489970,9/25/12 11:58 AM,50 Waverly Pl Boston Ma,-71.056310,42.352348
491443,9/26/12 11:46 AM,750 Tremont St Boston Ma 02118,-71.078918,42.340110
493443,9/15/12 8:55 AM,120 Stuart St Boston Ma 02116,-71.065605,42.351217
493600,9/23/12 10:40 AM,106 Causeway St Boston Ma 02114,-71.061618,42.365395
493772,9/28/12 8:34 AM,250 Stuart St Boston Ma 02116,-71.069178,42.350333
496619,9/28/12 10:00 AM,148 Charles St Boston Ma,-71.070793,42.360410
497305,9/15/12 8:46 AM,20 Exeter Pl Boston Ma,-71.061057,42.353455
498128,9/24/12 6:08 AM,440 Charles St Boston Ma,-71.069140,42.365037
498617,9/28/12 11:44 AM,30 Overland St Boston Ma 02215,-71.099978,42.346275
501887,9/27/12 6:35 AM,49 Fargo St Boston Ma 02210,-71.043717,42.346222
502022,9/20/12 8:00 AM,I-90 @ Dartmouth St Boston Ma,-71.076260,42.347770
502806,9/27/12 7:29 AM,460 W Broadway Boston Ma 02127,-71.046508,42.336098
503741,9/19/12 9:38 AM,170 Essex St Boston Ma 02111,-71.058745,42.352460
505092,9/14/12 7:09 AM,120 Huntington Ave Boston Ma,-71.081200,42.345825
505240,9/24/12 9:53 AM,180 Canal St Boston Ma 02114,-71.060948,42.365513
505833,9/26/12 10:27 AM,Unnamed Road Boston Ma,-71.058378,42.353580
506608,9/26/12 11:22 AM,I-93 Boston Ma,-71.051000,42.356045
507230,9/21/12 10:14 AM,360 Commonwealth Ave Boston Ma 02115,-71.088265,42.348885
507541,9/21/12 10:20 AM,40 Black Falcon Ave Boston Ma 02210,-71.030855,42.344233
509217,9/24/12 11:28 AM,95 Huntington Ave Boston Ma,-71.079390,42.347015
509702,9/15/12 6:22 AM,Unnamed Road Boston Ma,-71.117973,42.360022
512589,9/23/12 6:54 AM,Avenue Of The Arts Boston Ma,-71.086455,42.341683
513554,9/15/12 9:30 AM,1 Avenue De Lafayette Boston Ma 02111,-71.061320,42.353582
513904,9/23/12 10:34 AM,Batterymarch Arm Boston Ma,-71.053307,42.357653
516726,9/28/12 7:41 AM,20 North St Boston Ma 02113,-71.056088,42.360788
517726,9/20/12 9:11 AM,760 Atlantic Ave Boston Ma 02111,-71.056647,42.350267
517887,9/23/12 8:00 AM,40 Black Falcon Ave Boston Ma 02210,-71.031415,42.343995
518771,9/28/12 9:58 AM,Unnamed Road Boston Ma,-71.024165,42.365785
519851,9/27/12 8:52 AM,Unnamed Road Boston Ma,-71.022493,42.365423
520524,9/20/12 11:10 AM,686 Atlantic Ave Boston Ma 02111,-71.055570,42.351953
520692,9/28/12 9:16 AM,9 Beacon St Boston Ma 02108,-71.061738,42.358363
521209,9/16/12 9:53 AM,1070 Boylston St Boston Ma 02215,-71.087847,42.347250
521888,9/14/12 9:48 AM,39 Beacon St Boston Ma,-71.065868,42.357017
522838,9/27/12 10:38 AM,Commonwealth Ave @ Kenmore St Boston Ma 02215,-71.095405,42.348677
523511,9/27/12 11:52 AM,747 Atlantic Ave Boston Ma 02111,-71.056458,42.350513
524167,9/20/12 6:30 AM,130 Charles St Boston Ma 02114,-71.070675,42.359612
524687,9/15/12 7:52 AM,400 W Broadway Boston Ma 02127,-71.048017,42.337060
525686,9/21/12 10:33 AM,10 Blossom St Boston Ma 02114,-71.066910,42.361578
525852,9/15/12 9:48 AM,10 Francis St Boston Ma 02215,-71.105270,42.334387
526344,9/18/12 6:39 AM,Unnamed Road Boston Ma,-71.081560,42.345647
526689,9/21/12 11:00 AM,Dartmouth St Boston Ma,-71.076162,42.347848
527859,9/25/12 10:09 AM,830 Boylston St Boston Ma 02199,-71.082792,42.348803
528645,9/25/12 10:33 AM,120 Commonwealth Ave Boston Ma 02116,-71.076917,42.351990
531505,9/14/12 11:36 AM,Unnamed Road Boston Ma,-71.018535,42.369123
532752,9/24/12 9:23 AM,Unnamed Road Boston Ma,-71.022575,42.365392
533216,9/22/12 7:16 AM,20 Blossom St Boston Ma 02114,-71.066844,42.361723
533711,9/26/12 9:41 AM,40 Joslin Pl Boston Ma 02215,-71.108525,42.338405
543048,9/26/12 7:45 AM,Commonwealth Ave Boston Ma,-71.084845,42.349803
544642,9/15/12 9:05 AM,30 Black Falcon Ave Boston Ma 02210,-71.032215,42.344225
546055,9/16/12 8:20 AM,Charles St @ Cambridge St Boston Ma,-71.070472,42.361815
547441,9/16/12 9:23 AM,20 Blossom St Boston Ma 02114,-71.066925,42.361695
547766,9/16/12 10:41 AM,436 Atlantic Ave Boston Ma 02110,-71.052285,42.354260
548131,9/24/12 7:22 AM,70 School St Boston Ma 02108,-71.059755,42.357980
548824,9/24/12 7:52 AM,1070 Boylston St Boston Ma 02215,-71.087942,42.347138
549483,9/21/12 10:28 AM,104 Causeway St Boston Ma 02114,-71.061830,42.365350
550971,9/17/12 11:37 AM,Cambridge St Boston Ma,-71.070598,42.361298
552553,9/28/12 9:14 AM,720 Atlantic Ave Boston Ma 02111,-71.056103,42.351373
552718,9/30/12 10:48 AM,Unnamed Road Boston Ma,-71.021998,42.365330
553648,9/26/12 8:02 AM,30 Long Wharf Boston Ma 02110,-71.050888,42.359935
553813,9/15/12 10:32 AM,720 Atlantic Ave Boston Ma 02111,-71.055833,42.351407
553982,9/26/12 8:53 AM,120 Belvidere St Boston Ma 02115,-71.082117,42.345722
554481,9/21/12 7:35 AM,50 Belvidere St Boston Ma 02115,-71.085187,42.346265
555261,9/21/12 8:30 AM,9 Avery St Boston Ma,-71.062853,42.353397
556554,9/21/12 9:02 AM,N351 Boston Ma,-71.022237,42.365848
556886,9/17/12 8:37 AM,10 Henchman St Boston Ma 02113,-71.053385,42.367458
557894,9/16/12 10:05 AM,53 Fargo St Boston Ma 02210,-71.043622,42.346095
558397,9/17/12 11:18 AM,Unnamed Road Boston Ma,-71.041001,42.349140
558863,9/21/12 10:58 AM,Battery Wharf Boston Ma,-71.050373,42.367198
562420,9/22/12 7:37 AM,140 St James Ave Boston Ma 02116,-71.076660,42.349787
562752,9/17/12 7:25 AM,70 Belvidere St Boston Ma 02115,-71.084123,42.346040
562923,9/22/12 8:24 AM,40 Black Falcon Ave Boston Ma 02210,-71.031305,42.343977
563552,9/22/12 9:01 AM,25 Huntington Ave Boston Ma,-71.077645,42.348688
564011,9/27/12 7:22 AM,53 Fargo St Boston Ma 02210,-71.043562,42.346102
565308,9/17/12 9:02 AM,Unnamed Road Boston Ma,-71.022407,42.365400
567055,9/28/12 7:57 AM,220 Boylston St Boston Ma 02116,-71.068548,42.352317
567678,9/28/12 9:07 AM,50 Trilling Way Boston Ma 02210,-71.039625,42.348210
569535,9/28/12 10:44 AM,250 Franklin St Boston Ma 02110,-71.054288,42.356192
569702,9/30/12 11:41 AM,20 Oliver St Boston Ma 02110,-71.054823,42.356787
570634,9/28/12 6:40 AM,310 Beacon St Boston Ma 02116,-71.081738,42.353040
573018,9/16/12 7:23 AM,Huntington Ave @ I-90 Boston Ma,-71.079103,42.347280
573190,9/23/12 7:13 AM,470 W Broadway Boston Ma 02127,-71.046257,42.335928
574999,9/23/12 9:50 AM,3 Fleet St Boston Ma 02113,-71.053378,42.364838
575660,9/23/12 10:40 AM,50 Kenmore St Boston Ma 02215,-71.095105,42.348677
576500,9/18/12 10:12 AM,720 Boylston St Boston Ma 02116,-71.080100,42.349377
578008,9/25/12 9:52 AM,1070 Boylston St Boston Ma 02215,-71.087895,42.347190
579002,9/30/12 9:42 AM,10 Blossom St Boston Ma 02114,-71.066842,42.361332
579362,9/25/12 11:27 AM,20 Oliver St Boston Ma 02110,-71.054442,42.356823
583177,9/29/12 7:57 AM,Unnamed Road Boston Ma,-71.084358,42.346237
584642,9/22/12 7:52 AM,110 State St Boston Ma 02109,-71.054875,42.359108
585321,9/20/12 8:19 AM,71 Beacon St Boston Ma,-71.069935,42.356122
585677,9/18/12 10:05 AM,1220 Commonwealth Ave Boston Ma,-71.130925,42.350675
585852,9/18/12 9:31 AM,7 Charles St Boston Ma 02114,-71.069668,42.356363
586336,9/18/12 7:17 AM,Unnamed Road Boston Ma,-71.022315,42.365477
586814,9/18/12 11:16 AM,Unnamed Road Boston Ma,-71.050847,42.356105
586988,9/18/12 7:59 AM,Unnamed Road Boston Ma,-71.018860,42.362233
587632,9/29/12 10:04 AM,208 Berkeley St Boston Ma 02116,-71.072605,42.350527
589597,9/19/12 10:17 AM,Unnamed Road Boston Ma,-71.017317,42.366073
589932,9/19/12 11:14 AM,420 Boylston St Boston Ma 02116,-71.072640,42.351420
590117,9/19/12 11:52 AM,30 Bromfield St Boston Ma 02108,-71.060113,42.356703
591451,9/23/12 7:49 AM,50 Trilling Way Boston Ma 02210,-71.039632,42.348248
592537,9/17/12 7:50 AM,30 Blagden St Boston Ma 02116,-71.077678,42.349447
592692,9/17/12 8:01 AM,4 Custom House St Boston Ma 02110,-71.052985,42.357759
592860,9/29/12 9:00 AM,160 Tremont St Boston Ma 02111,-71.063755,42.354312
593347,9/17/12 8:23 AM,410 Marlborough St Boston Ma 02115,-71.088408,42.350223
593809,9/19/12 10:01 AM,50 Arlington St Boston Ma 02116,-71.070245,42.350937
595217,9/17/12 10:42 AM,Commonwealth Ave Boston Ma,-71.121755,42.351777
597170,9/24/12 7:35 AM,293 Dartmouth St Boston Ma 02116,-71.077923,42.351495
598187,9/19/12 10:27 AM,710 Boylston St Boston Ma 02116,-71.079820,42.349523
599041,9/24/12 8:42 AM,104 Causeway St Boston Ma 02114,-71.061697,42.365333
600075,9/19/12 6:23 AM,Unnamed Road Boston Ma,-71.084338,42.346093
600738,9/24/12 10:28 AM,1940 Dorchester Ave Boston Ma 02124,-71.064278,42.285462
601199,9/19/12 9:47 AM,273 Franklin St Boston Ma 02110,-71.053792,42.356763
601353,9/18/12 7:50 AM,99 Huntington Ave Boston Ma,-71.079187,42.347153
601659,9/18/12 8:30 AM,Unnamed Road Boston Ma,-71.022790,42.366965
601971,9/18/12 10:12 AM,Unnamed Road Boston Ma,-71.056118,42.360932
602143,9/28/12 6:51 AM,98 Huntington Ave Boston Ma,-71.079193,42.347118
602493,9/30/12 6:07 AM,53 Fargo St Boston Ma 02210,-71.043602,42.346083
603023,9/19/12 7:26 AM,88 Hancock St Boston Ma 02114,-71.064433,42.359228
604205,9/19/12 6:52 AM,4 Hanover Ave Boston Ma 02109,-71.052738,42.365743
605211,9/28/12 10:16 AM,660 Atlantic Ave Boston Ma 02111,-71.055518,42.352105
605911,9/19/12 9:04 AM,40 Park Plz Boston Ma 02116,-71.070060,42.351327
606406,9/28/12 11:28 AM,Unnamed Road Boston Ma,-71.056587,42.344087
607015,9/19/12 8:58 AM,Unnamed Road Boston Ma,-71.077468,42.348853
607322,9/30/12 11:19 AM,180 Massachusetts Ave Boston Ma 02115,-71.087107,42.345828
610176,9/18/12 10:21 AM,30 Mckinley Sq Boston Ma 02109,-71.053148,42.358993
611676,9/24/12 9:18 AM,N351 Boston Ma,-71.022375,42.365897
613092,9/21/12 8:07 AM,110 Dartmouth St Boston Ma 02116,-71.075523,42.346423
616734,9/20/12 6:42 AM,250 Franklin St Boston Ma 02110,-71.054478,42.356598
618146,9/20/12 10:26 AM,50 Francis St Boston Ma 02215,-71.107318,42.335657
618794,9/20/12 11:40 AM,40 Devonshire St Boston Ma 02109,-71.057393,42.358502
619275,9/21/12 7:34 AM,Unnamed Road Boston Ma,-71.022378,42.365640
619415,9/29/12 10:41 AM,I-90 @ Dartmouth St Boston Ma,-71.076363,42.347693
619740,9/19/12 9:21 AM,70 Fish Pier Rd Boston Ma 02210,-71.039103,42.348597
619908,9/19/12 9:44 AM,80 Summer St Boston Ma 02110,-71.058250,42.353792
621789,9/20/12 8:57 AM,70 Haymarket Pl Boston Ma,-71.063237,42.353093
623661,9/27/12 10:12 AM,Unnamed Road Boston Ma,-71.061347,42.361057
623996,9/24/12 9:46 AM,Unnamed Road Boston Ma,-71.022543,42.365383
624145,9/28/12 10:39 AM,I-90 @ Unnamed Road Boston Ma,-71.079818,42.347608
624760,9/19/12 11:39 AM,E Berkeley St Boston Ma,-71.069725,42.345202
627451,9/20/12 9:33 AM,Kilby St Boston Ma,-71.055000,42.357287
628511,9/23/12 11:49 AM,10 Head Pl Boston Ma,-71.063822,42.352353
628890,9/20/12 10:32 AM,190 Cambridge St Boston Ma 02114,-71.065677,42.361730
629416,9/25/12 9:56 AM,163 High St Boston Ma 02110,-71.053123,42.356347
629785,9/19/12 10:04 AM,120 Belvidere St Boston Ma 02115,-71.082227,42.345750
630095,9/20/12 9:11 AM,40 Cambridge Street Ave Boston Ma 02114,-71.069477,42.361738
630252,9/30/12 10:23 AM,80 Winter St Boston Ma 02108,-71.062020,42.356215
630412,9/30/12 6:13 AM,150 Devonshire St Boston Ma 02110,-71.056977,42.356423
632198,9/25/12 7:59 AM,107 Causeway St Boston Ma 02114,-71.061597,42.365403
633822,9/25/12 11:13 AM,Unnamed Road Boston Ma,-71.077540,42.348808
635019,9/20/12 11:28 AM,Batterymarch Arm Boston Ma,-71.053397,42.357422
635191,9/28/12 10:51 AM,150 Tremont St Boston Ma 02111,-71.063395,42.355180
637927,9/24/12 11:32 AM,Unnamed Road Boston Ma,-71.018593,42.369317
639842,9/27/12 8:32 AM,170 Beacon St Boston Ma 02116,-71.075728,42.354607
640305,9/21/12 10:48 AM,110 Causeway St Boston Ma 02114,-71.061468,42.365498
640467,9/27/12 9:38 AM,230 Boylston St Boston Ma 02116,-71.067883,42.352528
640757,9/26/12 8:39 AM,310 Summer St Boston Ma 02210,-71.048723,42.349434
640909,9/27/12 10:27 AM,N351 Boston Ma,-71.022208,42.365665
642805,9/21/12 11:33 AM,96 Congress St Boston Ma 02109,-71.057245,42.360095
642975,9/21/12 9:08 AM,Unnamed Road Boston Ma,-71.022492,42.365358
644481,9/25/12 9:02 AM,Unnamed Road Boston Ma,-71.056338,42.350163
644977,9/25/12 10:45 AM,438 Atlantic Ave Boston Ma 02110,-71.052367,42.354115
645320,9/25/12 11:49 AM,103 Cambridge St Boston Ma 02114,-71.062628,42.361093
645999,9/22/12 6:38 AM,20 Long Wharf Boston Ma 02110,-71.051037,42.359925
646837,9/27/12 10:14 AM,170 Tremont St Boston Ma 02111,-71.064340,42.353467
647986,9/20/12 9:26 AM,60 Oliver St Boston Ma 02110,-71.053402,42.356073
648133,9/27/12 6:39 AM,Unnamed Road Boston Ma,-71.066087,42.277597
648765,9/20/12 10:37 AM,340 Atlantic Ave Boston Ma 02110,-71.050832,42.356870
648910,9/27/12 9:04 AM,137 Charles St Boston Ma 02114,-71.070752,42.359805
649722,9/28/12 11:52 AM,70 Pie Aly Boston Ma 02108,-71.058312,42.358011
654999,9/28/12 9:51 AM,30 Park Plz Boston Ma 02116,-71.069962,42.351633
655612,9/30/12 10:09 AM,30 Mckinley Sq Boston Ma 02109,-71.053200,42.359020
657231,9/21/12 8:34 AM,90 India Wharf Boston Ma 02110,-71.050113,42.357667
658378,9/21/12 11:11 AM,785 Tremont St Boston Ma 02118,-71.080703,42.339215
658845,9/29/12 6:40 AM,700 Huntington Ave Boston Ma,-71.104363,42.334188
659472,9/29/12 10:48 AM,10 Tremont St Boston Ma,-71.060398,42.358225
659609,9/29/12 11:21 AM,80 Cambridge Street Ave Boston Ma 02114,-71.070407,42.361763
662633,9/29/12 7:28 AM,870 Boylston St Boston Ma 02199,-71.083395,42.348445
665490,9/28/12 8:19 AM,Unnamed Road Boston Ma,-71.066033,42.364208
665657,9/28/12 8:44 AM,347 Boylston St Boston Ma 02116,-71.070900,42.351900
666142,9/29/12 8:31 AM,50 N073 Boston Ma,-71.114520,42.300702
666447,9/21/12 11:20 AM,1220 Commonwealth Ave Boston Ma,-71.130913,42.350690
666619,9/30/12 11:18 AM,102 Tremont St Boston Ma 02108,-71.061210,42.357253
670235,9/30/12 8:11 AM,Unnamed Road Boston Ma,-71.081360,42.346377
670926,9/22/12 11:44 AM,40 Wormwood St Boston Ma 02210,-71.050255,42.347140
672332,9/21/12 8:54 AM,820 Boylston St Boston Ma 02199,-71.082693,42.348672
672901,9/30/12 8:10 AM,20 North St Boston Ma 02113,-71.056115,42.360775
675157,9/21/12 7:33 AM,1070 Boylston St Boston Ma 02215,-71.087980,42.347180
676525,9/30/12 9:10 AM,710 Atlantic Ave Boston Ma 02111,-71.056085,42.351533
676818,9/30/12 11:52 AM,70 Northern Ave Boston Ma 02210,-71.045303,42.352735
678765,9/21/12 11:39 AM,80 Purchase St Boston Ma,-71.051803,42.355782
681072,9/21/12 9:47 AM,40 Black Falcon Ave Boston Ma 02210,-71.031373,42.344003
682274,9/21/12 11:26 AM,Unnamed Road Boston Ma,-71.084077,42.346223
683131,9/22/12 8:55 AM,710 Boylston St Boston Ma 02116,-71.079983,42.349412
685835,9/23/12 10:23 AM,270 Tremont St Boston Ma 02116,-71.065243,42.349888
686337,9/22/12 11:53 AM,70 Belvidere St Boston Ma 02115,-71.084198,42.345970
688522,9/22/12 9:52 AM,760 Atlantic Ave Boston Ma 02111,-71.056472,42.350392
689381,9/22/12 11:46 AM,260 Tremont St Boston Ma 02116,-71.065290,42.350044
689877,9/25/12 7:08 AM,40 Blagden St Boston Ma 02116,-71.077838,42.348968
690824,9/22/12 8:21 AM,20 Black Falcon Ave Boston Ma 02210,-71.032362,42.344028
693510,9/22/12 8:01 AM,290 Stuart St Boston Ma 02116,-71.069772,42.350147
693845,9/22/12 9:44 AM,200 Boylston St Boston Ma 02116,-71.068718,42.352417
694179,9/24/12 6:33 AM,70 Nelson Ct Boston Ma,-71.053470,42.353688
694966,9/24/12 9:15 AM,737 Atlantic Ave Boston Ma 02111,-71.056308,42.350830
695262,9/25/12 11:06 AM,110 Kilmarnock St Boston Ma 02215,-71.099072,42.341927
695887,9/24/12 11:47 AM,30 Avenue Louis Pasteur Boston Ma 02115,-71.101217,42.339793
699520,9/24/12 8:48 AM,Unnamed Road Boston Ma,-71.052548,42.354487
700365,9/24/12 10:26 AM,30 Black Falcon Ave Boston Ma 02210,-71.031503,42.344099
701959,9/23/12 11:10 AM,830 Boylston St Boston Ma 02199,-71.082712,42.348585
703903,9/24/12 7:08 AM,Avery Pl Boston Ma,-71.062950,42.353428
704064,9/23/12 9:28 AM,30 Black Falcon Ave Boston Ma 02210,-71.031490,42.344085
704696,9/25/12 11:03 AM,50 Binney St Boston Ma 02115,-71.107275,42.337245
705498,9/22/12 8:37 AM,20 Black Falcon Ave Boston Ma 02210,-71.032388,42.344130
707931,9/22/12 11:58 AM,210 Dartmouth St Boston Ma 02116,-71.076972,42.349485
708282,9/27/12 9:02 AM,107 Milk St Boston Ma 02109,-71.054932,42.357268
708778,9/27/12 9:42 AM,30 Black Falcon Ave Boston Ma 02210,-71.031762,42.344140
710111,9/24/12 8:51 AM,230 Cambridge St Boston Ma,-71.066795,42.361078
710437,9/26/12 10:05 AM,Unnamed Road Boston Ma,-71.022343,42.365358
710944,9/24/12 8:17 AM,20 Sherman Ct Boston Ma 02127,-71.050112,42.338397
711286,9/26/12 11:55 AM,8 Hamilton Pl Boston Ma 02108,-71.061773,42.356538
711448,9/24/12 9:10 AM,688 Atlantic Ave Boston Ma 02111,-71.056012,42.352035
712140,9/24/12 11:43 AM,20 Common St Boston Ma,-71.064307,42.349198
713513,9/27/12 9:20 AM,53 Hereford St Boston Ma 02115,-71.085845,42.348957
713820,9/26/12 10:52 AM,900 Boylston St Boston Ma 02199,-71.084237,42.348180
714426,9/24/12 9:10 AM,Unnamed Road Boston Ma,-71.017115,42.366195
714912,9/24/12 9:43 AM,80 Blagden St Boston Ma 02116,-71.078767,42.348790
715871,9/24/12 10:29 AM,40 Black Falcon Ave Boston Ma 02210,-71.031350,42.344043
717752,9/26/12 9:43 AM,Unnamed Road Boston Ma,-71.017349,42.366658
718102,9/25/12 6:32 AM,830 Boylston St Boston Ma 02199,-71.082637,42.348538
718467,9/28/12 8:39 AM,Unnamed Road Boston Ma,-71.081180,42.346098
719460,9/25/12 9:21 AM,173 Congress St Boston Ma 02110,-71.055600,42.355615
719777,9/28/12 11:16 AM,154 Northern Ave Boston Ma 02210,-71.043702,42.350995
719944,9/28/12 11:40 AM,40 Belvidere St Boston Ma 02115,-71.085310,42.346005
720113,9/25/12 8:25 AM,540 Boylston St Boston Ma 02116,-71.075362,42.350672
720275,9/25/12 9:40 AM,522 Tremont St Boston Ma 02116,-71.070345,42.344927
720758,9/25/12 10:54 AM,220 Summer St Boston Ma 02210,-71.054387,42.352242
722183,9/23/12 10:15 AM,Unnamed Road Boston Ma,-71.056398,42.362198
722894,9/27/12 7:58 AM,105 Causeway St Boston Ma 02114,-71.061733,42.365380
724161,9/27/12 10:33 AM,30 Black Falcon Ave Boston Ma 02210,-71.031543,42.344093
724308,9/28/12 7:59 AM,98 Huntington Ave Boston Ma,-71.079285,42.347180
724780,9/27/12 11:43 AM,49 Fargo St Boston Ma 02210,-71.043525,42.346233
725122,9/25/12 10:06 AM,88 State St Boston Ma 02109,-71.055397,42.358885
725435,9/28/12 9:32 AM,Huntington Ave @ I-90 Boston Ma,-71.079077,42.347310
726588,9/26/12 6:16 AM,438 Atlantic Ave Boston Ma 02110,-71.052507,42.354217
726888,9/27/12 8:53 AM,Unnamed Road Boston Ma,-71.022063,42.365433
727810,9/27/12 10:53 AM,10 Snow Pl Boston Ma,-71.058967,42.355447
727958,9/26/12 7:58 AM,W Broadway Boston Ma,-71.052412,42.339905
728291,9/27/12 11:48 AM,18 Congress St Boston Ma 02109,-71.056213,42.358603
729420,9/26/12 10:51 AM,Unnamed Road Boston Ma,-71.104988,42.340087
731436,9/27/12 7:52 AM,80 Fish Pier Rd Boston Ma 02210,-71.039495,42.348483
732863,9/26/12 7:30 AM,Huntington Ave @ I-90 Boston Ma,-71.078432,42.348172
733966,9/27/12 11:04 AM,134 Tremont St Boston Ma 02111,-71.062545,42.356052
734120,9/28/12 7:59 AM,140 St James Ave Boston Ma 02116,-71.076263,42.349616
734448,9/28/12 8:36 AM,Brighton Ave @ Islington St Boston Ma,-71.136428,42.353387
734601,9/28/12 8:49 AM,313 Commercial St Boston Ma 02109,-71.051058,42.365290
736290,9/24/12 11:52 AM,110 State St Boston Ma 02109,-71.054987,42.358913
739554,9/29/12 9:35 AM,30 Black Falcon Ave Boston Ma 02210,-71.032273,42.344083
740226,9/30/12 6:41 AM,610 E Broadway Boston Ma 02127,-71.039642,42.335632
740543,9/30/12 9:00 AM,10 Tremont St Boston Ma,-71.060250,42.358287
741347,9/29/12 10:09 AM,53 Fargo St Boston Ma 02210,-71.043507,42.346115
741501,9/29/12 7:23 AM,Commonwealth Ave Boston Ma,-71.124343,42.352037
741666,9/29/12 8:16 AM,270 Tremont St Boston Ma 02116,-71.065570,42.349877
742283,9/27/12 6:49 AM,Arlington St Boston Ma,-71.070937,42.352795
742429,9/27/12 7:13 AM,150 Tremont St Boston Ma 02111,-71.063728,42.354985
742583,9/29/12 9:48 AM,70 Silver Pl Boston Ma 02114,-71.070265,42.360840
742739,9/27/12 8:27 AM,710 Atlantic Ave Boston Ma 02111,-71.055928,42.351558
748900,9/30/12 10:03 AM,550 Boylston St Boston Ma 02116,-71.075770,42.350732
750691,9/27/12 9:58 AM,27 Beacon St Boston Ma,-71.065108,42.357222
751038,9/28/12 8:07 AM,175 Congress St Boston Ma 02110,-71.055408,42.355573
752208,9/28/12 6:45 AM,2 Custom House St Boston Ma 02110,-71.053188,42.357733
754191,9/30/12 8:20 AM,50 Avery St Boston Ma 02111,-71.063722,42.353283
754351,9/30/12 8:57 AM,94 Huntington Ave Boston Ma,-71.079488,42.347040
754830,9/30/12 10:07 AM,250 Franklin St Boston Ma 02110,-71.054290,42.356252
755528,9/28/12 8:56 AM,156 Charles St Boston Ma 02114,-71.070765,42.360387
756309,9/28/12 10:09 AM,720 E Broadway Boston Ma 02127,-71.036595,42.335567
758157,9/28/12 7:32 AM,107 Causeway St Boston Ma 02114,-71.061593,42.365407
759924,9/26/12 10:20 AM,Unnamed Road Boston Ma,-71.018887,42.362693
762668,9/30/12 10:53 AM,Unnamed Road Boston Ma,-71.055873,42.352330
762829,9/28/12 6:40 AM,190 Commonwealth Ave Boston Ma 02116,-71.080075,42.351118
766458,9/29/12 10:21 AM,301 Commonwealth Ave Boston Ma,-71.085307,42.350283
767089,9/30/12 7:39 AM,617 Huntington Ave Boston Ma,-71.099962,42.336198
767244,9/30/12 8:46 AM,161 Kneeland St Boston Ma 02111,-71.057885,42.349813
767401,9/27/12 8:16 AM,60 Ash St Boston Ma 02111,-71.063755,42.348698
767758,9/30/12 10:43 AM,Unnamed Road Boston Ma,-71.052287,42.354547
768082,9/27/12 9:46 AM,720 E Broadway Boston Ma 02127,-71.036457,42.335685
772234,9/29/12 7:17 AM,Commonwealth Ave @ Kenmore St Boston Ma 02215,-71.094040,42.348770
772543,9/30/12 8:05 AM,1300 Boylston St Boston Ma 02215,-71.097553,42.344515
772709,9/30/12 9:44 AM,50 Hawley St Boston Ma 02110,-71.058743,42.355797
774753,9/28/12 7:24 AM,97 Huntington Ave Boston Ma,-71.079398,42.347137
774932,9/28/12 8:06 AM,30 Long Wharf Boston Ma 02110,-71.050909,42.359970
775732,9/28/12 10:45 AM,20 Sherman Ct Boston Ma 02127,-71.050028,42.338395
776392,9/30/12 10:34 AM,93 Causeway St Boston Ma 02114,-71.062124,42.365068
777805,9/30/12 8:27 AM,480 W Broadway Boston Ma 02127,-71.046227,42.335878
779128,9/29/12 10:07 AM,Commonwealth Ave @ Kenmore St Boston Ma 02215,-71.095367,42.348808
780479,9/30/12 8:59 AM,30 Park Plz Boston Ma 02116,-71.069903,42.351437
782539,9/4/12 7:47 AM,Unnamed Road Boston Ma,-71.017210,42.366047
783381,9/5/12 9:18 AM,Unnamed Road Boston Ma,-71.051020,42.355887
785007,9/7/12 10:25 AM,1240 Boylston St Boston Ma 02215,-71.095113,42.345235
786012,9/8/12 11:47 AM,310 Huntington Ave Boston Ma,-71.088607,42.340428
787005,9/9/12 10:25 AM,767 Boylston St Boston Ma 02116,-71.081797,42.348880
787675,9/10/12 9:53 AM,940 Commonwealth Ave Boston Ma,-71.118190,42.351528
788337,9/11/12 9:30 AM,Boylston St @ Eliot St Boston Ma 02116,-71.069297,42.352118
789123,9/12/12 10:29 AM,Unnamed Road Boston Ma,-71.077857,42.348537
789895,9/13/12 8:10 AM,210 Brookline Ave Boston Ma 02215,-71.102142,42.343880
790848,9/14/12 7:45 AM,Unnamed Road Boston Ma,-71.051017,42.356768
790979,9/14/12 11:39 AM,60 N073 Boston Ma,-71.114573,42.300667
792038,9/15/12 10:53 AM,510 Beacon St Boston Ma 02215,-71.090267,42.350588
794902,9/19/12 7:07 AM,I-90 @ Dartmouth St Boston Ma,-71.076040,42.347878
796648,9/21/12 8:06 AM,Unnamed Road Boston Ma,-71.021787,42.365782
796801,9/21/12 11:44 AM,Commonwealth Ave @ Kenmore St Boston Ma 02215,-71.095153,42.348877
797841,9/22/12 7:53 AM,850 Washington St Boston Ma 02111,-71.063880,42.348895
799009,9/23/12 10:12 AM,1120 Washington St Boston Ma 02118,-71.065768,42.344138
800351,9/25/12 10:37 AM,Unnamed Road Boston Ma,-71.022473,42.365448
801008,9/26/12 9:25 AM,Arlington St Boston Ma,-71.071278,42.352858
801665,9/27/12 7:43 AM,Boylston St @ Eliot St Boston Ma 02116,-71.068705,42.352218
801806,9/27/12 11:37 AM,111 Atlantic Ave Boston Ma 02110,-71.052558,42.361268
802623,9/28/12 8:48 AM,Unnamed Road Boston Ma,-71.071587,42.353102
803797,9/29/12 11:01 AM,99 Pinckney St Boston Ma 02114,-71.071442,42.358873
