7932,9/1/12 2:43 PM,30 Park Plz Boston Ma 02116,-71.069920,42.351622
9944,9/1/12 2:33 PM,1190 Boylston St Boston Ma 02215,-71.093785,42.346083
10286,9/1/12 4:50 PM,830 Boylston St Boston Ma 02199,-71.082753,42.348425
10450,9/1/12 2:20 PM,310 Huntington Ave Boston Ma,-71.088823,42.340310
10625,9/1/12 12:57 PM,98 Huntington Ave Boston Ma,-71.079195,42.347088
11418,9/1/12 1:51 PM,470 Huntington Ave Boston Ma,-71.093885,42.338572
11595,9/1/12 3:54 PM,9 Deerfield St Boston Ma 02215,-71.097242,42.349268
11907,9/1/12 4:25 PM,80 Binney St Boston Ma 02115,-71.106032,42.338447
12063,9/1/12 4:58 PM,210 State St Boston Ma,-71.052635,42.359565
12232,9/1/12 5:40 PM,480 W Broadway Boston Ma 02127,-71.046158,42.335833
13171,9/1/12 12:15 PM,Unnamed Road Boston Ma,-71.022150,42.365377
14265,9/1/12 12:39 PM,260 Tremont St Boston Ma 02116,-71.065392,42.350038
14774,9/1/12 5:19 PM,98 Huntington Ave Boston Ma,-71.079172,42.347090
15109,9/1/12 3:57 PM,I-93 Boston Ma,-71.052545,42.359577
15397,9/1/12 5:23 PM,340 Newbury St Boston Ma 02116,-71.086480,42.348453
15708,9/1/12 4:35 PM,460 Huntington Ave Boston Ma,-71.093223,42.338777
16024,9/1/12 3:03 PM,40 Charles St Boston Ma 02114,-71.069927,42.357250
16161,9/1/12 3:16 PM,360 W Broadway Boston Ma 02127,-71.049538,42.337968
16324,9/1/12 2:45 PM,Charles St @ Cambridge St Boston Ma,-71.070428,42.361270
16794,9/1/12 2:52 PM,Commonwealth Ave Boston Ma,-71.121957,42.351763
16948,9/1/12 5:37 PM,North St Boston Ma,-71.056225,42.360690
18434,9/1/12 5:01 PM,I-93 Boston Ma,-71.051920,42.357685
20762,9/1/12 2:51 PM,830 Boylston St Boston Ma 02199,-71.082708,42.348537
21282,9/1/12 1:43 PM,60 Exeter St Boston Ma 02116,-71.079333,42.349213
22146,9/1/12 2:16 PM,60 N North Grove St Boston Ma,-71.068618,42.361895
22500,9/2/12 1:06 PM,29 Fairfield St Boston Ma 02116,-71.082597,42.350305
22853,9/1/12 2:26 PM,70 Stuart St Boston Ma 02116,-71.064795,42.351127
23054,9/1/12 4:03 PM,80 Kneeland St Boston Ma 02111,-71.060577,42.350313
23605,9/1/12 4:46 PM,Unnamed Road Boston Ma,-71.084398,42.346233
23786,9/1/12 5:14 PM,120 Belvidere St Boston Ma 02115,-71.082247,42.345878
25117,9/2/12 5:49 PM,480 W Broadway Boston Ma 02127,-71.046132,42.335798
27067,9/2/12 12:43 PM,433 Atlantic Ave Boston Ma 02110,-71.051730,42.354525
29497,9/2/12 1:33 PM,Park Dr Boston Ma,-71.095160,42.345173
29670,9/2/12 12:32 PM,217 K St Boston Ma 02127,-71.037483,42.335677
30801,9/2/12 12:35 PM,Unnamed Road Boston Ma,-71.019068,42.362582
31161,9/2/12 2:25 PM,I-93 Boston Ma,-71.052485,42.359163
31317,9/2/12 3:42 PM,710 Atlantic Ave Boston Ma 02111,-71.055883,42.351555
31852,9/2/12 4:51 PM,Unnamed Road Boston Ma,-71.041837,42.350202
32386,9/2/12 12:47 PM,96 Huntington Ave Boston Ma,-71.079355,42.347092
33291,9/2/12 4:38 PM,Commonwealth Ave Boston Ma,-71.115672,42.350948
33467,9/2/12 3:33 PM,Unnamed Road Boston Ma,-71.040877,42.349110
33625,9/2/12 3:13 PM,97 Huntington Ave Boston Ma,-71.079100,42.346957
34311,9/2/12 3:58 PM,70 Evans Way Boston Ma 02115,-71.098852,42.337797
36148,9/2/12 3:37 PM,North St Boston Ma,-71.056102,42.360623
36809,9/3/12 4:41 PM,30 Park Plz Boston Ma 02116,-71.070127,42.351582
36977,9/2/12 1:29 PM,Unnamed Road Boston Ma,-71.062472,42.329390
38381,9/2/12 12:46 PM,7 Charles St Boston Ma 02114,-71.069597,42.356415
39091,9/2/12 2:47 PM,Unnamed Road Boston Ma,-71.080085,42.347652
39776,9/2/12 4:53 PM,I-90 @ Unnamed Road Boston Ma,-71.079978,42.347635
39948,9/2/12 1:36 PM,250 Massachusetts Ave Boston Ma 02115,-71.086155,42.344265
40124,9/2/12 4:46 PM,83 Beacon St Boston Ma,-71.071213,42.355838
44284,9/3/12 12:03 PM,Unnamed Road Boston Ma,-71.018303,42.363033
44603,9/3/12 12:10 PM,Unnamed Road Boston Ma,-71.022487,42.365402
45808,9/3/12 2:21 PM,1440 Boylston St Boston Ma 02215,-71.101668,42.343742
46484,9/3/12 3:25 PM,Unnamed Road Boston Ma,-71.022168,42.365557
46642,9/2/12 3:46 PM,67 Brookline Ave Boston Ma 02215,-71.098755,42.347140
46968,9/2/12 1:01 PM,80 School St Boston Ma 02108,-71.060142,42.357915
47896,9/3/12 12:57 PM,60 Long Wharf Boston Ma 02110,-71.050365,42.359927
48055,9/2/12 4:26 PM,Unnamed Road Boston Ma,-71.018445,42.369320
48224,9/4/12 5:52 PM,70 Stuart St Boston Ma 02116,-71.064797,42.351122
48867,9/3/12 1:26 PM,480 Boylston St Boston Ma 02116,-71.074098,42.350955
49040,9/3/12 1:30 PM,N380 Boston Ma,-71.040123,42.348317
50944,9/3/12 3:41 PM,Unnamed Road Boston Ma,-71.058593,42.357340
51121,9/4/12 1:15 PM,210 Boylston St Boston Ma 02116,-71.068522,42.352440
51625,9/3/12 5:26 PM,157 Berkeley St Boston Ma 02116,-71.071877,42.349360
51959,9/2/12 4:31 PM,720 E Broadway Boston Ma 02127,-71.036412,42.335665
52144,9/4/12 3:59 PM,1390 Boylston St Boston Ma 02215,-71.100562,42.343873
52997,9/3/12 2:25 PM,1940 Dorchester Ave Boston Ma 02124,-71.064300,42.285460
54100,9/4/12 12:50 PM,620 Beacon St Boston Ma 02215,-71.094805,42.349380
54657,9/4/12 1:40 PM,80 Federal St Boston Ma 02110,-71.056113,42.355263
55163,9/2/12 4:15 PM,Unnamed Road Boston Ma,-71.056702,42.349728
55345,9/2/12 5:59 PM,Huntington Ave @ I-90 Boston Ma,-71.078548,42.347970
55700,9/4/12 3:15 PM,180 Huntington Ave Boston Ma,-71.082335,42.344795
56243,9/3/12 1:45 PM,Unnamed Road Boston Ma,-71.120285,42.365062
56925,9/2/12 5:01 PM,150 St James Ave Boston Ma 02116,-71.076588,42.349380
57266,9/5/12 3:33 PM,175 Tremont St Boston Ma 02111,-71.064217,42.353187
57450,9/3/12 4:33 PM,Unnamed Road Boston Ma,-71.103398,42.345258
58592,9/3/12 4:15 PM,830 Boylston St Boston Ma 02199,-71.082852,42.348718
59577,9/4/12 5:26 PM,Unnamed Road Boston Ma,-71.096843,42.342378
61412,9/4/12 1:27 PM,1330 Boylston St Boston Ma 02215,-71.098880,42.344202
62113,9/4/12 2:48 PM,Unnamed Road Boston Ma,-71.019228,42.362785
62294,9/3/12 2:55 PM,I-93 Boston Ma,-71.052968,42.360310
62665,9/2/12 3:40 PM,607 Commonwealth Ave Boston Ma,-71.100848,42.349430
63213,9/4/12 4:10 PM,Unnamed Road Boston Ma,-71.017690,42.362362
63542,9/3/12 12:55 PM,Unnamed Road Boston Ma,-71.018380,42.369368
63901,9/3/12 1:22 PM,Unnamed Road Boston Ma,-71.022392,42.365207
64231,9/4/12 3:46 PM,561 Tremont St Boston Ma 02118,-71.071987,42.343818
64404,9/3/12 12:49 PM,North St Boston Ma,-71.056970,42.360302
64719,9/4/12 4:50 PM,70 Dry Dock Ave Boston Ma 02210,-71.029078,42.344570
67730,9/4/12 2:37 PM,70 High Ct Boston Ma,-71.053147,42.355527
68222,9/6/12 3:16 PM,60 Sleeper St Boston Ma 02210,-71.048780,42.352770
68373,9/3/12 3:23 PM,Unnamed Road Boston Ma,-71.034068,42.315800
68710,9/4/12 4:12 PM,Unnamed Road Boston Ma,-71.022338,42.365343
68880,9/4/12 4:43 PM,Unnamed Road Boston Ma,-71.018345,42.369290
69852,9/4/12 5:51 PM,80 Sullivan Pl Boston Ma,-71.056750,42.354825
70036,9/5/12 3:52 PM,10 Blossom St Boston Ma 02114,-71.066801,42.361563
70372,9/3/12 1:58 PM,N351 Boston Ma,-71.021850,42.365662
70545,9/5/12 4:36 PM,Unnamed Road Boston Ma,-71.022562,42.365610
71396,9/3/12 12:46 PM,510 Beacon St Boston Ma 02215,-71.090042,42.350710
71548,9/6/12 5:51 PM,Unnamed Road Boston Ma,-71.040970,42.349167
71718,9/3/12 5:09 PM,Unnamed Road Boston Ma,-71.055833,42.362633
71883,9/6/12 5:59 PM,840 Boylston St Boston Ma 02199,-71.082938,42.348498
72037,9/4/12 1:08 PM,110 Stuart St Boston Ma 02116,-71.065418,42.351310
72188,9/3/12 12:42 PM,1300 Boylston St Boston Ma 02215,-71.097533,42.344508
73326,9/3/12 5:22 PM,Unnamed Road Boston Ma,-71.017015,42.366633
74591,9/4/12 5:25 PM,214 Massachusetts Ave Boston Ma 02115,-71.086722,42.344927
74761,9/6/12 1:34 PM,40 Kilby Pl Boston Ma 02109,-71.055387,42.358432
75440,9/3/12 2:57 PM,130 Stuart St Boston Ma 02116,-71.065767,42.351367
75759,9/3/12 3:10 PM,390 Washington St Boston Ma 02108,-71.059777,42.356073
76418,9/4/12 5:09 PM,Unnamed Road Boston Ma,-71.016887,42.366543
76737,9/2/12 3:03 PM,1300 Boylston St Boston Ma 02215,-71.097507,42.344667
77088,9/6/12 5:28 PM,140 St James Ave Boston Ma 02116,-71.076142,42.349557
77257,9/5/12 2:47 PM,I-90 @ Dartmouth St Boston Ma,-71.076410,42.347808
78541,9/5/12 5:06 PM,Unnamed Road Boston Ma,-71.098817,42.342762
78691,9/3/12 5:18 PM,580 Commonwealth Ave Boston Ma,-71.099987,42.349083
79833,9/4/12 1:15 PM,110 Tremont St Boston Ma 02108,-71.061378,42.357127
80684,9/5/12 3:07 PM,Unnamed Road Boston Ma,-71.080450,42.346872
81039,9/3/12 5:05 PM,Unnamed Road Boston Ma,-71.049948,42.347355
81215,9/7/12 2:14 PM,62 Huntington Ave Boston Ma,-71.079440,42.347197
81377,9/5/12 4:24 PM,Unnamed Road Boston Ma,-71.022632,42.365487
82787,9/5/12 5:40 PM,840 Boylston St Boston Ma 02199,-71.082982,42.348550
83101,9/6/12 12:17 PM,540 Boylston St Boston Ma 02116,-71.075363,42.350703
83761,9/3/12 1:57 PM,Unnamed Road Boston Ma,-71.022548,42.365628
84368,9/4/12 3:39 PM,Tremont St Boston Ma,-71.062032,42.356365
84978,9/4/12 5:26 PM,Unnamed Road Boston Ma,-71.041517,42.348615
85138,9/7/12 12:05 PM,Unnamed Road Boston Ma,-71.018583,42.369212
85484,9/5/12 1:09 PM,110 Bedford St Boston Ma 02111,-71.058977,42.353383
85954,9/6/12 3:07 PM,860 Boylston St Boston Ma 02199,-71.083230,42.348532
87427,9/4/12 12:42 PM,Commonwealth Ave @ Kenmore St Boston Ma 02215,-71.095517,42.348710
87953,9/5/12 4:23 PM,20 Tyler St Boston Ma 02111,-71.060570,42.350578
88938,9/5/12 5:56 PM,290 Huntington Ave Boston Ma,-71.089573,42.339990
89414,9/4/12 12:23 PM,Unnamed Road Boston Ma,-71.016840,42.366342
90233,9/6/12 12:05 PM,Unnamed Road Boston Ma,-71.055648,42.352402
90869,9/4/12 12:52 PM,305 Congress St Boston Ma 02210,-71.050235,42.351530
91479,9/6/12 1:43 PM,50 Oliver St Boston Ma 02110,-71.053888,42.356058
92089,9/4/12 5:46 PM,40 Congress St Boston Ma,-71.057623,42.360710
92416,9/5/12 4:31 PM,Arlington St Boston Ma,-71.071273,42.352885
92903,9/5/12 5:06 PM,840 Boylston St Boston Ma 02199,-71.082869,42.348564
93047,9/3/12 1:11 PM,640 Washington St Boston Ma 02118,-71.062805,42.352087
96142,9/3/12 12:01 PM,Unnamed Road Boston Ma,-71.021993,42.365397
96806,9/6/12 12:10 PM,Unnamed Road Boston Ma,-71.048123,42.320355
97115,9/6/12 1:01 PM,562 Tremont St Boston Ma 02118,-71.072067,42.343783
98859,9/5/12 1:33 PM,1350 Boylston St Boston Ma 02215,-71.099903,42.343982
100003,9/6/12 3:58 PM,93 Beach St Boston Ma,-71.058770,42.350978
100703,9/4/12 1:12 PM,70 Deaconess Rd Boston Ma 02115,-71.107662,42.337937
101231,9/8/12 12:30 PM,Unnamed Road Boston Ma,-71.077437,42.348960
102407,9/6/12 5:25 PM,70 Boston Pl Boston Ma 02108,-71.058202,42.358630
102719,9/5/12 5:03 PM,Huntington Ave @ I-90 Boston Ma,-71.077592,42.348565
103833,9/4/12 12:46 PM,10 Union St Boston Ma,-71.056817,42.360470
104156,9/4/12 12:24 PM,260 Essex St Boston Ma 02111,-71.056362,42.351817
104322,9/9/12 5:11 PM,40 Tremont St Boston Ma,-71.059833,42.358970
104650,9/4/12 5:13 PM,820 Boylston St Boston Ma 02199,-71.082763,42.348802
105438,9/6/12 1:09 PM,720 Boylston St Boston Ma 02116,-71.080057,42.349342
105758,9/3/12 4:34 PM,Boylston St @ Eliot St Boston Ma 02116,-71.068707,42.352117
105925,9/4/12 1:49 PM,180 Cambridge St Boston Ma 02114,-71.065233,42.361352
107194,9/6/12 12:32 PM,221 Berkeley St Boston Ma 02116,-71.073177,42.350938
109740,9/4/12 12:15 PM,40 Avery St Boston Ma 02111,-71.063530,42.353303
109896,9/6/12 5:55 PM,190 Clarendon St Boston Ma 02116,-71.074472,42.349410
110058,9/4/12 3:08 PM,3 Cumberland St Boston Ma 02115,-71.082960,42.344218
111365,9/10/12 4:31 PM,380 Brookline Ave Boston Ma 02215,-71.107997,42.338322
111528,9/10/12 5:07 PM,500 Boylston St Boston Ma 02116,-71.074370,42.350850
111819,9/4/12 2:04 PM,52 Kneeland St Boston Ma 02111,-71.061422,42.350613
112453,9/6/12 2:30 PM,550 Washington St Boston Ma 02111,-71.061935,42.353962
112601,9/3/12 5:19 PM,720 Atlantic Ave Boston Ma 02111,-71.056053,42.351177
112936,9/4/12 4:59 PM,70 State St Boston Ma 02109,-71.056363,42.358702
114417,9/6/12 4:25 PM,110 Tremont St Boston Ma 02108,-71.061405,42.357182
114733,9/5/12 1:49 PM,105 Causeway St Boston Ma 02114,-71.061722,42.365415
115061,9/5/12 12:04 PM,100 Dartmouth St Boston Ma 02116,-71.075468,42.345983
116221,9/5/12 1:09 PM,Unnamed Road Boston Ma,-71.056743,42.358473
117401,9/5/12 4:16 PM,Unnamed Road Boston Ma,-71.081000,42.346693
117595,9/4/12 3:34 PM,830 Boylston St Boston Ma 02199,-71.082713,42.348592
117764,9/5/12 4:44 PM,290 Boylston St Boston Ma 02116,-71.070112,42.351773
117933,9/4/12 4:16 PM,830 Boylston St Boston Ma 02199,-71.082843,42.348735
118783,9/7/12 2:39 PM,Unnamed Road Boston Ma,-71.040918,42.349435
119289,9/4/12 4:36 PM,710 Boylston St Boston Ma 02116,-71.079920,42.349455
119792,9/4/12 5:13 PM,280 Boylston St Boston Ma 02116,-71.069863,42.351923
119957,9/11/12 3:56 PM,Unnamed Road Boston Ma,-71.056617,42.344128
120450,9/7/12 4:29 PM,348 Longwood Ave Boston Ma 02215,-71.106208,42.338690
120817,9/11/12 5:42 PM,220 Essex St Boston Ma 02111,-71.056627,42.352078
120998,9/5/12 5:24 PM,470 Huntington Ave Boston Ma,-71.093752,42.338740
121166,9/6/12 2:36 PM,Unnamed Road Boston Ma,-71.019086,42.363583
121335,9/7/12 5:49 PM,270 Northern Ave Boston Ma 02210,-71.038030,42.348532
122176,9/6/12 3:56 PM,770 Atlantic Ave Boston Ma 02111,-71.056663,42.350145
123825,9/8/12 1:48 PM,40 Eliot Pl Boston Ma 02116,-71.064683,42.351198
124691,9/8/12 2:59 PM,40 Columbus Ave Boston Ma 02116,-71.069102,42.350860
125180,9/7/12 12:12 PM,Unnamed Road Boston Ma,-71.018542,42.369098
127477,9/7/12 2:43 PM,Commonwealth Ave Boston Ma,-71.115437,42.350978
128702,9/9/12 1:55 PM,Unnamed Road Boston Ma,-71.022600,42.365600
129838,9/8/12 12:04 PM,920 Boylston St Boston Ma 02199,-71.085132,42.348045
129996,9/5/12 2:08 PM,320 Longwood Ave Boston Ma 02215,-71.105217,42.337762
130178,9/9/12 4:39 PM,Unnamed Road Boston Ma,-71.034097,42.315625
130497,9/7/12 12:47 PM,311 Tremont St Boston Ma 02116,-71.066412,42.348822
130796,9/9/12 5:24 PM,32 Arlington St Boston Ma 02116,-71.070327,42.351348
131574,9/7/12 4:16 PM,Huntington Ave @ I-90 Boston Ma,-71.079643,42.347332
132064,9/7/12 2:22 PM,710 Boylston St Boston Ma 02116,-71.079980,42.349390
132821,9/8/12 3:02 PM,150 Atlantic Ave Boston Ma 02110,-71.052170,42.360485
133124,9/5/12 5:01 PM,Commonwealth Ave @ Charlesgate Boston Ma,-71.092130,42.348882
133599,9/7/12 4:50 PM,360 Commonwealth Ave Boston Ma 02115,-71.088242,42.348850
134242,9/12/12 3:17 PM,660 Atlantic Ave Boston Ma 02111,-71.055798,42.352288
134560,9/5/12 12:01 PM,190 Clarendon St Boston Ma 02116,-71.074835,42.349212
135206,9/6/12 1:09 PM,830 Boylston St Boston Ma 02199,-71.082807,42.348553
135495,9/7/12 3:09 PM,30 Park Plz Boston Ma 02116,-71.069622,42.351673
135976,9/5/12 4:55 PM,210 State St Boston Ma,-71.052672,42.359551
136458,9/5/12 5:50 PM,150 Tremont St Boston Ma 02111,-71.063477,42.354908
137559,9/6/12 2:01 PM,Unnamed Road Boston Ma,-71.040820,42.348902
138243,9/6/12 1:02 PM,70 Peterborough St Boston Ma 02215,-71.098067,42.343638
138894,9/5/12 2:38 PM,160 Bedford St Boston Ma 02111,-71.058175,42.353333
141447,9/6/12 5:01 PM,3 Custom House St Boston Ma 02110,-71.053123,42.357732
141973,9/4/12 4:21 PM,67 Beacon St Boston Ma,-71.069478,42.356150
142126,9/4/12 4:29 PM,10 Berkeley St Boston Ma 02116,-71.069985,42.345513
143139,9/6/12 5:47 PM,840 Boylston St Boston Ma 02199,-71.082892,42.348508
144294,9/10/12 2:36 PM,620 Atlantic Ave Boston Ma 02111,-71.055485,42.352368
144826,9/10/12 3:59 PM,400 Park Dr Boston Ma,-71.103758,42.344768
145139,9/5/12 4:05 PM,Unnamed Road Boston Ma,-71.017963,42.362738
145467,9/10/12 4:57 PM,540 Boylston St Boston Ma 02116,-71.075345,42.350580
146318,9/5/12 12:43 PM,60 N North Grove St Boston Ma,-71.068593,42.361973
148267,9/6/12 2:36 PM,50 Belvidere St Boston Ma 02115,-71.084917,42.346070
148406,9/6/12 12:46 PM,80 St Germain St Boston Ma 02115,-71.084648,42.345757
148723,9/13/12 12:43 PM,450 Boylston St Boston Ma 02116,-71.073148,42.351217
150112,9/6/12 2:10 PM,490 Boylston St Boston Ma 02116,-71.074255,42.351010
151221,9/5/12 1:05 PM,178 High St Boston Ma 02110,-71.052482,42.356627
151376,9/7/12 2:18 PM,611 Commonwealth Ave Boston Ma,-71.101500,42.349470
151870,9/6/12 12:16 PM,610 Boylston St Boston Ma 02116,-71.077032,42.350113
153398,9/9/12 3:10 PM,1080 Commonwealth Ave Boston Ma,-71.124087,42.352230
153564,9/5/12 3:48 PM,Congress St Boston Ma,-71.053358,42.353852
153871,9/8/12 12:12 PM,10 West St Boston Ma 02111,-71.062050,42.354442
154028,9/6/12 5:06 PM,360 Stuart St Boston Ma 02116,-71.072757,42.349377
154340,9/6/12 4:36 PM,Charles St @ Fruit St Boston Ma,-71.070497,42.362862
155279,9/6/12 3:03 PM,Unnamed Road Boston Ma,-71.082358,42.348433
155937,9/6/12 1:35 PM,7 Avery St Boston Ma,-71.062765,42.353255
157607,9/11/12 1:54 PM,I-90 @ Dartmouth St Boston Ma,-71.076122,42.347737
158295,9/6/12 3:19 PM,Unnamed Road Boston Ma,-71.062112,42.350720
158487,9/11/12 12:44 PM,Unnamed Road Boston Ma,-71.081663,42.348777
158648,9/5/12 12:37 PM,Unnamed Road Boston Ma,-71.018523,42.369057
158817,9/8/12 5:11 PM,160 Boylston St Boston Ma 02116,-71.066777,42.352402
158976,9/11/12 2:06 PM,228 Atlantic Ave Boston Ma 02110,-71.051530,42.358905
159134,9/8/12 2:27 PM,Arlington St Boston Ma,-71.070835,42.352082
159287,9/8/12 2:04 PM,130 Beacon St Boston Ma 02116,-71.074312,42.354952
160864,9/6/12 5:20 PM,Unnamed Road Boston Ma,-71.040987,42.349095
162711,9/9/12 3:55 PM,90 Avery St Boston Ma 02111,-71.064170,42.353362
163316,9/11/12 5:43 PM,190 Boylston St Boston Ma 02116,-71.069053,42.352960
164622,9/14/12 2:42 PM,Unnamed Road Boston Ma,-71.102452,42.341607
165965,9/5/12 5:54 PM,Commonwealth Ave @ E Charlesgate Boston Ma 02215,-71.091133,42.348848
166128,9/8/12 4:25 PM,Unnamed Road Boston Ma,-71.018415,42.369365
166793,9/5/12 2:48 PM,80 Emerson Pl Boston Ma 02114,-71.068298,42.364773
167265,9/8/12 2:36 PM,80 Park Sq Boston Ma 02116,-71.067580,42.350928
167413,9/8/12 2:54 PM,1510 Dorchester Ave Boston Ma 02122,-71.060548,42.298990
167584,9/8/12 3:04 PM,Unnamed Road Boston Ma,-71.064012,42.363482
167736,9/5/12 3:37 PM,50 Francis St Boston Ma 02215,-71.107447,42.335692
168056,9/6/12 3:11 PM,99 Causeway St Boston Ma 02114,-71.061843,42.365252
169679,9/12/12 1:48 PM,Boylston St @ Eliot St Boston Ma 02116,-71.068710,42.352183
171284,9/6/12 4:58 PM,Arlington St Boston Ma,-71.070985,42.352788
172145,9/6/12 2:13 PM,Commonwealth Ave @ Kenmore St Boston Ma 02215,-71.095500,42.348747
172486,9/6/12 2:33 PM,680 Boylston St Boston Ma 02116,-71.078955,42.349742
172992,9/10/12 3:40 PM,19 Congress St Boston Ma 02109,-71.056292,42.358590
174954,9/6/12 2:39 PM,49 Fargo St Boston Ma 02210,-71.043522,42.346202
176169,9/7/12 2:22 PM,Commonwealth Ave @ Unnamed Road Boston Ma 02115,-71.088487,42.348933
176338,9/6/12 2:45 PM,220 Commonwealth Ave Boston Ma,-71.081727,42.351158
176546,9/12/12 4:46 PM,Unnamed Road Boston Ma,-71.018530,42.369215
176709,9/6/12 2:03 PM,80 Purchase St Boston Ma,-71.051453,42.355872
177211,9/7/12 3:36 PM,Unnamed Road Boston Ma,-71.081293,42.345887
177547,9/7/12 3:48 PM,1220 Commonwealth Ave Boston Ma,-71.130665,42.350657
178164,9/15/12 12:40 PM,I-90 @ Dartmouth St Boston Ma,-71.076075,42.347748
179323,9/7/12 4:59 PM,223 Berkeley St Boston Ma 02116,-71.073065,42.351075
179645,9/15/12 4:32 PM,Unnamed Road Boston Ma,-71.018550,42.369308
179968,9/10/12 12:03 PM,490 Boylston St Boston Ma 02116,-71.074325,42.350835
181071,9/7/12 12:04 PM,201 Hanover St Boston Ma 02113,-71.055633,42.362657
182505,9/10/12 2:41 PM,72 William Cardinal O'connell Way Boston Ma 02114,-71.065093,42.362380
183106,9/7/12 3:53 PM,176 Tremont St Boston Ma 02111,-71.064562,42.353075
183440,9/7/12 12:44 PM,10 Franklin St Boston Ma 02110,-71.059438,42.356148
184437,9/9/12 1:22 PM,190 Dartmouth St Boston Ma 02116,-71.076587,42.348808
184598,9/11/12 1:50 PM,50 Cambridge Street Ave Boston Ma 02114,-71.069690,42.361772
184980,9/7/12 4:53 PM,607 Commonwealth Ave Boston Ma,-71.100902,42.349207
185148,9/10/12 12:52 PM,Unnamed Road Boston Ma,-71.020853,42.365743
185504,9/13/12 1:40 PM,50 St James Ave Boston Ma 02116,-71.072727,42.350395
186316,9/13/12 4:09 PM,34 1st Ave Boston Ma 02129,-71.054568,42.374947
186478,9/11/12 3:55 PM,830 Boylston St Boston Ma 02199,-71.082790,42.348589
187449,9/13/12 5:36 PM,10 Huntington Ave Boston Ma 02115,-71.077650,42.348955
188236,9/9/12 4:37 PM,95 Causeway St Boston Ma 02114,-71.062075,42.365215
188397,9/8/12 3:26 PM,N351 Boston Ma,-71.022360,42.365887
188555,9/16/12 1:04 PM,Unnamed Road Boston Ma,-71.022488,42.365588
188720,9/13/12 12:16 PM,150 Franklin St Boston Ma 02110,-71.056075,42.355672
188882,9/7/12 5:30 PM,87 Massachusetts Ave Boston Ma 02115,-71.088560,42.348735
189189,9/7/12 12:03 PM,130 St James Ave Boston Ma 02116,-71.076083,42.349572
189504,9/7/12 12:25 PM,Essex St Boston Ma,-71.057702,42.352257
190170,9/9/12 12:13 PM,I-90 @ Dartmouth St Boston Ma,-71.076104,42.347788
190312,9/16/12 5:16 PM,Unnamed Road Boston Ma,-71.017625,42.362555
190470,9/9/12 12:20 PM,15 Avery St Boston Ma 02111,-71.063253,42.353367
190624,9/9/12 12:33 PM,26 Huntington Ave Boston Ma,-71.077008,42.349005
190791,9/13/12 4:59 PM,Unnamed Road Boston Ma,-71.022700,42.365543
191632,9/7/12 2:43 PM,Unnamed Road Boston Ma,-71.021377,42.365713
192123,9/7/12 5:44 PM,710 Atlantic Ave Boston Ma 02111,-71.056015,42.351493
193292,9/7/12 4:18 PM,Unnamed Road Boston Ma,-71.022455,42.365362
193996,9/7/12 5:08 PM,130 St James Ave Boston Ma 02116,-71.076120,42.349560
194336,9/8/12 5:59 PM,North St Boston Ma,-71.056310,42.360457
194680,9/9/12 3:38 PM,54 Brookline Ave Boston Ma 02215,-71.098378,42.347397
197030,9/6/12 4:19 PM,18 Staniford St Boston Ma 02114,-71.063763,42.362107
198035,9/6/12 4:58 PM,Boylston St @ Eliot St Boston Ma 02116,-71.068728,42.352302
198519,9/17/12 4:24 PM,174 Tremont St Boston Ma 02111,-71.064362,42.353378
200172,9/11/12 2:27 PM,90 St James Ave Boston Ma 02116,-71.074128,42.349665
202158,9/7/12 12:04 PM,104 Causeway St Boston Ma 02114,-71.061787,42.365342
202503,9/11/12 5:13 PM,530 Beacon St Boston Ma 02215,-71.090783,42.350518
202647,9/12/12 12:46 PM,98 Lansdowne St Boston Ma 02215,-71.098512,42.347195
203155,9/12/12 1:36 PM,80 Purchase St Boston Ma,-71.051528,42.355897
203321,9/6/12 12:21 PM,10 Hancock St Boston Ma 02114,-71.064510,42.361142
203793,9/8/12 12:20 PM,Unnamed Road Boston Ma,-71.069843,42.345105
203967,9/12/12 3:02 PM,98 Court St Boston Ma 02108,-71.059772,42.359485
204810,9/10/12 2:28 PM,748 Atlantic Ave Boston Ma 02111,-71.056385,42.350462
205496,9/8/12 1:46 PM,174 Tremont St Boston Ma 02111,-71.064368,42.353410
205806,9/7/12 2:48 PM,30 Franklin St Boston Ma 02110,-71.059138,42.355805
206136,9/7/12 1:23 PM,50 N North Grove St Boston Ma,-71.068807,42.361792
206293,9/18/12 2:52 PM,21 Batterymarch St Boston Ma 02110,-71.054400,42.357767
206440,9/18/12 3:12 PM,149 Dartmouth St Boston Ma 02116,-71.076128,42.347687
206602,9/6/12 1:41 PM,410 Beacon St Boston Ma 02115,-71.086165,42.351798
206925,9/7/12 2:03 PM,90 High St Boston Ma 02110,-71.054780,42.354182
207083,9/7/12 1:41 PM,145 Dartmouth St Boston Ma 02116,-71.076172,42.347513
207244,9/10/12 5:51 PM,30 Oliver St Boston Ma 02110,-71.054188,42.356790
207737,9/7/12 4:56 PM,70 Newbury St Boston Ma 02116,-71.074419,42.351785
207918,9/7/12 5:14 PM,840 Boylston St Boston Ma 02199,-71.082972,42.348690
208401,9/7/12 2:26 PM,103 Causeway St Boston Ma 02114,-71.061747,42.365308
209768,9/11/12 1:23 PM,173 Boylston St Boston Ma 02116,-71.066952,42.352495
211332,9/7/12 12:14 PM,443 Atlantic Ave Boston Ma 02110,-71.053257,42.353833
211510,9/7/12 3:09 PM,Commonwealth Ave @ Kenmore St Boston Ma 02215,-71.095458,42.348722
212956,9/7/12 1:32 PM,110 Canal St Boston Ma 02114,-71.060038,42.364540
213625,9/7/12 1:58 PM,5 Charles St Boston Ma 02114,-71.069512,42.356350
214526,9/14/12 1:42 PM,390 Washington St Boston Ma 02108,-71.059623,42.356122
215329,9/6/12 5:44 PM,140 St James Ave Boston Ma 02116,-71.076187,42.349762
215957,9/14/12 3:39 PM,40 Congress St Boston Ma,-71.057413,42.360365
216106,9/19/12 4:59 PM,76 Binney St Boston Ma 02115,-71.106090,42.338190
216261,9/19/12 5:17 PM,182 Northern Ave Boston Ma 02210,-71.041847,42.349915
216581,9/10/12 4:53 PM,Whipple St Boston Ma,-71.089450,42.345313
217381,9/14/12 4:43 PM,70 Tremont St Boston Ma 02108,-71.060588,42.357902
217712,9/14/12 4:50 PM,570 Commonwealth Ave Boston Ma,-71.100195,42.349107
217884,9/12/12 12:14 PM,223 Berkeley St Boston Ma 02116,-71.073032,42.351082
218065,9/8/12 1:09 PM,Unnamed Road Boston Ma,-71.120320,42.364703
218392,9/12/12 12:44 PM,Unnamed Road Boston Ma,-71.081573,42.346312
219215,9/14/12 5:30 PM,50 Collidge Ave Boston Ma 02114,-71.063110,42.361120
219731,9/14/12 5:59 PM,760 Atlantic Ave Boston Ma 02111,-71.056538,42.350358
219918,9/7/12 1:34 PM,N351 Boston Ma,-71.017947,42.365727
220085,9/8/12 2:09 PM,160 Dartmouth St Boston Ma 02116,-71.076165,42.348122
221248,9/11/12 12:58 PM,60 N North Grove St Boston Ma,-71.068608,42.361957
221393,9/7/12 5:30 PM,Unnamed Road Boston Ma,-71.049042,42.351858
221760,9/11/12 12:30 PM,80 Court Sq Boston Ma 02108,-71.058883,42.358918
222082,9/8/12 3:39 PM,140 Stuart St Boston Ma 02116,-71.065823,42.351178
224093,9/11/12 2:31 PM,North St Boston Ma,-71.056578,42.360325
224266,9/20/12 1:29 PM,610 Boylston St Boston Ma 02116,-71.077130,42.350253
224879,9/8/12 5:20 PM,Commonwealth Ave Boston Ma,-71.107127,42.349913
225508,9/10/12 12:10 PM,10 Blackfan St Boston Ma 02115,-71.105395,42.337720
225819,9/11/12 4:48 PM,Unnamed Road Boston Ma,-71.016905,42.366378
226135,9/11/12 2:07 PM,Unnamed Road Boston Ma,-71.018543,42.369218
226439,9/11/12 5:35 PM,Unnamed Road Boston Ma,-71.019583,42.362028
226925,9/8/12 5:59 PM,Unnamed Road Boston Ma,-71.019165,42.362898
227425,9/8/12 5:56 PM,320 Massachusetts Ave Boston Ma 02115,-71.084680,42.342552
228916,9/10/12 3:16 PM,270 Columbus Ave Boston Ma 02116,-71.073333,42.347258
229267,9/8/12 3:41 PM,Unnamed Road Boston Ma,-71.018552,42.369190
229431,9/7/12 4:26 PM,810 Boylston St Boston Ma 02199,-71.082497,42.348673
229754,9/8/12 4:10 PM,820 Boylston St Boston Ma 02199,-71.082662,42.348638
229912,9/15/12 2:33 PM,Charles St @ Cambridge St Boston Ma,-71.070443,42.361843
230398,9/8/12 4:19 PM,State St Boston Ma,-71.053438,42.359365
231071,9/7/12 5:46 PM,120 Belvidere St Boston Ma 02115,-71.082295,42.345823
232838,9/11/12 12:50 PM,70 Park Sq Boston Ma 02116,-71.067687,42.350977
233841,9/21/12 1:29 PM,Unnamed Road Boston Ma,-71.018498,42.369178
234009,9/21/12 1:59 PM,10 Franklin St Boston Ma 02110,-71.059445,42.356155
234330,9/8/12 2:24 PM,176 Tremont St Boston Ma 02111,-71.064283,42.352972
234670,9/11/12 2:52 PM,190 Brookline Ave Boston Ma 02215,-71.101490,42.343988
235300,9/11/12 3:35 PM,720 Atlantic Ave Boston Ma 02111,-71.055958,42.351422
235623,9/7/12 5:12 PM,Unnamed Road Boston Ma,-71.018438,42.369102
235938,9/14/12 3:04 PM,40 Park Plz Boston Ma 02116,-71.070108,42.351193
236425,9/7/12 5:39 PM,130 Franklin St Boston Ma 02110,-71.056597,42.355515
236742,9/11/12 4:49 PM,80 Court Sq Boston Ma 02108,-71.058965,42.358922
239552,9/15/12 4:36 PM,Unnamed Road Boston Ma,-71.018497,42.369088
240268,9/13/12 12:57 PM,60 Court St Boston Ma 02108,-71.059247,42.359213
240939,9/15/12 5:45 PM,230 Dartmouth St Boston Ma 02116,-71.077152,42.349633
242767,9/9/12 3:53 PM,165 Berkeley St Boston Ma 02116,-71.072213,42.349500
243592,9/12/12 1:56 PM,Unnamed Road Boston Ma,-71.022462,42.365428
244467,9/22/12 2:13 PM,Arlington St Boston Ma,-71.071366,42.353126
246314,9/22/12 5:46 PM,10 Hancock St Boston Ma 02114,-71.064523,42.361108
246466,9/12/12 4:32 PM,20 Seaport Ln Boston Ma 02210,-71.041095,42.349538
246624,9/12/12 4:42 PM,70 Exeter St Boston Ma 02116,-71.079110,42.349017
247620,9/11/12 1:58 PM,190 Dartmouth St Boston Ma 02116,-71.076875,42.348850
248453,9/11/12 2:59 PM,168 Northern Ave Boston Ma 02210,-71.043117,42.350082
249918,9/13/12 2:20 PM,10 Union St Boston Ma,-71.056922,42.360490
250400,9/9/12 12:48 PM,170 Beacon St Boston Ma 02116,-71.075710,42.354532
250570,9/8/12 2:45 PM,950 Commonwealth Ave Boston Ma,-71.118765,42.351633
250736,9/8/12 3:12 PM,560 Boylston St Boston Ma 02116,-71.076003,42.350493
251244,9/13/12 3:15 PM,I-90 @ Unnamed Road Boston Ma,-71.081027,42.347283
251573,9/10/12 3:36 PM,70 Tremont St Boston Ma 02108,-71.060298,42.357917
252314,9/16/12 12:19 PM,720 E Broadway Boston Ma 02127,-71.036493,42.335580
252679,9/13/12 5:14 PM,260 Tremont St Boston Ma 02116,-71.065270,42.350135
252845,9/13/12 5:27 PM,30 Congress St Boston Ma 02109,-71.056482,42.358418
253015,9/13/12 4:23 PM,40 Tremont St Boston Ma,-71.059668,42.358895
253198,9/8/12 4:16 PM,2 Bromfield St Boston Ma 02108,-71.059463,42.356432
254063,9/15/12 2:46 PM,610 Boylston St Boston Ma 02116,-71.077298,42.350170
254387,9/16/12 2:23 PM,North St Boston Ma,-71.056255,42.360440
254938,9/12/12 5:58 PM,Unnamed Road Boston Ma,-71.080052,42.349658
255132,9/9/12 4:24 PM,Unnamed Road Boston Ma,-71.018417,42.369275
255841,9/15/12 4:46 PM,190 Brookline Ave Boston Ma 02215,-71.101342,42.344152
255989,9/15/12 5:24 PM,Dartmouth St Boston Ma,-71.076223,42.347797
256329,9/8/12 1:24 PM,710 Boylston St Boston Ma 02116,-71.079793,42.349508
256809,9/16/12 5:16 PM,442 Atlantic Ave Boston Ma 02110,-71.053093,42.353880
258143,9/12/12 5:55 PM,Charles St Boston Ma,-71.069233,42.356062
259598,9/9/12 3:26 PM,300 Hanover St Boston Ma 02113,-71.054103,42.364092
259935,9/8/12 1:04 PM,Commonwealth Ave @ Kenmore St Boston Ma 02215,-71.095577,42.348723
260119,9/16/12 12:51 PM,50 Long Wharf Boston Ma 02110,-71.050437,42.359913
260316,9/8/12 1:30 PM,292 Tremont St Boston Ma 02116,-71.065473,42.349167
261844,9/10/12 12:56 PM,Commonwealth Ave @ Beacon St Boston Ma 02215,-71.096585,42.348757
262004,9/13/12 12:04 PM,140 Franklin St Boston Ma 02110,-71.056327,42.355563
262188,9/8/12 3:54 PM,70 Exeter St Boston Ma 02116,-71.079275,42.349195
262805,9/8/12 4:55 PM,610 Boylston St Boston Ma 02116,-71.077068,42.350158
263473,9/8/12 3:51 PM,237 Hanover St Boston Ma 02113,-71.054893,42.363325
264596,9/13/12 4:16 PM,Unnamed Road Boston Ma,-71.022415,42.365428
264774,9/13/12 4:27 PM,820 Boylston St Boston Ma 02199,-71.082673,42.348608
264950,9/7/12 4:12 PM,230 Newbury St Boston Ma 02116,-71.081892,42.349773
265290,9/10/12 3:44 PM,1300 Boylston St Boston Ma 02215,-71.097478,42.344508
265620,9/9/12 3:56 PM,630 Beacon St Boston Ma 02215,-71.095672,42.349228
266433,9/13/12 3:32 PM,350 Marlborough St Boston Ma 02115,-71.086172,42.350822
266609,9/9/12 12:49 PM,50 Belvidere St Boston Ma 02115,-71.085283,42.346158
267239,9/24/12 3:23 PM,767 Boylston St Boston Ma 02116,-71.081772,42.348843
268341,9/14/12 3:21 PM,145 Dartmouth St Boston Ma 02116,-71.075980,42.347580
269475,9/14/12 5:10 PM,710 Atlantic Ave Boston Ma 02111,-71.055817,42.351553
269969,9/9/12 1:47 PM,Unnamed Road Boston Ma,-71.084399,42.346142
270115,9/17/12 2:30 PM,30 Francis St Boston Ma 02215,-71.106012,42.335430
272186,9/9/12 1:00 PM,1660 Washington St Boston Ma 02118,-71.075433,42.337682
272501,9/16/12 2:48 PM,Unnamed Road Boston Ma,-71.056102,42.362750
273180,9/8/12 12:49 PM,537 Washington St Boston Ma 02135,-71.164060,42.349522
273503,9/16/12 4:01 PM,Stuart St @ I-90 Boston Ma 02116,-71.077240,42.348125
274491,9/11/12 4:49 PM,380 Stuart St Boston Ma 02116,-71.073878,42.349160
274809,9/8/12 2:56 PM,240 Newbury St Boston Ma 02116,-71.082017,42.349690
275803,9/12/12 4:40 PM,80 St Germain St Boston Ma 02115,-71.084600,42.345730
276477,9/14/12 1:27 PM,Unnamed Road Boston Ma,-71.022282,42.365592
276641,9/14/12 1:50 PM,49 Fargo St Boston Ma 02210,-71.043615,42.346185
277147,9/13/12 1:35 PM,840 Boylston St Boston Ma 02199,-71.082865,42.348502
277491,9/8/12 4:29 PM,Unnamed Road Boston Ma,-71.018348,42.369182
280185,9/8/12 4:52 PM,88 Dartmouth St Boston Ma 02116,-71.075175,42.345787
280509,9/8/12 5:02 PM,80 Tremont St Boston Ma 02108,-71.061038,42.357728
281209,9/9/12 12:32 PM,Unnamed Road Boston Ma,-71.120310,42.364697
282128,9/8/12 5:41 PM,437 Commercial St Boston Ma 02109,-71.052763,42.367382
282640,9/18/12 2:10 PM,Arlington St Boston Ma,-71.071078,42.352937
285559,9/14/12 1:29 PM,380 Washington St Boston Ma 02108,-71.059545,42.356285
286040,9/13/12 2:26 PM,Unnamed Road Boston Ma,-71.018431,42.369371
286184,9/18/12 2:22 PM,50 Tremont St Boston Ma,-71.059900,42.359398
286487,9/9/12 3:09 PM,Unnamed Road Boston Ma,-71.018862,42.362232
286643,9/18/12 2:46 PM,80 Jenton Way Boston Ma 02110,-71.053750,42.357093
287461,9/10/12 1:26 PM,53 Fargo St Boston Ma 02210,-71.043610,42.346025
287777,9/26/12 4:18 PM,1080 Boylston St Boston Ma 02215,-71.087987,42.347157
288389,9/26/12 5:14 PM,61 Summer St Boston Ma 02110,-71.058660,42.354168
290023,9/15/12 12:08 PM,Unnamed Road Boston Ma,-71.056247,42.361022
290648,9/9/12 3:50 PM,340 Dartmouth St Boston Ma 02116,-71.078817,42.353425
291341,9/13/12 5:42 PM,160 Beacon St Boston Ma 02116,-71.075245,42.354750
292322,9/10/12 5:29 PM,Unnamed Road Boston Ma,-71.022278,42.365593
292672,9/8/12 1:13 PM,Unnamed Road Boston Ma,-71.056480,42.349932
292830,9/11/12 1:34 PM,53 Fargo St Boston Ma 02210,-71.043603,42.346117
293538,9/10/12 3:39 PM,50 St James Ave Boston Ma 02116,-71.072687,42.350402
294489,9/11/12 4:44 PM,30 Long Wharf Boston Ma 02110,-71.050905,42.359960
294660,9/11/12 5:01 PM,N351 Boston Ma,-71.022107,42.365790
295175,9/10/12 1:13 PM,490 W Broadway Boston Ma 02127,-71.045873,42.335582
295533,9/10/12 5:18 PM,347 Longwood Ave Boston Ma 02215,-71.106242,42.338380
295707,9/8/12 3:28 PM,110 Stuart St Boston Ma 02116,-71.065480,42.350960
296224,9/10/12 1:28 PM,Unnamed Road Boston Ma,-71.022672,42.365737
297072,9/10/12 3:28 PM,390 Huntington Ave Boston Ma,-71.089918,42.339830
297237,9/10/12 3:33 PM,90 Federal St Boston Ma 02110,-71.056243,42.355040
298314,9/9/12 2:56 PM,470 Huntington Ave Boston Ma,-71.094027,42.338440
298470,9/14/12 4:16 PM,320 Commonwealth Ave Boston Ma 02115,-71.086495,42.349340
298629,9/14/12 4:45 PM,Unnamed Road Boston Ma,-71.022252,42.365487
298780,9/13/12 2:42 PM,Boylston St @ Eliot St Boston Ma 02116,-71.068675,42.352253
298934,9/27/12 12:25 PM,347 Longwood Ave Boston Ma 02215,-71.106328,42.338407
299408,9/8/12 5:46 PM,I-90 @ Unnamed Road Boston Ma,-71.080123,42.347797
299723,9/13/12 3:35 PM,152 2nd Ave Boston Ma 02129,-71.051638,42.377947
301657,9/13/12 5:57 PM,30 Washington St Boston Ma 02118,-71.057870,42.359063
302179,9/12/12 5:31 PM,80 Fenway Boston Ma 02115,-71.091278,42.342402
302357,9/12/12 5:34 PM,80 Haymarket Pl Boston Ma,-71.063305,42.353158
302503,9/15/12 1:42 PM,120 Dartmouth St Boston Ma 02116,-71.075618,42.346538
303001,9/15/12 4:56 PM,I-90 @ Dartmouth St Boston Ma,-71.076133,42.347803
304494,9/19/12 1:58 PM,220 High St Boston Ma 02110,-71.051633,42.356663
305307,9/19/12 2:20 PM,40 Chapman Pl Boston Ma,-71.059863,42.357527
306297,9/14/12 12:01 PM,Commonwealth Ave @ Beacon St Boston Ma,-71.099437,42.349007
307543,9/14/12 2:59 PM,Unnamed Road Boston Ma,-71.041105,42.349165
307870,9/19/12 3:45 PM,70 High Ct Boston Ma,-71.053035,42.355522
309643,9/28/12 3:33 PM,North St Boston Ma,-71.056053,42.360533
310314,9/12/12 12:02 PM,40 St James Ave Boston Ma 02116,-71.072323,42.350647
310874,9/9/12 2:03 PM,Unnamed Road Boston Ma,-71.022482,42.365580
311203,9/12/12 12:51 PM,Unnamed Road Boston Ma,-71.082940,42.348833
311690,9/14/12 3:54 PM,127 Cambridge St Boston Ma 02114,-71.063553,42.361145
312002,9/11/12 12:15 PM,30 Oliver St Boston Ma 02110,-71.054172,42.356703
313341,9/14/12 2:31 PM,280 Providence St Boston Ma 02116,-71.074562,42.350150
313510,9/14/12 5:43 PM,210 St Botolph St Boston Ma 02115,-71.084003,42.342320
313818,9/9/12 3:17 PM,24 Harrison Ave Boston Ma 02111,-71.061243,42.353300
314651,9/14/12 3:55 PM,97 Congress St Boston Ma 02109,-71.057002,42.359815
315459,9/11/12 1:32 PM,280 Essex St Boston Ma 02111,-71.056105,42.351701
315597,9/12/12 4:01 PM,76 Beacon St Boston Ma,-71.070407,42.355897
315761,9/11/12 3:49 PM,175 Congress St Boston Ma 02110,-71.055588,42.355468
316083,9/19/12 12:40 PM,Unnamed Road Boston Ma,-71.080410,42.346833
316710,9/10/12 12:58 PM,Unnamed Road Boston Ma,-71.034223,42.315578
316851,9/12/12 5:49 PM,Arlington St Boston Ma,-71.071148,42.353067
317167,9/11/12 2:51 PM,Unnamed Road Boston Ma,-71.040990,42.349068
318754,9/11/12 3:25 PM,370 Atlantic Ave Boston Ma 02110,-71.050818,42.356212
319076,9/12/12 2:11 PM,53 Fargo St Boston Ma 02210,-71.043555,42.346157
319396,9/13/12 12:23 PM,210 State St Boston Ma,-71.052737,42.359420
320050,9/15/12 1:56 PM,20 Brookline Ave Boston Ma 02215,-71.097238,42.348417
320654,9/29/12 4:46 PM,Unnamed Road Boston Ma,-71.075560,42.350945
320963,9/16/12 1:50 PM,Unnamed Road Boston Ma,-71.018550,42.362390
321121,9/15/12 3:25 PM,203 Northern Ave Boston Ma 02210,-71.040885,42.349718
322120,9/15/12 4:27 PM,580 Commonwealth Ave Boston Ma,-71.100022,42.349148
322452,9/11/12 3:49 PM,710 Atlantic Ave Boston Ma 02111,-71.055880,42.351463
322625,9/14/12 2:34 PM,100 Western Ave Boston Ma 02134,-71.122775,42.363750
322786,9/9/12 2:38 PM,Unnamed Road Boston Ma,-71.081078,42.346582
323313,9/11/12 4:25 PM,50 Seaport Ln Boston Ma 02210,-71.041238,42.349203
323472,9/14/12 3:20 PM,720 Atlantic Ave Boston Ma 02111,-71.055977,42.351407
323632,9/9/12 3:22 PM,500 Beacon St Boston Ma 02215,-71.089633,42.350850
323815,9/15/12 5:57 PM,700 Boylston St Boston Ma 02116,-71.079600,42.349462
324313,9/13/12 4:21 PM,Boylston St @ Eliot St Boston Ma 02116,-71.068576,42.352121
324813,9/13/12 4:47 PM,I-93 Boston Ma,-71.051062,42.356122
325656,9/14/12 5:21 PM,260 Franklin St Boston Ma 02110,-71.054062,42.356377
326186,9/16/12 1:57 PM,Unnamed Road Boston Ma,-71.017968,42.362460
327100,9/16/12 2:59 PM,40 Belvidere St Boston Ma 02115,-71.085482,42.346065
329624,9/20/12 2:37 PM,1220 Commonwealth Ave Boston Ma,-71.130832,42.350678
329959,9/30/12 12:10 PM,202 Hanover St Boston Ma 02113,-71.055587,42.362693
330282,9/17/12 12:41 PM,Evans Way Boston Ma,-71.097475,42.338107
330955,9/30/12 2:31 PM,770 Atlantic Ave Boston Ma 02111,-71.056613,42.350157
331293,9/30/12 2:52 PM,Unnamed Road Boston Ma,-71.022083,42.365652
334097,9/15/12 2:59 PM,90 Temple Pl Boston Ma 02111,-71.061387,42.354877
334728,9/12/12 1:55 PM,78 Broad St Boston Ma 02110,-71.052985,42.357552
334902,9/20/12 2:55 PM,Commonwealth Ave Boston Ma,-71.116177,42.351017
335416,9/17/12 12:33 PM,760 Atlantic Ave Boston Ma 02111,-71.056682,42.350355
335736,9/20/12 4:28 PM,309 Congress St Boston Ma 02210,-71.049995,42.351425
335883,9/11/12 1:04 PM,710 Atlantic Ave Boston Ma 02111,-71.055863,42.351522
336055,9/20/12 4:59 PM,Unnamed Road Boston Ma,-71.120363,42.364683
337054,9/12/12 3:17 PM,Unnamed Road Boston Ma,-71.016898,42.365967
338407,9/15/12 2:05 PM,40 Chapman Pl Boston Ma,-71.060045,42.357675
338735,9/12/12 4:31 PM,20 Seaport Ln Boston Ma 02210,-71.041235,42.349653
339557,9/10/12 12:02 PM,68 Beacon St Boston Ma,-71.069562,42.356163
339859,9/11/12 4:57 PM,20 Blossom St Boston Ma 02114,-71.066720,42.361822
340014,9/15/12 2:40 PM,Unnamed Road Boston Ma,-71.018362,42.369335
341374,9/11/12 2:04 PM,700 Atlantic Ave Boston Ma 02111,-71.055991,42.351728
341696,9/12/12 12:11 PM,Unnamed Road Boston Ma,-71.019577,42.363807
341849,9/13/12 3:14 PM,380 Boylston St Boston Ma 02116,-71.071847,42.351637
342163,9/11/12 3:19 PM,710 Atlantic Ave Boston Ma 02111,-71.055912,42.351482
342614,9/12/12 12:11 PM,Unnamed Road Boston Ma,-71.040820,42.348913
343861,9/15/12 4:23 PM,25 Huntington Ave Boston Ma,-71.077450,42.348668
344499,9/9/12 5:21 PM,1220 Commonwealth Ave Boston Ma,-71.130837,42.350688
344816,9/11/12 1:38 PM,640 Massachusetts Ave Boston Ma 02118,-71.076868,42.336478
345007,9/12/12 1:40 PM,60 State St Boston Ma 02109,-71.056618,42.358997
345344,9/13/12 5:17 PM,10 Kilby St Boston Ma 02109,-71.055503,42.358810
346185,9/15/12 5:53 PM,50 Newbury St Boston Ma 02116,-71.073332,42.352095
346520,9/16/12 1:06 PM,346 Tremont St Boston Ma 02116,-71.067498,42.348350
346872,9/21/12 2:19 PM,830 Boylston St Boston Ma 02199,-71.082697,42.348642
348467,9/12/12 4:25 PM,737 Atlantic Ave Boston Ma 02111,-71.056268,42.350737
348642,9/21/12 12:18 PM,1510 Dorchester Ave Boston Ma 02122,-71.060607,42.298945
349465,9/12/12 5:43 PM,40 Causeway St Boston Ma 02114,-71.063143,42.364540
349927,9/21/12 3:21 PM,I-90 @ Boylston St Boston Ma,-71.083380,42.348005
350606,9/11/12 5:06 PM,Unnamed Road Boston Ma,-71.023018,42.367348
350776,9/21/12 5:10 PM,70 Deaconess Rd Boston Ma 02115,-71.107713,42.337812
350931,9/21/12 5:28 PM,840 Boylston St Boston Ma 02199,-71.082903,42.348542
351084,9/21/12 5:44 PM,830 Boylston St Boston Ma 02199,-71.082923,42.348803
351239,9/12/12 4:11 PM,41 Dalton St Boston Ma 02115,-71.084687,42.346200
352334,9/13/12 4:39 PM,30 Seaport Ln Boston Ma 02210,-71.041118,42.349390
352503,9/13/12 4:51 PM,540 Brookline Ave Boston Ma 02215,-71.110480,42.335917
353151,9/18/12 3:17 PM,160 Brookline Ave Boston Ma 02215,-71.100878,42.344693
353466,9/18/12 3:46 PM,104 Causeway St Boston Ma 02114,-71.061723,42.365358
353647,9/18/12 3:59 PM,Battery Wharf Boston Ma,-71.050328,42.367005
354408,9/10/12 1:45 PM,710 Boylston St Boston Ma 02116,-71.080047,42.349540
355548,9/11/12 1:44 PM,Arlington St Boston Ma,-71.071178,42.352887
356226,9/14/12 4:13 PM,50 N North Grove St Boston Ma,-71.068493,42.361802
357763,9/11/12 2:33 PM,830 Boylston St Boston Ma 02199,-71.082790,42.348647
358135,9/15/12 5:07 PM,390 Washington St Boston Ma 02108,-71.059835,42.356127
358298,9/15/12 5:19 PM,Avenue Of The Arts Boston Ma,-71.086388,42.341683
359011,9/12/12 12:43 PM,120 Belvidere St Boston Ma 02115,-71.082184,42.345838
360497,9/18/12 1:05 PM,Arlington St Boston Ma,-71.071198,42.352890
362047,9/17/12 5:55 PM,90 High Ct Boston Ma,-71.053310,42.355503
362541,9/11/12 5:11 PM,I-93 Boston Ma,-71.051018,42.356112
363019,9/13/12 12:45 PM,110 Tremont St Boston Ma 02108,-71.061388,42.357068
364440,9/12/12 5:30 PM,225 Hemenway St Boston Ma 02115,-71.091545,42.340228
366257,9/16/12 4:42 PM,Unnamed Road Boston Ma,-71.105250,42.347190
366711,9/13/12 3:41 PM,348 Longwood Ave Boston Ma 02215,-71.106500,42.338367
367026,9/14/12 12:10 PM,140 Boylston St Boston Ma 02116,-71.069972,42.352135
367180,9/14/12 12:24 PM,180 Summer St Boston Ma 02110,-71.055658,42.352797
368022,9/17/12 3:15 PM,Unnamed Road Boston Ma,-71.018655,42.369252
369847,9/19/12 12:09 PM,Washington St Boston Ma,-71.073422,42.338890
370318,9/22/12 1:43 PM,60 Evans Way Boston Ma 02115,-71.098847,42.337967
371124,9/22/12 4:07 PM,Columbus Ave @ Isabella St Boston Ma 02116,-71.071880,42.348518
371282,9/19/12 2:19 PM,1510 Dorchester Ave Boston Ma 02122,-71.060608,42.298920
371449,9/22/12 4:21 PM,Unnamed Road Boston Ma,-71.018630,42.369042
371609,9/19/12 2:37 PM,1200 Boylston St Boston Ma 02215,-71.094143,42.346032
371782,9/19/12 2:42 PM,180 Ipswich St Boston Ma,-71.095262,42.346338
373346,9/23/12 12:57 PM,190 Dartmouth St Boston Ma 02116,-71.076970,42.348770
373512,9/11/12 12:16 PM,Unnamed Road Boston Ma,-71.016980,42.366213
373678,9/23/12 1:45 PM,820 Boylston St Boston Ma 02199,-71.082622,42.348715
374517,9/18/12 1:34 PM,Boylston St Boston Ma,-71.092437,42.346685
375624,9/18/12 2:48 PM,I-90 @ Dartmouth St Boston Ma,-71.076195,42.347882
375935,9/19/12 3:09 PM,50 Charles St Boston Ma 02114,-71.070155,42.357508
376356,9/10/12 5:13 PM,178 Tremont St Boston Ma 02111,-71.064507,42.352762
376962,9/19/12 1:19 PM,20 Beacon St Boston Ma 02108,-71.062902,42.357870
377107,9/15/12 3:25 PM,53 Fargo St Boston Ma 02210,-71.043498,42.346027
377404,9/19/12 1:54 PM,133 Tremont St Boston Ma 02111,-71.062420,42.356168
377735,9/10/12 5:54 PM,320 Huntington Ave Boston Ma,-71.088308,42.340470
377909,9/19/12 5:55 PM,Unnamed Road Boston Ma,-71.016792,42.366082
378079,9/13/12 5:40 PM,11 Congress St Boston Ma 02109,-71.056833,42.358843
380106,9/12/12 3:13 PM,Unnamed Road Boston Ma,-71.017873,42.361848
380781,9/12/12 3:40 PM,110 Oliver St Boston Ma 02110,-71.052948,42.355903
381289,9/16/12 2:33 PM,104 Causeway St Boston Ma 02114,-71.061692,42.365320
382005,9/16/12 3:04 PM,830 Boylston St Boston Ma 02199,-71.082730,42.348572
383037,9/24/12 2:10 PM,Unnamed Road Boston Ma,-71.017042,42.366127
383408,9/24/12 3:21 PM,91 Massachusetts Ave Boston Ma 02115,-71.088433,42.348475
383600,9/11/12 4:31 PM,Arlington St Boston Ma,-71.071203,42.352897
384130,9/18/12 4:32 PM,470 Huntington Ave Boston Ma,-71.093778,42.338823
385697,9/18/12 12:52 PM,30 Park Plz Boston Ma 02116,-71.069777,42.351297
385870,9/18/12 5:57 PM,68 Beacon St Boston Ma,-71.069522,42.356195
386726,9/13/12 3:08 PM,1080 Boylston St Boston Ma 02215,-71.087953,42.347140
388497,9/11/12 2:00 PM,210 Tremont St Boston Ma 02116,-71.064712,42.351948
389122,9/20/12 1:32 PM,143 Dartmouth St Boston Ma 02116,-71.075890,42.347410
389491,9/14/12 3:53 PM,320 Commonwealth Ave Boston Ma 02115,-71.086557,42.349370
390148,9/23/12 1:51 PM,Unnamed Road Boston Ma,-71.022588,42.365359
390278,9/20/12 12:28 PM,Unnamed Road Boston Ma,-71.036477,42.335492
390429,9/25/12 12:16 PM,12 Kneeland St Boston Ma 02111,-71.062510,42.350773
390594,9/23/12 2:37 PM,Unnamed Road Boston Ma,-71.080840,42.345542
390918,9/25/12 1:41 PM,160 Tremont St Boston Ma 02111,-71.063680,42.354430
392039,9/25/12 4:42 PM,Unnamed Road Boston Ma,-71.021832,42.365057
393652,9/12/12 12:33 PM,40 Long Wharf Boston Ma 02110,-71.050648,42.359903
393811,9/14/12 2:58 PM,550 Boylston St Boston Ma 02116,-71.075658,42.350508
394122,9/23/12 3:21 PM,Unnamed Road Boston Ma,-71.018580,42.369240
394273,9/20/12 3:36 PM,1220 Commonwealth Ave Boston Ma,-71.130898,42.350645
394431,9/19/12 3:56 PM,720 Atlantic Ave Boston Ma 02111,-71.056025,42.351488
394614,9/20/12 2:05 PM,Unnamed Road Boston Ma,-71.022152,42.365297
394787,9/20/12 4:50 PM,60 Stuart St Boston Ma 02116,-71.064663,42.351083
394932,9/20/12 5:04 PM,Unnamed Road Boston Ma,-71.022300,42.365342
396833,9/11/12 2:34 PM,198 Amory St Brookline Ma 02446,-71.113862,42.350727
398557,9/12/12 3:44 PM,N144 Boston Ma,-71.057410,42.352493
400432,9/19/12 2:25 PM,50 Francis St Boston Ma 02215,-71.107373,42.335760
400761,9/26/12 1:26 PM,Unnamed Road Boston Ma,-71.017777,42.362513
401646,9/26/12 3:11 PM,230 Cambridge St Boston Ma,-71.067062,42.361195
402373,9/13/12 1:15 PM,Unnamed Road Boston Ma,-71.040835,42.349170
402877,9/11/12 4:11 PM,720 Atlantic Ave Boston Ma 02111,-71.055875,42.351327
405453,9/13/12 2:31 PM,60 St James Ave Boston Ma 02116,-71.073080,42.350128
405931,9/11/12 2:42 PM,Unnamed Road Boston Ma,-71.018177,42.369215
406098,9/19/12 2:13 PM,100 Stuart St Boston Ma 02116,-71.065302,42.351028
408432,9/24/12 2:02 PM,331 Brookline Ave Boston Ma,-71.105940,42.340319
408586,9/19/12 4:36 PM,Unnamed Road Boston Ma,-71.052410,42.354527
408933,9/24/12 2:27 PM,1940 Dorchester Ave Boston Ma 02124,-71.064298,42.285433
409243,9/20/12 2:30 PM,North St Boston Ma,-71.056833,42.360335
409748,9/20/12 2:52 PM,70 Tremont St Boston Ma 02108,-71.060285,42.357703
410080,9/11/12 5:21 PM,80 East St Boston Ma 02111,-71.056380,42.351507
411048,9/24/12 12:57 PM,Unnamed Road Boston Ma,-71.018433,42.369247
411993,9/27/12 2:31 PM,540 Boylston St Boston Ma 02116,-71.075367,42.350593
412160,9/21/12 2:23 PM,30 Long Wharf Boston Ma 02110,-71.050828,42.359745
412990,9/24/12 2:25 PM,7 Arlington St Boston Ma,-71.072033,42.354673
416323,9/17/12 1:27 PM,80 Nelson Ct Boston Ma,-71.053302,42.353667
417866,9/18/12 1:02 PM,200 Massachusetts Ave Boston Ma 02115,-71.086828,42.345512
419171,9/19/12 4:35 PM,70 Oliver St Boston Ma 02110,-71.053185,42.356083
419672,9/13/12 3:25 PM,93 State St Boston Ma 02109,-71.055227,42.358957
420195,9/20/12 2:12 PM,20 Black Falcon Ave Boston Ma 02210,-71.032955,42.343840
421215,9/13/12 1:49 PM,30 Cambridge St Boston Ma 02114,-71.059738,42.359947
422738,9/28/12 2:35 PM,Unnamed Road Boston Ma,-71.021878,42.365302
423210,9/16/12 2:26 PM,Unnamed Road Boston Ma,-71.018313,42.366482
423373,9/13/12 4:09 PM,3 Traverse St Boston Ma,-71.061253,42.363590
423715,9/21/12 1:56 PM,20 Ash St Boston Ma 02111,-71.063447,42.349117
423873,9/21/12 2:12 PM,60 Haymarket Pl Boston Ma,-71.063368,42.353015
424042,9/20/12 5:05 PM,342 Boylston St Boston Ma 02116,-71.071025,42.351853
424348,9/16/12 3:48 PM,580 E Broadway Boston Ma 02127,-71.040965,42.335598
424684,9/13/12 3:16 PM,30 Park Plz Boston Ma 02116,-71.069627,42.351192
425001,9/13/12 5:25 PM,126 Summer St Boston Ma 02110,-71.057508,42.353438
426258,9/22/12 1:25 PM,Unnamed Road Boston Ma,-71.018350,42.368997
426562,9/22/12 1:46 PM,49 Fargo St Boston Ma 02210,-71.043572,42.346220
427040,9/22/12 2:49 PM,1220 Commonwealth Ave Boston Ma,-71.130885,42.350662
427207,9/25/12 4:06 PM,Unnamed Road Boston Ma,-71.120289,42.364528
427691,9/15/12 4:43 PM,Unnamed Road Boston Ma,-71.018582,42.369150
428166,9/22/12 12:10 PM,547 Tremont St Boston Ma 02116,-71.071475,42.344092
429510,9/13/12 5:13 PM,70 State St Boston Ma 02109,-71.056648,42.359045
431342,9/25/12 12:18 PM,200 Boylston St Boston Ma 02116,-71.068655,42.352608
431686,9/22/12 4:32 PM,40 Belvidere St Boston Ma 02115,-71.085245,42.346315
432034,9/18/12 1:01 PM,Unnamed Road Boston Ma,-71.018498,42.369040
432200,9/25/12 1:14 PM,230 Devonshire St Boston Ma 02110,-71.057200,42.355122
432856,9/25/12 2:04 PM,223 Summer St Boston Ma 02210,-71.054158,42.352132
434201,9/25/12 4:11 PM,270 Summer St Boston Ma 02210,-71.050220,42.350218
434999,9/29/12 2:21 PM,304 Commercial St Boston Ma 02109,-71.050963,42.365087
436153,9/29/12 4:20 PM,540 Commonwealth Ave Boston Ma,-71.096768,42.348995
437172,9/19/12 12:12 PM,60 Seaport Ln Boston Ma 02210,-71.041557,42.349168
438491,9/20/12 2:17 PM,70 Purchase St Boston Ma,-71.051477,42.356148
440289,9/20/12 4:01 PM,50 Newbury St Boston Ma 02116,-71.073308,42.352252
440465,9/20/12 4:11 PM,N380 Boston Ma,-71.039723,42.348403
440609,9/20/12 4:26 PM,Park Dr Boston Ma,-71.095132,42.345203
441046,9/21/12 1:15 PM,696 Commonwealth Ave Boston Ma,-71.106325,42.350202
441887,9/14/12 5:47 PM,Unnamed Road Boston Ma,-71.040843,42.348990
442040,9/17/12 3:10 PM,30 Pearl St Boston Ma 02110,-71.055127,42.356782
445533,9/22/12 4:47 PM,Boylston St Boston Ma,-71.092482,42.346717
445682,9/21/12 5:57 PM,50 Trilling Way Boston Ma 02210,-71.039633,42.348120
446159,9/30/12 12:43 PM,40 Common St Boston Ma,-71.065068,42.349660
446510,9/22/12 5:34 PM,110 Stuart St Boston Ma 02116,-71.065293,42.351382
447128,9/13/12 1:17 PM,I-93 Boston Ma,-71.052878,42.360230
447285,9/13/12 1:43 PM,10 Lancaster St Boston Ma 02114,-71.061830,42.363773
447614,9/23/12 5:23 PM,278 Dartmouth St Boston Ma 02116,-71.077847,42.351010
449002,9/19/12 12:34 PM,180 Berkeley St Boston Ma 02116,-71.072367,42.349968
450504,9/13/12 3:05 PM,710 Atlantic Ave Boston Ma 02111,-71.055173,42.351377
450675,9/14/12 12:27 PM,99 Causeway St Boston Ma 02114,-71.061808,42.365223
450857,9/23/12 5:08 PM,10 Tremont St Boston Ma,-71.060265,42.358197
452857,9/26/12 1:16 PM,260 Franklin St Boston Ma 02110,-71.054062,42.356485
455282,9/12/12 2:50 PM,310 Columbus Ave Boston Ma 02116,-71.074575,42.346728
455964,9/12/12 3:21 PM,N384 Boston Ma,-71.057705,42.361295
456153,9/14/12 1:59 PM,200 Boylston St Boston Ma 02116,-71.068722,42.352698
456894,9/21/12 12:29 PM,163 High St Boston Ma 02110,-71.052965,42.356295
457567,9/13/12 5:44 PM,Unnamed Road Boston Ma,-71.018503,42.369245
457911,9/21/12 2:29 PM,610 Boylston St Boston Ma 02116,-71.077112,42.350040
458395,9/14/12 4:38 PM,10 South St Boston Ma,-71.056903,42.352937
458748,9/21/12 3:33 PM,30 Boylston Pl Boston Ma 02116,-71.065927,42.351517
459237,9/20/12 3:28 PM,Unnamed Road Boston Ma,-71.081578,42.345765
459406,9/17/12 2:12 PM,Unnamed Road Boston Ma,-71.022102,42.365670
460067,9/13/12 12:13 PM,40 Black Falcon Ave Boston Ma 02210,-71.031192,42.344305
460232,9/14/12 5:28 PM,Unnamed Road Boston Ma,-71.017002,42.366260
460397,9/24/12 12:26 PM,98 Sleeper St Boston Ma 02210,-71.047952,42.353812
460552,9/20/12 4:57 PM,290 Beacon St Boston Ma 02116,-71.080835,42.353143
461334,9/17/12 5:31 PM,98 Huntington Ave Boston Ma,-71.079298,42.347192
461666,9/17/12 5:50 PM,53 Fargo St Boston Ma 02210,-71.043592,42.346083
462268,9/24/12 5:42 PM,20 Blossom St Boston Ma 02114,-71.066127,42.361783
465005,9/20/12 12:16 PM,98 Farnsworth St Boston Ma 02210,-71.047675,42.352427
465352,9/22/12 3:12 PM,1300 Boylston St Boston Ma 02215,-71.097572,42.344547
465667,9/20/12 1:11 PM,10 Huntington Ave Boston Ma 02115,-71.077762,42.348818
465833,9/24/12 1:58 PM,608 Commonwealth Ave Boston Ma,-71.100957,42.349528
467318,9/20/12 3:12 PM,Unnamed Road Boston Ma,-71.054012,42.353608
467471,9/24/12 4:57 PM,1090 Boylston St Boston Ma 02215,-71.088330,42.347055
468134,9/13/12 3:06 PM,26 Arlington St Boston Ma 02116,-71.070235,42.351478
471603,9/13/12 5:08 PM,260 Beacon St Boston Ma 02116,-71.079325,42.353570
472665,9/27/12 4:00 PM,30 Oliver St Boston Ma 02110,-71.053990,42.356805
472979,9/17/12 2:58 PM,I-90 @ Dartmouth St Boston Ma,-71.076303,42.347728
475323,9/22/12 12:33 PM,431 Atlantic Ave Boston Ma 02110,-71.051598,42.354692
475491,9/21/12 12:47 PM,720 Boylston St Boston Ma 02116,-71.080076,42.349438
476117,9/24/12 12:03 PM,144 Dartmouth St Boston Ma 02116,-71.075957,42.347520
476257,9/22/12 1:53 PM,Unnamed Road Boston Ma,-71.120425,42.364650
476431,9/25/12 12:34 PM,710 Atlantic Ave Boston Ma 02111,-71.055985,42.351487
477448,9/24/12 1:33 PM,309 Congress St Boston Ma 02210,-71.050127,42.351228
477919,9/17/12 5:55 PM,Commonwealth Ave @ Kenmore St Boston Ma 02215,-71.095187,42.348668
478084,9/14/12 4:48 PM,Commonwealth Ave Boston Ma,-71.130638,42.350360
480423,9/25/12 5:07 PM,710 Atlantic Ave Boston Ma 02111,-71.055740,42.351408
480770,9/13/12 2:06 PM,10 Blossom St Boston Ma 02114,-71.067045,42.361457
480964,9/14/12 5:42 PM,40 Park Plz Boston Ma 02116,-71.070148,42.351365
484060,9/21/12 3:03 PM,120 Belvidere St Boston Ma 02115,-71.082050,42.345645
485058,9/13/12 3:51 PM,680 Boylston St Boston Ma 02116,-71.079265,42.349760
485221,9/21/12 4:27 PM,Unnamed Road Boston Ma,-71.018403,42.369232
485388,9/21/12 4:46 PM,860 Boylston St Boston Ma 02199,-71.083282,42.348397
486182,9/13/12 4:25 PM,766 Boylston St Boston Ma 02116,-71.081672,42.348873
488747,9/26/12 1:49 PM,N380 Boston Ma,-71.040177,42.348000
489254,9/23/12 1:55 PM,734 Atlantic Ave Boston Ma 02111,-71.056290,42.351037
489613,9/20/12 1:04 PM,25 Huntington Ave Boston Ma,-71.077627,42.348610
490628,9/19/12 3:56 PM,121 St James Ave Boston Ma 02116,-71.075760,42.349907
490790,9/23/12 3:56 PM,20 Blossom St Boston Ma 02114,-71.066728,42.361598
490952,9/23/12 4:18 PM,120 Belvidere St Boston Ma 02115,-71.081982,42.345697
491598,9/26/12 12:02 PM,710 Atlantic Ave Boston Ma 02111,-71.055613,42.351457
491755,9/18/12 4:57 PM,North St Boston Ma,-71.056295,42.360442
491898,9/26/12 5:53 PM,271 Columbus Ave Boston Ma 02116,-71.073435,42.347282
492200,9/25/12 3:03 PM,96 River St Boston Ma 02108,-71.071085,42.358778
492667,9/26/12 3:38 PM,40 N North Grove St Boston Ma,-71.068373,42.361700
492833,9/20/12 4:02 PM,200 Newbury St Boston Ma 02116,-71.080013,42.350297
493928,9/25/12 4:53 PM,43 Dalton St Boston Ma 02115,-71.084778,42.346323
494279,9/26/12 3:50 PM,120 State St Boston Ma 02109,-71.054773,42.359130
495417,9/23/12 2:21 PM,Unnamed Road Boston Ma,-71.101132,42.344938
495929,9/24/12 1:27 PM,270 Summer St Boston Ma 02210,-71.050647,42.350277
496276,9/24/12 2:04 PM,Commonwealth Ave Boston Ma,-71.113908,42.350835
496795,9/23/12 4:30 PM,33 Dalton St Boston Ma 02115,-71.084427,42.345822
497807,9/23/12 3:52 PM,173 Longwood Ave Boston Ma,-71.101188,42.336262
498285,9/23/12 4:15 PM,Commonwealth Ave Boston Ma,-71.085705,42.349598
499619,9/15/12 12:28 PM,Unnamed Road Boston Ma,-71.022552,42.365353
500119,9/28/12 12:35 PM,534 Commonwealth Ave Boston Ma,-71.096122,42.349110
500429,9/14/12 3:47 PM,49 Fargo St Boston Ma 02210,-71.043697,42.346190
501407,9/22/12 1:55 PM,30 Park Plz Boston Ma 02116,-71.069713,42.351662
503258,9/27/12 1:15 PM,113 Massachusetts Ave Boston Ma 02115,-71.087985,42.347825
503579,9/27/12 1:57 PM,Commonwealth Ave @ Massachusetts Ave Boston Ma 02215,-71.088707,42.348865
503886,9/28/12 5:03 PM,Unnamed Road Boston Ma,-71.019118,42.362225
504200,9/13/12 4:05 PM,Unnamed Road Boston Ma,-71.017672,42.361967
504350,9/14/12 2:36 PM,Southwest Corridor Park Boston Ma,-71.076328,42.347282
504801,9/19/12 12:14 PM,50 Hawley St Boston Ma 02110,-71.058775,42.355797
506760,9/15/12 3:25 PM,72 Jersey St Boston Ma 02215,-71.097725,42.344498
507059,9/14/12 3:49 PM,Unnamed Road Boston Ma,-71.043100,42.349938
507819,9/17/12 12:09 PM,103 Cambridge St Boston Ma 02114,-71.062635,42.361177
508287,9/26/12 1:32 PM,Unnamed Road Boston Ma,-71.055985,42.362707
508585,9/24/12 4:01 PM,40 Long Wharf Boston Ma 02110,-71.050573,42.359900
508749,9/20/12 3:40 PM,40 Park Sq Boston Ma 02116,-71.067832,42.351133
509527,9/27/12 5:07 PM,1300 Washington St Boston Ma 02118,-71.068110,42.341942
510005,9/19/12 4:09 PM,70 State St Boston Ma 02109,-71.056433,42.358785
510174,9/27/12 5:57 PM,720 Boylston St Boston Ma 02116,-71.080008,42.349280
510323,9/14/12 5:33 PM,81 Jersey St Boston Ma 02215,-71.097457,42.344138
511610,9/24/12 2:54 PM,Unnamed Road Boston Ma,-71.022518,42.365602
511932,9/25/12 4:39 PM,760 Atlantic Ave Boston Ma 02111,-71.056585,42.350252
512099,9/25/12 4:51 PM,Arlington St Boston Ma,-71.071052,42.352893
516530,9/23/12 2:25 PM,710 E Broadway Boston Ma 02127,-71.036852,42.335598
517079,9/17/12 5:40 PM,190 Clarendon St Boston Ma 02116,-71.074897,42.349675
518423,9/25/12 1:32 PM,Unnamed Road Boston Ma,-71.050487,42.348317
518947,9/25/12 2:13 PM,Unnamed Road Boston Ma,-71.022448,42.365410
519629,9/25/12 3:19 PM,Unnamed Road Boston Ma,-71.036550,42.312605
521036,9/25/12 5:39 PM,800 Washington St Boston Ma 02111,-71.063893,42.349480
521555,9/14/12 1:27 PM,1070 Boylston St Boston Ma 02215,-71.087865,42.347183
522208,9/14/12 1:48 PM,Unnamed Road Boston Ma,-71.079735,42.347253
522682,9/14/12 2:50 PM,Stuart St @ Eliot St Boston Ma 02116,-71.067428,42.350913
524006,9/28/12 2:30 PM,Charles St Boston Ma,-71.069297,42.356003
524524,9/25/12 4:09 PM,Unnamed Road Boston Ma,-71.022323,42.365425
525024,9/15/12 4:16 PM,4 Longfellow Pl Boston Ma 02114,-71.063782,42.363323
525171,9/27/12 1:42 PM,Unnamed Road Boston Ma,-71.022323,42.365197
525338,9/15/12 5:25 PM,1660 Washington St Boston Ma 02118,-71.075417,42.337522
526003,9/28/12 3:45 PM,720 Atlantic Ave Boston Ma 02111,-71.056130,42.351265
526857,9/29/12 1:21 PM,10 Court Sq Boston Ma 02108,-71.058537,42.358800
527189,9/28/12 2:30 PM,150 St James Ave Boston Ma 02116,-71.076598,42.349420
527337,9/28/12 2:56 PM,Commonwealth Ave Boston Ma,-71.116337,42.351067
527688,9/28/12 3:36 PM,Commonwealth Ave Boston Ma,-71.115930,42.351055
527999,9/28/12 4:49 PM,250 Franklin St Boston Ma 02110,-71.054408,42.356528
528963,9/20/12 2:51 PM,40 Park Plz Boston Ma 02116,-71.069907,42.351090
529436,9/14/12 5:23 PM,Unnamed Road Boston Ma,-71.018535,42.369307
529895,9/25/12 12:01 PM,250 Franklin St Boston Ma 02110,-71.054263,42.356233
530698,9/25/12 12:26 PM,710 Atlantic Ave Boston Ma 02111,-71.056083,42.351615
531016,9/26/12 4:41 PM,82 Beacon St Boston Ma,-71.071177,42.355882
531667,9/29/12 5:09 PM,300 Hanover St Boston Ma 02113,-71.054103,42.364122
532452,9/29/12 5:45 PM,80 Kneeland St Boston Ma 02111,-71.060373,42.350318
533044,9/18/12 12:15 PM,Unnamed Road Boston Ma,-71.022558,42.365460
533857,9/25/12 2:31 PM,289 Huntington Ave Boston Ma,-71.086448,42.341555
534800,9/16/12 1:30 PM,Unnamed Road Boston Ma,-71.084285,42.346178
535101,9/14/12 1:19 PM,30 Federal St Boston Ma 02110,-71.056695,42.356262
535420,9/15/12 2:34 PM,Unnamed Road Boston Ma,-71.080285,42.347325
535907,9/14/12 2:07 PM,695 Commonwealth Ave Boston Ma,-71.106292,42.350155
536049,9/16/12 3:24 PM,I-90 @ Unnamed Road Boston Ma,-71.081449,42.347837
536543,9/14/12 4:37 PM,70 Tremont Pl Boston Ma 02108,-71.061793,42.357863
536846,9/14/12 2:44 PM,200 Providence St Boston Ma 02116,-71.072400,42.350878
537010,9/14/12 5:48 PM,Unnamed Road Boston Ma,-71.018565,42.369192
537175,9/20/12 4:18 PM,420 Boylston St Boston Ma 02116,-71.072613,42.351297
537515,9/16/12 5:04 PM,Unnamed Road Boston Ma,-71.022365,42.365335
537832,9/14/12 4:28 PM,180 Brookline Ave Boston Ma 02215,-71.101205,42.344382
538026,9/18/12 5:08 PM,I-90 @ Dartmouth St Boston Ma,-71.076028,42.347738
538685,9/25/12 5:21 PM,40 Trilling Way Boston Ma 02210,-71.039677,42.348345
538833,9/24/12 1:02 PM,Unnamed Road Boston Ma,-71.056102,42.360912
539175,9/24/12 1:27 PM,Unnamed Road Boston Ma,-71.040685,42.349110
545176,9/22/12 4:14 PM,30 Custom House St Boston Ma 02110,-71.052950,42.357965
549152,9/16/12 1:17 PM,1300 Boylston St Boston Ma 02215,-71.097548,42.344705
549819,9/16/12 3:20 PM,Avery Pl Boston Ma,-71.063153,42.353553
550630,9/26/12 5:01 PM,766 Boylston St Boston Ma 02116,-71.081762,42.349018
551152,9/15/12 2:47 PM,820 Boylston St Boston Ma 02199,-71.082532,42.348472
551521,9/29/12 2:54 PM,143 Arlington St Boston Ma,-71.069287,42.348558
551670,9/27/12 3:25 PM,127 Cambridge St Boston Ma 02114,-71.063607,42.361143
551854,9/15/12 3:58 PM,Unnamed Road Boston Ma,-71.056468,42.349977
552213,9/15/12 4:56 PM,233 Northampton St Boston Ma 02118,-71.080768,42.338592
552395,9/29/12 3:27 PM,190 Clarendon St Boston Ma 02116,-71.074710,42.349535
552864,9/15/12 1:04 PM,200 Summer St Boston Ma 02210,-71.055195,42.352400
553025,9/29/12 5:10 PM,60 N North Grove St Boston Ma,-71.068637,42.361920
553343,9/17/12 3:05 PM,Unnamed Road Boston Ma,-71.018652,42.369173
553499,9/15/12 5:53 PM,90 Lansdowne St Boston Ma 02215,-71.098380,42.347152
554137,9/27/12 5:59 PM,Unnamed Road Boston Ma,-71.022578,42.365373
554637,9/15/12 3:57 PM,720 Atlantic Ave Boston Ma 02111,-71.056038,42.351430
554786,9/30/12 1:27 PM,739 Atlantic Ave Boston Ma 02111,-71.056487,42.350717
556061,9/27/12 12:02 PM,Unnamed Road Boston Ma,-71.022523,42.365430
557393,9/29/12 3:22 PM,Unnamed Road Boston Ma,-71.018613,42.369160
557536,9/19/12 12:16 PM,720 Boylston St Boston Ma 02116,-71.080043,42.349352
558234,9/30/12 4:17 PM,30 Blagden St Boston Ma 02116,-71.077710,42.349328
558557,9/26/12 1:07 PM,Unnamed Road Boston Ma,-71.120561,42.365113
559005,9/15/12 4:27 PM,Commonwealth Ave @ Kenmore St Boston Ma 02215,-71.095505,42.348608
559158,9/19/12 1:14 PM,60 Evans Way Boston Ma 02115,-71.098850,42.337962
559984,9/26/12 2:05 PM,530 Massachusetts Ave Boston Ma,-71.080037,42.339133
561642,9/26/12 4:38 PM,20 Long Wharf Boston Ma 02110,-71.050967,42.359937
561811,9/21/12 5:03 PM,47 Stanhope St Boston Ma 02116,-71.073993,42.348502
561977,9/17/12 2:40 PM,Unnamed Road Boston Ma,-71.018557,42.369373
562597,9/21/12 5:52 PM,60 Kenmore St Boston Ma 02215,-71.095017,42.348733
563081,9/26/12 5:05 PM,20 Ping On St Boston Ma,-71.060022,42.352422
563249,9/17/12 5:29 PM,Sleeper St Boston Ma,-71.049845,42.351193
563399,9/16/12 4:27 PM,68 Beacon St Boston Ma,-71.069660,42.356273
563706,9/26/12 5:34 PM,480 Columbus Ave Boston Ma 02118,-71.078570,42.343097
565796,9/29/12 4:14 PM,10 Blossom St Boston Ma 02114,-71.066963,42.361307
566756,9/29/12 5:02 PM,4 Quaker Ln Boston Ma 02109,-71.057080,42.358838
567209,9/22/12 12:40 PM,40 Trilling Way Boston Ma 02210,-71.039973,42.348185
568868,9/22/12 1:22 PM,590 Boylston St Boston Ma 02116,-71.076793,42.350400
569370,9/22/12 1:28 PM,Unnamed Road Boston Ma,-71.018693,42.369323
570806,9/18/12 1:37 PM,N380 Boston Ma,-71.039823,42.348600
571170,9/27/12 12:25 PM,710 Atlantic Ave Boston Ma 02111,-71.055917,42.351557
571860,9/22/12 4:27 PM,190 Tremont St Boston Ma 02116,-71.064520,42.352275
572352,9/30/12 1:50 PM,Brighton Ave @ Gardner St Boston Ma,-71.132417,42.353028
572516,9/16/12 1:15 PM,300 Columbus Ave Boston Ma 02116,-71.074072,42.346947
573991,9/28/12 3:23 PM,40 Fairfield St Boston Ma 02116,-71.082168,42.349790
574659,9/28/12 5:09 PM,840 Boylston St Boston Ma 02199,-71.082862,42.348555
575175,9/17/12 4:13 PM,680 Boylston St Boston Ma 02116,-71.079008,42.349677
576337,9/16/12 12:54 PM,210 W Springfield St Boston Ma 02118,-71.079993,42.340112
579531,9/16/12 3:53 PM,Unnamed Road Boston Ma,-71.022513,42.365450
579702,9/28/12 5:25 PM,11 Atlantic Ave Boston Ma 02110,-71.051097,42.363840
580556,9/25/12 1:16 PM,10 Lincoln St Boston Ma 02111,-71.057800,42.353195
580706,9/28/12 5:49 PM,10 Tremont St Boston Ma,-71.060388,42.358218
581218,9/16/12 1:05 PM,49 Merchants Row Boston Ma 02109,-71.056103,42.360483
581396,9/16/12 1:23 PM,70 Exeter St Boston Ma 02116,-71.079243,42.349108
582203,9/30/12 1:34 PM,192 Avenue Louis Pasteur Boston Ma 02115,-71.103367,42.337242
582667,9/26/12 12:32 PM,40 Long Wharf Boston Ma 02110,-71.050580,42.359928
582840,9/16/12 2:52 PM,30 N Harvard St Boston Ma 02134,-71.124205,42.367728
583364,9/23/12 5:26 PM,3 Beacon St Boston Ma 02116,-71.060557,42.358202
583547,9/18/12 4:19 PM,Park Dr Boston Ma,-71.095140,42.345205
583894,9/18/12 1:24 PM,70 Mason St Boston Ma 02111,-71.063708,42.353805
584825,9/16/12 4:27 PM,1070 Boylston St Boston Ma 02215,-71.087907,42.347153
585151,9/30/12 5:41 PM,41 Dalton St Boston Ma 02115,-71.084658,42.346135
586005,9/30/12 3:14 PM,Unnamed Road Boston Ma,-71.018487,42.369087
587313,9/26/12 4:16 PM,Unnamed Road Boston Ma,-71.084480,42.346063
587968,9/26/12 4:54 PM,70 Winter Pl Boston Ma 02108,-71.061987,42.355688
588291,9/18/12 5:46 PM,438 Atlantic Ave Boston Ma 02110,-71.052533,42.354203
588445,9/29/12 12:36 PM,149 Dartmouth St Boston Ma 02116,-71.076217,42.347645
588601,9/18/12 1:46 PM,108 Causeway St Boston Ma 02114,-71.061507,42.365440
588747,9/29/12 1:04 PM,10 Pilgrim Rd Boston Ma 02215,-71.103552,42.342645
590478,9/17/12 2:21 PM,580 Boylston St Boston Ma 02116,-71.076503,42.350402
590651,9/29/12 2:26 PM,120 Belvidere St Boston Ma 02115,-71.081992,42.346073
591778,9/29/12 3:53 PM,10 W Broadway Boston Ma 02127,-71.056942,42.342818
592242,9/18/12 5:06 PM,40 Commonwealth Ave Boston Ma,-71.074660,42.352822
593026,9/28/12 1:27 PM,20 Lincoln St Boston Ma 02111,-71.057937,42.353098
594118,9/23/12 12:09 PM,220 Boylston St Boston Ma 02116,-71.068600,42.352348
594426,9/18/12 3:51 PM,Unnamed Road Boston Ma,-71.022488,42.365575
595541,9/18/12 4:57 PM,10 High St Boston Ma 02110,-71.057282,42.353450
596182,9/23/12 1:00 PM,470 Summer St Boston Ma,-71.041900,42.346098
596689,9/23/12 1:51 PM,I-93 Boston Ma,-71.053068,42.360297
597355,9/29/12 4:32 PM,90 Park Sq Boston Ma 02116,-71.067598,42.350835
597684,9/19/12 1:41 PM,304 Longwood Ave Boston Ma 02215,-71.103945,42.337210
597838,9/20/12 5:24 PM,570 Commonwealth Ave Boston Ma,-71.100495,42.349140
598345,9/17/12 2:26 PM,Unnamed Road Boston Ma,-71.016775,42.366060
600570,9/23/12 5:04 PM,Unnamed Road Boston Ma,-71.017970,42.362383
600894,9/23/12 5:53 PM,250 Franklin St Boston Ma 02110,-71.054320,42.356370
601061,9/19/12 5:10 PM,1080 Boylston St Boston Ma 02215,-71.088002,42.347155
603700,9/19/12 3:26 PM,80 Boates Ct Boston Ma 02110,-71.051640,42.356458
605741,9/19/12 2:33 PM,40 Belvidere St Boston Ma 02115,-71.085348,42.346113
606071,9/19/12 1:22 PM,190 Northern Ave Boston Ma 02210,-71.041488,42.349867
606562,9/24/12 5:13 PM,Commonwealth Ave @ Kenmore St Boston Ma 02215,-71.095333,42.348725
606876,9/28/12 12:34 PM,50 Salem St Boston Ma 02113,-71.056002,42.363217
607175,9/30/12 4:15 PM,90 Fairfield St Boston Ma 02116,-71.081828,42.349038
607785,9/30/12 12:06 PM,I-90 @ Dartmouth St Boston Ma,-71.075993,42.347702
608253,9/30/12 5:34 PM,Unnamed Road Boston Ma,-71.018513,42.369100
608883,9/19/12 12:09 PM,60 Broad St Boston Ma 02110,-71.053320,42.358006
609381,9/19/12 5:03 PM,490 Huntington Ave Boston Ma,-71.095065,42.338047
609704,9/19/12 5:23 PM,130 Franklin St Boston Ma 02110,-71.056538,42.355598
610028,9/18/12 5:01 PM,Unnamed Road Boston Ma,-71.040933,42.349172
610327,9/28/12 4:41 PM,70 Tremont St Boston Ma 02108,-71.060412,42.357843
610859,9/30/12 5:02 PM,12 N Beacon St Boston Ma,-71.138035,42.353725
611855,9/20/12 5:33 PM,260 Tremont St Boston Ma 02116,-71.065105,42.350135
612017,9/30/12 5:16 PM,480 Washington St Boston Ma 02111,-71.061230,42.354668
612188,9/23/12 3:22 PM,Unnamed Road Boston Ma,-71.022568,42.365372
613721,9/23/12 5:58 PM,Unnamed Road Boston Ma,-71.056422,42.350045
618469,9/21/12 2:07 PM,50 Trilling Way Boston Ma 02210,-71.039520,42.348183
619109,9/19/12 12:24 PM,110 Stuart St Boston Ma 02116,-71.065447,42.351372
619587,9/20/12 12:44 PM,Milton Pl Boston Ma,-71.057383,42.353700
620698,9/20/12 12:51 PM,720 Atlantic Ave Boston Ma 02111,-71.055962,42.351372
620850,9/20/12 1:35 PM,10 Exeter Pl Boston Ma,-71.061088,42.353462
621135,9/20/12 4:03 PM,Unnamed Road Boston Ma,-71.017105,42.366370
621292,9/19/12 3:06 PM,40 Congress St Boston Ma,-71.057223,42.360738
621446,9/20/12 5:31 PM,710 Atlantic Ave Boston Ma 02111,-71.056067,42.351530
622299,9/20/12 2:41 PM,Unnamed Road Boston Ma,-71.017127,42.366465
622459,9/20/12 4:19 PM,200 Boylston St Boston Ma 02116,-71.068633,42.352385
623825,9/20/12 3:55 PM,10 Tremont St Boston Ma,-71.060248,42.358268
625799,9/19/12 5:21 PM,Unnamed Road Boston Ma,-71.018227,42.369252
626313,9/24/12 2:46 PM,15 Kneeland St Boston Ma 02111,-71.062377,42.350792
627264,9/28/12 4:51 PM,4 Kneeland St Boston Ma 02111,-71.062878,42.350877
627812,9/20/12 12:37 PM,Unnamed Road Boston Ma,-71.019250,42.362638
627967,9/19/12 12:37 PM,126 Charles St Boston Ma 02114,-71.070787,42.359483
628147,9/19/12 1:28 PM,390 Atlantic Ave Boston Ma 02110,-71.050831,42.355954
629074,9/21/12 4:43 PM,50 Mckinley Sq Boston Ma 02109,-71.053330,42.359115
630576,9/25/12 12:43 PM,Commonwealth Ave Boston Ma,-71.115602,42.350960
630894,9/20/12 12:16 PM,320 Massachusetts Ave Boston Ma 02115,-71.084632,42.342652
632363,9/25/12 4:43 PM,Unnamed Road Boston Ma,-71.019576,42.364256
632680,9/26/12 2:43 PM,70 Matthews St Boston Ma 02110,-71.055900,42.354913
632842,9/30/12 1:34 PM,80 Haymarket Pl Boston Ma,-71.063347,42.353103
632997,9/26/12 3:24 PM,60 Newbury St Boston Ma 02116,-71.073682,42.352017
633661,9/30/12 4:22 PM,417 Huntington Ave Boston Ma,-71.090743,42.339527
634174,9/30/12 5:28 PM,691 Atlantic Ave Boston Ma 02111,-71.055902,42.351888
634509,9/20/12 3:49 PM,291 Huntington Ave Boston Ma,-71.086753,42.341363
634668,9/30/12 5:15 PM,770 Atlantic Ave Boston Ma 02111,-71.056520,42.350172
634840,9/25/12 12:58 PM,I-90 @ Dartmouth St Boston Ma,-71.076442,42.347805
636204,9/20/12 12:13 PM,Unnamed Road Boston Ma,-71.056607,42.349942
636373,9/20/12 12:28 PM,10 Franklin St Boston Ma 02110,-71.059280,42.356212
636717,9/19/12 1:50 PM,Unnamed Road Boston Ma,-71.018283,42.369205
637609,9/28/12 3:33 PM,Unnamed Road Boston Ma,-71.103695,42.338898
638078,9/29/12 12:01 PM,52 Beacon St Boston Ma,-71.067843,42.356610
638223,9/28/12 5:03 PM,Unnamed Road Boston Ma,-71.120333,42.364678
638384,9/29/12 12:44 PM,330 Huntington Ave Boston Ma,-71.087930,42.340705
638560,9/24/12 1:08 PM,830 Boylston St Boston Ma 02199,-71.082838,42.348710
638721,9/20/12 2:00 PM,99 Huntington Ave Boston Ma,-71.079060,42.347107
640001,9/24/12 4:30 PM,250 Newbury St Boston Ma 02116,-71.082677,42.349702
641215,9/26/12 5:22 PM,150 Franklin St Boston Ma 02110,-71.056002,42.355467
643641,9/26/12 3:29 PM,Arlington St Boston Ma,-71.070945,42.352803
644312,9/21/12 1:03 PM,150 St James Ave Boston Ma 02116,-71.076572,42.349467
644636,9/21/12 2:03 PM,North St Boston Ma,-71.056238,42.360460
645666,9/21/12 2:41 PM,70 N073 Boston Ma,-71.114580,42.300633
645840,9/25/12 1:55 PM,290 Washington St Boston Ma 02108,-71.058422,42.357250
646337,9/25/12 2:37 PM,240 Tremont St Boston Ma 02116,-71.065150,42.350880
646501,9/29/12 12:22 PM,98 Tremont St Boston Ma 02108,-71.061062,42.357398
646657,9/29/12 12:49 PM,I-90 @ Dartmouth St Boston Ma,-71.076105,42.347772
646991,9/25/12 5:13 PM,Beacon St @ Commonwealth Ave Boston Ma,-71.097678,42.348612
647341,9/25/12 5:59 PM,Unnamed Road Boston Ma,-71.022518,42.365388
647511,9/21/12 12:07 PM,151 Huntington Ave Boston Ma,-71.081902,42.345262
647669,9/27/12 12:19 PM,190 Beacon St Boston Ma 02116,-71.076523,42.354448
647838,9/22/12 3:48 PM,730 Boylston St Boston Ma 02116,-71.080487,42.349272
648451,9/27/12 2:35 PM,60 N North Grove St Boston Ma,-71.068698,42.361870
649231,9/21/12 1:10 PM,89 State St Boston Ma 02109,-71.055445,42.359115
649371,9/20/12 1:41 PM,738 Atlantic Ave Boston Ma 02111,-71.056372,42.350750
649871,9/28/12 12:15 PM,360 Stuart St Boston Ma 02116,-71.072897,42.349275
650207,9/22/12 5:44 PM,710 Boylston St Boston Ma 02116,-71.079955,42.349478
650358,9/27/12 12:24 PM,1560 Washington St Boston Ma 02118,-71.073785,42.338597
650822,9/28/12 2:09 PM,70 Jenton Way Boston Ma 02110,-71.053633,42.356948
650976,9/27/12 2:04 PM,Commonwealth Ave Boston Ma,-71.118030,42.351280
651127,9/27/12 2:42 PM,390 Cambridge St Boston Ma,-71.070390,42.361343
651613,9/27/12 3:53 PM,50 Kenmore St Boston Ma 02215,-71.095082,42.348650
651944,9/27/12 4:47 PM,20 Boates Ct Boston Ma 02110,-71.052752,42.355975
652995,9/20/12 4:29 PM,4 Harrison Ave Boston Ma 02111,-71.060987,42.353573
653166,9/20/12 1:49 PM,Unnamed Road Boston Ma,-71.022413,42.365460
654019,9/20/12 5:16 PM,100 St James Ave Boston Ma 02116,-71.074443,42.349968
654188,9/20/12 2:30 PM,Unnamed Road Boston Ma,-71.080347,42.346878
654841,9/26/12 5:13 PM,Unnamed Road Boston Ma,-71.018047,42.362380
655792,9/28/12 12:43 PM,10 Water St Boston Ma 02109,-71.057570,42.357650
656413,9/20/12 4:23 PM,330 Commonwealth Ave Boston Ma 02115,-71.086662,42.349352
656732,9/22/12 5:53 PM,70 Belvidere St Boston Ma 02115,-71.084200,42.346040
659930,9/21/12 12:09 PM,89 State St Boston Ma 02109,-71.055427,42.359063
