12543,9/1/12 10:45 PM,Charles St @ Cambridge St Boston Ma,-71.070620,42.361867
12872,9/1/12 9:30 PM,Unnamed Road Boston Ma,-71.077803,42.348663
13322,9/1/12 10:31 PM,110 Causeway St Boston Ma 02114,-71.061503,42.365547
13803,9/1/12 6:56 PM,Unnamed Road Boston Ma,-71.055678,42.362545
14439,9/1/12 8:40 PM,40 Chambers Pl Boston Ma 02116,-71.073250,42.348167
14608,9/1/12 7:46 PM,60 St James Ave Boston Ma 02116,-71.072940,42.350377
15248,9/1/12 7:13 PM,87 Exeter St Boston Ma 02116,-71.079135,42.348620
16481,9/1/12 10:36 PM,61 Hereford St Boston Ma 02115,-71.085607,42.348713
17101,9/1/12 9:42 PM,40 Gaffney St Boston Ma 02215,-71.118328,42.352392
17430,9/1/12 7:24 PM,410 Hanover St Boston Ma,-71.052987,42.365535
17594,9/1/12 9:24 PM,200 Tremont St Boston Ma 02116,-71.064772,42.352210
17953,9/1/12 9:01 PM,40 Congress St Boston Ma,-71.057062,42.360467
18111,9/1/12 10:10 PM,160 Huntington Ave Boston Ma,-71.082387,42.345048
18274,9/1/12 9:24 PM,70 Tremont St Boston Ma 02108,-71.060385,42.357822
18937,9/1/12 6:08 PM,240 Portland St Boston Ma 02114,-71.062010,42.364400
19100,9/1/12 10:34 PM,Unnamed Road Boston Ma,-71.051357,42.357845
20094,9/1/12 7:09 PM,95 Massachusetts Ave Boston Ma 02115,-71.088318,42.348405
20264,9/1/12 10:36 PM,Commonwealth Ave @ Beacon St Boston Ma,-71.093950,42.349150
20432,9/1/12 9:28 PM,59 Kneeland St Boston Ma 02111,-71.060947,42.350560
20587,9/1/12 7:44 PM,100 Long Wharf Boston Ma 02110,-71.049747,42.359950
20953,9/1/12 7:48 PM,North St Boston Ma,-71.057032,42.360307
21425,9/1/12 8:24 PM,190 Dartmouth St Boston Ma 02116,-71.076645,42.348878
21603,9/2/12 12:00 AM,176 Boylston St Boston Ma 02116,-71.067265,42.352478
21971,9/1/12 8:57 PM,70 Fish Pier Rd Boston Ma 02210,-71.039223,42.348677
22317,9/1/12 9:41 PM,N380 Boston Ma,-71.049415,42.353682
23980,9/1/12 11:36 PM,270 Ipswich St Boston Ma 02215,-71.094278,42.347210
24156,9/1/12 8:12 PM,260 Newbury St Boston Ma 02116,-71.083038,42.349333
24740,9/1/12 11:43 PM,Unnamed Road Boston Ma,-71.022997,42.367275
25487,9/2/12 10:09 PM,480 W Broadway Boston Ma 02127,-71.046048,42.335687
25650,9/1/12 10:46 PM,260 Northern Ave Boston Ma 02210,-71.038660,42.348920
25843,9/2/12 6:59 PM,39 Union St Boston Ma,-71.057072,42.361147
26015,9/1/12 11:09 PM,90 Tremont St Boston Ma 02108,-71.061147,42.357630
26693,9/1/12 11:45 PM,20 Hanover St Boston Ma 02108,-71.057222,42.361765
26887,9/1/12 10:10 PM,80 Belvidere St Boston Ma 02115,-71.083703,42.346000
27244,9/1/12 7:58 PM,260 Northern Ave Boston Ma 02210,-71.038840,42.348825
27621,9/1/12 7:55 PM,11 Beach St Boston Ma 02111,-71.062217,42.351577
28564,9/1/12 10:32 PM,30 Wesley Pl Boston Ma 02113,-71.054405,42.364008
28761,9/1/12 10:58 PM,280 Friend St Boston Ma 02114,-71.061645,42.365050
30220,9/1/12 6:45 PM,10 N Hanover Ct Boston Ma 02113,-71.054972,42.363425
30960,9/1/12 11:25 PM,70 Causeway St Boston Ma 02114,-71.062576,42.364641
32230,9/2/12 7:49 PM,260 Ipswich St Boston Ma 02215,-71.094235,42.347303
32753,9/1/12 10:50 PM,510 Cambridge St Boston Ma 02134,-71.138155,42.353397
34656,9/2/12 10:43 PM,155 Massachusetts Ave Boston Ma 02115,-71.087347,42.346503
34820,9/1/12 11:38 PM,170 Warrenton St Boston Ma 02116,-71.066126,42.350962
35161,9/2/12 10:43 PM,170 Warrenton St Boston Ma 02116,-71.066175,42.350962
35327,9/2/12 7:27 PM,1 South St Boston Ma,-71.057067,42.353123
35804,9/2/12 7:53 PM,175 Tremont St Boston Ma 02111,-71.064272,42.353252
36466,9/2/12 6:13 PM,Unnamed Road Boston Ma,-71.043755,42.351052
37191,9/2/12 10:16 PM,246 W Newton St Boston Ma 02116,-71.080670,42.344613
38047,9/2/12 9:22 PM,Battery Wharf Boston Ma,-71.050425,42.367263
38208,9/2/12 7:21 PM,40 Cross St Boston Ma 02113,-71.056308,42.362950
39266,9/1/12 9:40 PM,Commonwealth Ave @ Unnamed Road Boston Ma 02215,-71.089192,42.348840
40303,9/1/12 11:58 PM,160 Milk St Boston Ma 02109,-71.052663,42.358487
40833,9/2/12 6:44 PM,103 Atlantic Ave Boston Ma 02110,-71.052098,42.361583
41012,9/4/12 12:03 AM,Unnamed Road Boston Ma,-71.081513,42.348272
41395,9/2/12 6:36 PM,340 Huntington Ave Boston Ma,-71.088833,42.340520
41570,9/2/12 6:59 PM,212 Atlantic Ave Boston Ma 02110,-71.050793,42.359285
42675,9/2/12 7:26 PM,438 Atlantic Ave Boston Ma 02110,-71.052475,42.354158
42841,9/2/12 8:55 PM,600 Beacon St Boston Ma 02215,-71.094330,42.349592
43209,9/3/12 8:18 PM,Unnamed Road Boston Ma,-71.019080,42.369126
43764,9/1/12 10:42 PM,36 1st Ave Boston Ma 02129,-71.054248,42.374987
44440,9/2/12 7:18 PM,106 Dorchester St Boston Ma 02127,-71.045768,42.335362
44782,9/1/12 11:48 PM,Exeter St Boston Ma,-71.080345,42.351153
45290,9/2/12 10:30 PM,90 Dorchester St Boston Ma 02127,-71.045265,42.335522
45468,9/2/12 7:02 PM,20 Hemenway St Boston Ma 02115,-71.089207,42.346043
46314,9/2/12 11:40 PM,163 Northern Ave Boston Ma 02210,-71.043167,42.350758
46800,9/2/12 9:11 PM,Unnamed Road Boston Ma,-71.077808,42.350505
47174,9/2/12 10:23 PM,163 Northern Ave Boston Ma 02210,-71.043168,42.350635
47740,9/2/12 6:17 PM,Unnamed Road Boston Ma,-71.079823,42.347337
48701,9/3/12 12:01 AM,76 Jersey St Boston Ma 02215,-71.097652,42.344255
49543,9/2/12 11:15 PM,39 Gloucester St Boston Ma 02115,-71.084123,42.349215
49690,9/3/12 11:03 PM,784 Tremont St Boston Ma 02118,-71.080487,42.339102
50217,9/3/12 6:34 PM,450 Washington St Boston Ma 02111,-71.060908,42.355203
50754,9/2/12 11:23 PM,I-90 @ Boylston St Boston Ma,-71.085987,42.347723
52332,9/2/12 10:13 PM,90 Bay State Road Boston Ma 02215,-71.097288,42.350160
52670,9/2/12 11:43 PM,140 Dartmouth St Boston Ma 02116,-71.075927,42.347322
52837,9/3/12 11:39 PM,Stuart St @ Eliot St Boston Ma 02116,-71.067083,42.350932
53169,9/2/12 10:49 PM,22 N Commercial Wharf Boston Ma 02110,-71.050943,42.362585
53361,9/2/12 8:14 PM,370 Hanover St Boston Ma 02113,-71.052842,42.365642
55872,9/4/12 11:20 PM,150 St James Ave Boston Ma 02116,-71.076645,42.349282
56426,9/2/12 10:40 PM,140 Westland Ave Boston Ma 02115,-71.088672,42.343822
57096,9/2/12 10:26 PM,170 Staniford St Boston Ma 02114,-71.063632,42.363858
57615,9/3/12 7:09 PM,3 Fairfield St Boston Ma 02116,-71.083508,42.352295
57948,9/2/12 11:32 PM,42 Stanhope St Boston Ma 02116,-71.073765,42.348407
58108,9/2/12 11:53 PM,390 Mount Vernon St Boston Ma 02125,-71.040728,42.316923
58426,9/3/12 8:34 PM,Atlantic Ave Boston Ma,-71.051502,42.358678
58933,9/2/12 10:31 PM,340 Newbury St Boston Ma 02116,-71.086445,42.348542
59085,9/2/12 7:05 PM,49 Fargo St Boston Ma 02210,-71.043535,42.346230
59263,9/5/12 7:49 PM,80 School St Boston Ma 02108,-71.060093,42.357920
59416,9/5/12 8:09 PM,180 9th St Boston Ma 02129,-71.051368,42.375135
60240,9/2/12 10:51 PM,480 W Broadway Boston Ma 02127,-71.046197,42.335793
61077,9/4/12 10:36 PM,150 St James Ave Boston Ma 02116,-71.076803,42.349397
61256,9/2/12 11:45 PM,170 Ipswich St Boston Ma,-71.094562,42.346910
61568,9/2/12 11:51 PM,950 Commonwealth Ave Boston Ma,-71.118627,42.351622
61753,9/4/12 8:29 PM,Hanover St Boston Ma,-71.055872,42.362598
62856,9/3/12 10:31 PM,30 Bay State Road Boston Ma 02215,-71.094057,42.349800
65397,9/4/12 6:44 PM,62 Brimmer St Boston Ma 02108,-71.071687,42.356682
67084,9/4/12 8:26 PM,10 Blossom St Boston Ma 02114,-71.066920,42.361578
67415,9/4/12 8:42 PM,30 Pemberton Sq Boston Ma 02108,-71.060693,42.358445
68543,9/4/12 9:27 PM,Commonwealth Ave Brookline Ma,-71.106860,42.349932
69216,9/5/12 8:22 PM,340 Newbury St Boston Ma 02116,-71.086657,42.348557
69366,9/3/12 7:53 PM,Battery Wharf Boston Ma,-71.050420,42.366990
69530,9/3/12 7:48 PM,440 Columbus Ave Boston Ma 02116,-71.077545,42.343947
70187,9/5/12 9:43 PM,50 Burbank St Boston Ma 02115,-71.088662,42.344478
70710,9/4/12 7:02 PM,Brighton Ave @ Gardner St Boston Ma,-71.131912,42.352950
70876,9/3/12 12:00 AM,Commonwealth Ave @ Beacon St Boston Ma,-71.099008,42.349248
71217,9/5/12 11:28 PM,25 Arlington St Boston Ma 02116,-71.070302,42.351573
72834,9/3/12 8:16 PM,60 Hawthorne Pl Boston Ma 02114,-71.066745,42.363975
73002,9/6/12 11:11 PM,3 Avery St Boston Ma,-71.062590,42.353322
74252,9/4/12 8:58 PM,Unnamed Road Boston Ma,-71.096670,42.341980
74425,9/3/12 8:53 PM,Commonwealth Ave @ Beacon St Boston Ma 02215,-71.095717,42.348823
75121,9/3/12 10:05 PM,190 Canal St Boston Ma 02114,-71.061227,42.365463
75295,9/6/12 9:32 PM,20 Stuart St Boston Ma 02116,-71.063455,42.351062
75597,9/5/12 10:53 PM,563 Tremont St Boston Ma 02118,-71.072235,42.343690
75929,9/3/12 10:39 PM,82 Jersey St Boston Ma 02215,-71.097587,42.343953
76102,9/4/12 11:33 PM,120 Dartmouth St Boston Ma 02116,-71.075628,42.346470
76247,9/3/12 11:05 PM,Unnamed Road Boston Ma,-71.087603,42.342227
77425,9/4/12 6:45 PM,126 Causeway St Boston Ma 02114,-71.060935,42.365783
77573,9/4/12 7:10 PM,76 Broad St Boston Ma 02110,-71.052960,42.357717
77924,9/4/12 8:01 PM,Unnamed Road Boston Ma,-71.081890,42.344710
78079,9/2/12 11:54 PM,Commonwealth Ave @ Kenmore St Boston Ma 02215,-71.095200,42.348763
78850,9/4/12 8:02 PM,40 Park Plz Boston Ma 02116,-71.070080,42.351413
79010,9/6/12 10:21 PM,30 Vinton St Boston Ma 02127,-71.053170,42.329548
79499,9/3/12 6:25 PM,230 Park Dr Boston Ma,-71.101420,42.342117
80862,9/5/12 8:34 PM,Unnamed Road Boston Ma,-71.103873,42.346267
81918,9/2/12 7:45 PM,30 Central Wharf Boston Ma 02110,-71.050615,42.358998
82598,9/3/12 7:27 PM,Unnamed Road Boston Ma,-71.020552,42.369615
82939,9/3/12 6:49 PM,30 Queensberry St Boston Ma 02215,-71.095958,42.343230
83914,9/7/12 7:48 PM,148 Newbury St Boston Ma 02116,-71.077723,42.350887
84057,9/7/12 7:55 PM,71 Beacon St Boston Ma,-71.069955,42.356100
84812,9/7/12 9:22 PM,229 Hanover St Boston Ma 02113,-71.055127,42.363277
85323,9/3/12 8:17 PM,20 South Point Dr Boston Ma 02125,-71.039917,42.317215
86756,9/5/12 9:56 PM,424 Marlborough St Boston Ma 02115,-71.089158,42.350055
86919,9/4/12 8:21 PM,97 Causeway St Boston Ma 02114,-71.061935,42.365177
88102,9/5/12 10:22 PM,Unnamed Road Boston Ma,-71.077678,42.348672
88415,9/4/12 9:43 PM,100 1st Ave Boston Ma 02129,-71.052343,42.376162
89115,9/6/12 6:26 PM,Unnamed Road Boston Ma,-71.021577,42.364878
89901,9/5/12 6:54 PM,158 Berkeley St Boston Ma 02116,-71.072277,42.349282
90385,9/3/12 9:44 PM,54 Fargo St Boston Ma 02210,-71.043515,42.345913
90705,9/5/12 7:37 PM,280 Northern Ave Boston Ma 02210,-71.037758,42.348452
91180,9/6/12 8:18 PM,330 Hanover St Boston Ma 02113,-71.053392,42.364712
92256,9/7/12 8:37 PM,546 Tremont St Boston Ma 02116,-71.071465,42.344143
92587,9/5/12 8:55 PM,I-90 @ Boylston St Boston Ma,-71.086497,42.347550
93801,9/5/12 10:19 PM,60 N North Grove St Boston Ma 02114,-71.068668,42.362212
93958,9/5/12 6:59 PM,80 S Charles St Boston Ma 02116,-71.066677,42.350348
94266,9/5/12 6:43 PM,241 Tremont St Boston Ma 02116,-71.065058,42.350833
95246,9/5/12 11:28 PM,80 Gaffney St Boston Ma 02215,-71.118092,42.353225
95436,9/6/12 6:34 PM,890 Commonwealth Ave Boston Ma,-71.116120,42.351357
95952,9/4/12 9:09 PM,170 Brookline Ave Boston Ma 02215,-71.101330,42.344725
96301,9/5/12 9:03 PM,105 Causeway St Boston Ma 02114,-71.061618,42.365277
96964,9/5/12 8:56 PM,1085 Commonwealth Ave Boston Ma,-71.124270,42.352368
97268,9/3/12 6:37 PM,330 W Broadway Boston Ma 02127,-71.050427,42.338497
97789,9/5/12 7:30 PM,82 Salem St Boston Ma 02113,-71.055793,42.363617
97973,9/6/12 9:05 PM,25 Arlington St Boston Ma 02116,-71.070175,42.351630
98328,9/6/12 9:29 PM,90 Walnut St Boston Ma 02108,-71.066267,42.358280
99215,9/4/12 11:39 PM,150 Clarendon St Boston Ma 02116,-71.074112,42.348765
99626,9/4/12 6:45 PM,Stuart St @ I-90 Boston Ma 02116,-71.076882,42.348307
99817,9/4/12 6:50 PM,85 Midway St Boston Ma 02210,-71.050933,42.346337
100525,9/5/12 9:01 PM,210 Summer St Boston Ma 02210,-71.054753,42.352412
101568,9/4/12 9:23 PM,130 Belvidere St Boston Ma 02115,-71.081973,42.345605
102070,9/5/12 11:16 PM,60 8th St Boston Ma 02129,-71.052283,42.374423
102891,9/6/12 6:18 PM,Unnamed Road Boston Ma,-71.071427,42.353127
104487,9/4/12 6:23 PM,180 Newbury St Boston Ma 02116,-71.079210,42.350552
104961,9/6/12 9:46 PM,470 Park Dr Boston Ma 02215,-71.104615,42.345952
105117,9/9/12 7:43 PM,90 Stuart St Boston Ma 02116,-71.065112,42.351017
105604,9/6/12 10:05 PM,60 N073 Boston Ma,-71.114533,42.300642
106094,9/8/12 7:10 PM,Unnamed Road Boston Ma,-71.041150,42.348918
107052,9/8/12 7:53 PM,271 Dartmouth St Boston Ma 02116,-71.077608,42.350748
107948,9/6/12 10:43 PM,1950 Dorchester Ave Boston Ma 02124,-71.064288,42.285377
110514,9/6/12 6:52 PM,555 Tremont St Boston Ma 02118,-71.071770,42.343938
110851,9/6/12 7:17 PM,Huntington Ave @ I-90 Boston Ma,-71.077668,42.348488
111207,9/8/12 9:37 PM,90 India Wharf Boston Ma 02110,-71.050080,42.357865
111671,9/4/12 10:36 PM,180 Berkeley St Boston Ma 02116,-71.072568,42.349802
111992,9/4/12 11:34 PM,220 Marlborough St Boston Ma 02116,-71.081097,42.352338
112151,9/8/12 6:25 PM,Unnamed Road Boston Ma,-71.064298,42.363363
113106,9/6/12 7:10 PM,207 Berkeley St Boston Ma 02116,-71.072690,42.350445
113265,9/7/12 6:21 PM,Unnamed Road Boston Ma,-71.048270,42.354038
113769,9/7/12 6:40 PM,182 Northern Ave Boston Ma 02210,-71.041817,42.350040
113923,9/4/12 7:48 PM,150 St James Ave Boston Ma 02116,-71.076547,42.349302
114234,9/4/12 6:18 PM,Unnamed Road Boston Ma,-71.084295,42.346158
114573,9/6/12 10:24 PM,34 Arlington St Boston Ma 02116,-71.070333,42.351160
114908,9/6/12 8:35 PM,Unnamed Road Boston Ma,-71.084335,42.346107
115385,9/4/12 9:24 PM,Unnamed Road Boston Ma,-71.120327,42.365003
115555,9/4/12 6:33 PM,Unnamed Road Boston Ma,-71.120315,42.364593
115722,9/4/12 6:22 PM,53 Fargo St Boston Ma 02210,-71.043647,42.346058
116052,9/6/12 9:56 PM,1400 Washington St Boston Ma 02118,-71.070607,42.340932
116373,9/7/12 8:37 PM,220 Boylston St Boston Ma 02116,-71.068632,42.352323
116553,9/8/12 10:52 PM,66 Brookline Ave Boston Ma 02215,-71.098685,42.347167
116745,9/6/12 6:30 PM,522 Harvard St Brookline Ma 02446,-71.129668,42.348638
116925,9/6/12 9:42 PM,420 Parker St Boston Ma 02120,-71.092655,42.338688
117085,9/7/12 9:01 PM,70 Belvidere St Boston Ma 02115,-71.084093,42.345980
117244,9/8/12 11:26 PM,40 Commonwealth Ave Boston Ma 02116,-71.073770,42.352792
118267,9/7/12 9:54 PM,80 Dorchester St Boston Ma 02127,-71.045157,42.335713
119452,9/4/12 9:41 PM,150 Peterborough St Boston Ma 02215,-71.100638,42.342823
120128,9/5/12 7:23 PM,1 Park St Boston Ma 02108,-71.062995,42.357423
120293,9/6/12 11:46 PM,250 Newbury St Boston Ma 02116,-71.082425,42.349618
121650,9/7/12 11:57 PM,Unnamed Road Boston Ma,-71.048188,42.320380
121807,9/8/12 12:00 AM,570 Huntington Ave Boston Ma,-71.097490,42.336973
121992,9/5/12 6:15 PM,24 Harrison Ave Boston Ma 02111,-71.061283,42.353313
122671,9/5/12 9:31 PM,41 Dalton St Boston Ma 02115,-71.084548,42.346208
122827,9/11/12 10:01 PM,710 Boylston St Boston Ma 02116,-71.079692,42.349417
122985,9/3/12 8:41 PM,780 Boylston St Boston Ma 02199,-71.081880,42.348862
123664,9/3/12 9:01 PM,470 Cambridge St Boston Ma 02134,-71.136753,42.353957
124338,9/5/12 10:50 PM,20 Kilby St Boston Ma 02109,-71.055623,42.358545
124502,9/5/12 10:57 PM,80 Federal St Boston Ma 02110,-71.056353,42.355153
125370,9/5/12 9:10 PM,10 Tremont St Boston Ma,-71.060175,42.358145
125716,9/7/12 9:24 PM,50 Brookline Ave Boston Ma 02215,-71.098317,42.347512
126002,9/4/12 7:28 PM,10 Temple Pl Boston Ma 02111,-71.062757,42.355635
126482,9/6/12 7:47 PM,38 Gloucester St Boston Ma 02115,-71.084132,42.349277
126657,9/7/12 8:21 PM,Unnamed Road Boston Ma,-71.020837,42.369765
126820,9/7/12 10:55 PM,174 Northern Ave Boston Ma 02210,-71.042232,42.350380
127775,9/7/12 11:40 PM,160 Milk St Boston Ma 02109,-71.052552,42.358433
129012,9/7/12 9:45 PM,247 Tremont St Boston Ma 02116,-71.065122,42.350435
129677,9/4/12 11:59 PM,49 Beacon St Boston Ma,-71.067592,42.356638
131124,9/4/12 11:04 PM,440 Columbus Ave Boston Ma 02116,-71.077362,42.344102
131267,9/5/12 6:29 PM,Studio Pl Boston Ma,-71.078887,42.345812
131419,9/7/12 10:53 PM,Unnamed Road Boston Ma,-71.084220,42.346138
132377,9/7/12 11:24 PM,64 Boylston St Boston Ma 02116,-71.064287,42.352248
134401,9/5/12 6:34 PM,Unnamed Road Boston Ma,-71.021112,42.364720
134729,9/6/12 11:19 PM,Unnamed Road Boston Ma,-71.066335,42.359240
135041,9/5/12 6:19 PM,Unnamed Road Boston Ma,-71.018570,42.361885
135807,9/8/12 10:19 PM,90 Charles St Boston Ma 02114,-71.070595,42.358540
136143,9/7/12 6:53 PM,2 St Cecilia St Boston Ma,-71.087550,42.347282
136307,9/5/12 8:35 PM,91 Midway St Boston Ma 02210,-71.050905,42.346568
136596,9/8/12 11:38 PM,Battery St Boston Ma,-71.050503,42.366537
136757,9/5/12 8:10 PM,260 Northern Ave Boston Ma 02210,-71.038843,42.348680
138727,9/7/12 8:28 PM,720 Boylston St Boston Ma 02116,-71.080172,42.349225
139687,9/7/12 11:19 PM,100 Gainsborough St Boston Ma 02115,-71.087862,42.342343
140008,9/7/12 11:33 PM,160 Brookline Ave Boston Ma 02215,-71.101000,42.344872
141120,9/12/12 9:57 PM,760 Tremont St Boston Ma 02118,-71.079165,42.339790
143646,9/8/12 9:45 PM,10 Tremont St Boston Ma,-71.060283,42.358215
143965,9/4/12 6:48 PM,71 Jersey St Boston Ma 02215,-71.097787,42.344493
144114,9/5/12 11:35 PM,16 Fairfield St Boston Ma 02116,-71.083133,42.351450
144652,9/7/12 10:54 PM,57 Huntington Ave Boston Ma,-71.079398,42.347303
145291,9/6/12 9:14 PM,Commonwealth Ave @ Unnamed Road Boston Ma,-71.088450,42.349300
145624,9/8/12 11:02 PM,510 Beacon St Boston Ma 02215,-71.090080,42.350850
145824,9/4/12 8:07 PM,190 Canal St Boston Ma 02114,-71.060982,42.365477
145978,9/7/12 11:50 PM,1300 Boylston St Boston Ma 02215,-71.097575,42.344563
146134,9/6/12 7:16 PM,230 Milk St Boston Ma 02109,-71.051753,42.358702
146477,9/8/12 6:22 PM,Unnamed Road Boston Ma,-71.020355,42.369577
147090,9/6/12 10:58 PM,Charles St @ Cambridge St Boston Ma,-71.070825,42.361780
148559,9/10/12 9:14 PM,Unnamed Road Boston Ma,-71.023465,42.367515
148868,9/4/12 10:04 PM,150 St James Ave Boston Ma 02116,-71.076655,42.349417
149021,9/10/12 9:02 PM,Unnamed Road Boston Ma,-71.104118,42.344205
149194,9/8/12 7:41 PM,80 Boylston Pl Boston Ma 02116,-71.065950,42.352327
149547,9/4/12 10:00 PM,740 Boylston St Boston Ma 02116,-71.080630,42.349228
150291,9/4/12 10:46 PM,43 Dalton St Boston Ma 02115,-71.084657,42.346368
150658,9/8/12 9:03 PM,70 School St Boston Ma 02108,-71.059848,42.358115
150831,9/5/12 10:20 PM,90 School St Boston Ma 02108,-71.060203,42.358063
151714,9/5/12 6:17 PM,30 Park Plz Boston Ma 02116,-71.070030,42.351658
152558,9/5/12 9:47 PM,Unnamed Road Boston Ma,-71.022672,42.365485
152901,9/5/12 7:03 PM,150 St James Ave Boston Ma 02116,-71.076730,42.349283
153063,9/6/12 9:43 PM,33 Arlington St Boston Ma 02116,-71.070302,42.351295
153243,9/7/12 11:20 PM,164 Northern Ave Boston Ma 02210,-71.043072,42.350695
154802,9/5/12 11:46 PM,580 E Broadway Boston Ma 02127,-71.040958,42.335595
156250,9/6/12 6:08 PM,211 Atlantic Ave Boston Ma 02110,-71.050895,42.359407
156607,9/8/12 8:02 PM,227 Hanover St Boston Ma 02113,-71.055087,42.363238
157087,9/5/12 7:17 PM,40 Board Aly Boston Ma 02113,-71.055010,42.363123
157262,9/6/12 6:38 PM,2 Gloucester St Boston Ma 02115,-71.085482,42.351745
157763,9/8/12 9:04 PM,Commonwealth Ave @ Kenmore St Boston Ma 02215,-71.095143,42.348757
158124,9/9/12 7:37 PM,270 Northern Ave Boston Ma 02210,-71.037882,42.348483
159474,9/7/12 7:31 PM,236 Hanover St Boston Ma 02113,-71.054867,42.363307
159927,9/6/12 8:41 PM,Commonwealth Ave @ E Charlesgate Boston Ma 02215,-71.091150,42.348788
160542,9/6/12 7:16 PM,280 Cambridge St Boston Ma,-71.068612,42.361018
160700,9/6/12 9:40 PM,20 Hudson St Boston Ma 02111,-71.060027,42.350612
161375,9/6/12 6:02 PM,60 Boylston Sq Boston Ma 02116,-71.062897,42.351938
161702,9/11/12 9:27 PM,Unnamed Road Boston Ma,-71.048258,42.320395
161874,9/6/12 10:30 PM,40 Trilling Way Boston Ma 02210,-71.039827,42.348200
162047,9/6/12 8:38 PM,I-93 Boston Ma,-71.055918,42.362312
162566,9/8/12 11:49 PM,480 Park Dr Boston Ma 02215,-71.104782,42.346493
163021,9/5/12 11:44 PM,31 Woodward St Boston Ma 02127,-71.055965,42.331267
163478,9/6/12 10:09 PM,190 Norway St Boston Ma 02115,-71.089515,42.345397
163974,9/7/12 6:33 PM,80 Myrtle St Boston Ma 02114,-71.067305,42.359373
164310,9/8/12 7:03 PM,260 Newbury St Boston Ma 02116,-71.083317,42.349380
164791,9/11/12 7:20 PM,30 Chapman Pl Boston Ma,-71.059858,42.357592
164964,9/11/12 7:25 PM,Unnamed Road Boston Ma,-71.117968,42.359998
165107,9/6/12 11:18 PM,1320 Boylston St Boston Ma 02215,-71.098600,42.344298
165445,9/8/12 7:48 PM,Unnamed Road Boston Ma,-71.023380,42.367303
165791,9/5/12 7:14 PM,North St Boston Ma,-71.056330,42.360532
166478,9/8/12 9:50 PM,95 Causeway St Boston Ma 02114,-71.062043,42.365162
166638,9/11/12 9:21 PM,720 Atlantic Ave Boston Ma 02111,-71.056085,42.351502
166945,9/8/12 12:07 AM,6 Ayr Rd Boston Ma 02135,-71.148830,42.336992
168211,9/7/12 9:57 PM,260 Friend St Boston Ma 02114,-71.061120,42.364783
168379,9/7/12 10:13 PM,54 Brookline Ave Boston Ma 02215,-71.098418,42.347423
168531,9/7/12 10:26 PM,680 Boylston St Boston Ma 02116,-71.079083,42.349712
168690,9/8/12 6:10 PM,182 Northern Ave Boston Ma 02210,-71.041862,42.349945
169026,9/7/12 11:27 PM,268 Columbus Ave Boston Ma 02116,-71.073407,42.347380
169197,9/7/12 11:38 PM,788 Tremont St Boston Ma 02118,-71.080998,42.339030
170305,9/14/12 7:56 PM,920 Boylston St Boston Ma 02199,-71.085100,42.348080
170484,9/14/12 8:17 PM,1310 Washington St Boston Ma 02118,-71.068280,42.341909
170789,9/8/12 11:55 PM,140 Stuart St Boston Ma 02116,-71.065917,42.351188
171110,9/8/12 10:02 PM,70 City Hall Ave Boston Ma 02108,-71.059290,42.357950
171638,9/12/12 6:40 PM,438 Atlantic Ave Boston Ma 02110,-71.052577,42.354145
171799,9/5/12 10:32 PM,Unnamed Road Boston Ma,-71.053313,42.367623
171978,9/8/12 10:26 PM,50 Boylston Sq Boston Ma 02116,-71.062762,42.351868
172317,9/5/12 10:15 PM,Unnamed Road Boston Ma,-71.081300,42.345108
172656,9/12/12 7:52 PM,Unnamed Road Boston Ma,-71.020600,42.369642
172818,9/12/12 8:30 PM,750 Boylston St Boston Ma 02116,-71.080985,42.349117
173304,9/6/12 6:08 PM,210 Summer St Boston Ma 02210,-71.054940,42.352255
173468,9/8/12 10:45 PM,50 Chickerling Pl Boston Ma,-71.062220,42.353272
173960,9/8/12 11:16 PM,270 Portland St Boston Ma 02114,-71.062328,42.364642
174464,9/9/12 12:06 AM,550 E Broadway Boston Ma 02127,-71.042325,42.335490
175139,9/6/12 11:21 PM,260 Tremont St Boston Ma 02116,-71.065192,42.350162
175623,9/6/12 8:17 PM,70 Tremont St Boston Ma 02108,-71.060240,42.357750
177381,9/8/12 10:24 PM,60 8th St Boston Ma 02129,-71.052282,42.374463
180277,9/15/12 6:26 PM,Unnamed Road Boston Ma,-71.056553,42.349943
180602,9/5/12 9:25 PM,20 Worcester Sq Boston Ma 02118,-71.075185,42.337058
181218,9/12/12 11:48 PM,20 Blagden St Boston Ma 02116,-71.077362,42.349277
181844,9/15/12 9:21 PM,Babcock St Boston Ma,-71.121157,42.352600
182334,9/5/12 10:13 PM,281 Dartmouth St Boston Ma 02116,-71.077968,42.351213
183937,9/7/12 7:36 PM,1280 Boylston St Boston Ma 02215,-71.096152,42.345032
184265,9/10/12 12:07 AM,380 Stuart St Boston Ma 02116,-71.073825,42.349162
185826,9/6/12 9:49 PM,26 Chestnut St Boston Ma 02108,-71.067288,42.357647
186796,9/10/12 7:22 PM,Unnamed Road Boston Ma,-71.081170,42.345928
187119,9/6/12 8:11 PM,30 Chapman Pl Boston Ma,-71.060015,42.357687
187758,9/6/12 10:10 PM,127 Arlington St Boston Ma 02116,-71.069497,42.348805
188076,9/7/12 6:14 PM,270 Atlantic Ave Boston Ma 02110,-71.050677,42.356138
189028,9/9/12 6:48 PM,1270 Boylston St Boston Ma 02215,-71.095572,42.345002
190003,9/11/12 7:48 PM,3 Beacon St Boston Ma 02116,-71.060462,42.358150
191137,9/8/12 9:15 PM,113 Massachusetts Ave Boston Ma 02115,-71.088123,42.347795
191798,9/6/12 10:29 PM,723 Huntington Ave Boston Ma,-71.104647,42.334302
191964,9/16/12 9:37 PM,100 Hemenway St Boston Ma 02115,-71.089980,42.343530
192294,9/9/12 9:09 PM,200 Boylston St Boston Ma 02116,-71.068745,42.352577
192464,9/16/12 11:19 PM,120 Huntington Ave Boston Ma,-71.081023,42.345789
192633,9/10/12 7:08 PM,Commonwealth Ave @ Beacon St Boston Ma,-71.099027,42.349043
192788,9/13/12 6:30 PM,Unnamed Road Boston Ma,-71.020413,42.369593
193643,9/9/12 10:49 PM,777 Tremont St Boston Ma 02118,-71.080278,42.339432
194513,9/11/12 11:14 PM,250 Franklin St Boston Ma 02110,-71.054413,42.356548
195224,9/8/12 6:21 PM,10 Brookline Ave Boston Ma 02215,-71.097293,42.348473
195394,9/10/12 10:01 PM,810 Boylston St Boston Ma 02199,-71.082457,42.348645
195732,9/10/12 6:50 PM,216 Hanover St Boston Ma 02113,-71.055153,42.363035
197867,9/7/12 10:58 PM,688 Tremont St Boston Ma 02118,-71.077155,42.340937
198190,9/7/12 7:06 PM,6 Yarmouth St Boston Ma 02116,-71.076140,42.345492
198354,9/9/12 7:16 PM,94 Phillips St Boston Ma 02114,-71.069937,42.360245
198695,9/7/12 9:49 PM,680 Commonwealth Ave Boston Ma,-71.104078,42.349647
198864,9/7/12 10:06 PM,97 Congress St Boston Ma 02109,-71.056705,42.359667
199198,9/17/12 6:10 PM,Unnamed Road Boston Ma,-71.041192,42.349085
199523,9/8/12 8:31 PM,400 Mount Vernon St Boston Ma 02125,-71.040643,42.316828
200328,9/7/12 10:24 PM,40 Park Plz Boston Ma 02116,-71.070072,42.351128
200801,9/7/12 8:09 PM,53 S Charles St Boston Ma 02116,-71.066940,42.351062
200971,9/7/12 11:09 PM,200 Summer St Boston Ma 02210,-71.054962,42.352492
201475,9/17/12 10:45 PM,160 Bay State Road Boston Ma 02215,-71.100597,42.350357
201631,9/17/12 11:37 PM,Unnamed Road Boston Ma,-71.120352,42.365095
202798,9/6/12 8:35 PM,Unnamed Road Boston Ma,-71.065638,42.364365
205316,9/11/12 8:02 PM,Massachusetts Ave @ Unnamed Road Boston Ma 02115,-71.089168,42.349935
207414,9/7/12 11:51 PM,405 Hanover St Boston Ma,-71.053067,42.365335
208075,9/18/12 7:30 PM,6 Exeter St Boston Ma 02116,-71.081043,42.352667
208912,9/12/12 10:44 PM,160 Beacon St Boston Ma 02116,-71.075083,42.354800
209589,9/18/12 10:35 PM,Dalton St Boston Ma,-71.085466,42.347657
210126,9/7/12 7:04 PM,140 Brookline Ave Boston Ma 02215,-71.100753,42.345150
210311,9/11/12 7:01 PM,Unnamed Road Boston Ma,-71.056282,42.362815
210488,9/11/12 11:52 PM,80 E Berkeley St Boston Ma 02118,-71.066403,42.344462
210689,9/10/12 8:12 PM,40 Commercial Wharf Boston Ma 02110,-71.051015,42.362227
211826,9/10/12 8:12 PM,40 Park Plz Boston Ma 02116,-71.070083,42.351308
211978,9/8/12 8:20 PM,60 Haymarket Pl Boston Ma,-71.063267,42.353005
212444,9/14/12 6:40 PM,810 Boylston St Boston Ma 02199,-71.082368,42.348765
212607,9/14/12 6:36 PM,130 Marlborough St Boston Ma 02116,-71.077925,42.353022
212777,9/8/12 8:44 PM,50 Trilling Way Boston Ma 02210,-71.039910,42.347935
213288,9/10/12 9:43 PM,1370 Boylston St Boston Ma 02215,-71.100127,42.343920
213788,9/11/12 6:33 PM,61 Boylston St Boston Ma 02116,-71.064120,42.352360
216742,9/8/12 11:31 PM,166 Northern Ave Boston Ma 02210,-71.042922,42.350633
218232,9/7/12 7:09 PM,220 Cambridge St Boston Ma,-71.066805,42.361087
218538,9/7/12 11:54 PM,50 Harvard Ave Boston Ma 02134,-71.132443,42.354303
218702,9/8/12 12:05 AM,90 Tremont St Boston Ma 02108,-71.061095,42.357652
219557,9/7/12 7:50 PM,Unnamed Road Boston Ma,-71.065853,42.364305
220729,9/8/12 6:52 PM,4 Bedford St Boston Ma,-71.061530,42.354325
221074,9/13/12 6:51 PM,150 St James Ave Boston Ma 02116,-71.076542,42.349338
221602,9/10/12 8:29 PM,Charles St @ Cambridge St Boston Ma,-71.070565,42.361738
222596,9/10/12 11:06 PM,546 Tremont St Boston Ma 02116,-71.071492,42.344208
223611,9/14/12 9:11 PM,50 Haymarket Pl Boston Ma,-71.063422,42.352930
223779,9/7/12 6:50 PM,75 Broad St Boston Ma 02110,-71.053033,42.357680
223935,9/14/12 9:33 PM,Boston Fish Pier Boston Ma,-71.037535,42.351763
224432,9/13/12 10:10 PM,40 Chambers Pl Boston Ma 02116,-71.073228,42.348208
224577,9/7/12 9:46 PM,680 E Broadway Boston Ma 02127,-71.037855,42.335547
224727,9/7/12 8:32 PM,160 Newbury St Boston Ma 02116,-71.078393,42.350843
225344,9/14/12 11:45 PM,Huntington Ave @ I-90 Boston Ma,-71.077597,42.348502
225664,9/14/12 11:57 PM,49 Fargo St Boston Ma 02210,-71.043547,42.346197
226301,9/13/12 11:40 PM,149 Charles St Boston Ma,-71.070777,42.360483
228053,9/8/12 6:24 PM,93 Broad St Boston Ma 02110,-71.052370,42.357383
228237,9/7/12 10:29 PM,Unnamed Road Boston Ma,-71.073518,42.347962
228398,9/20/12 10:19 PM,3 Province St Boston Ma 02108,-71.059282,42.357702
229098,9/20/12 11:52 PM,380 Huntington Ave Boston Ma,-71.090505,42.339859
230567,9/8/12 7:43 PM,163 Northern Ave Boston Ma 02210,-71.043147,42.350775
230914,9/11/12 9:27 PM,32 Arlington St Boston Ma 02116,-71.070363,42.351328
231381,9/11/12 9:29 PM,280 Essex St Boston Ma 02111,-71.056048,42.351918
231546,9/8/12 12:01 AM,I-90 @ Boylston St Boston Ma,-71.086085,42.347698
231719,9/7/12 11:11 PM,628 Beacon St Boston Ma 02215,-71.095403,42.349370
232675,9/11/12 7:02 PM,150 St James Ave Boston Ma 02116,-71.076578,42.349385
233010,9/12/12 7:06 PM,60 Purchase St Boston Ma,-71.051455,42.356605
233174,9/11/12 7:39 PM,10 Blossom St Boston Ma 02114,-71.066787,42.361547
233536,9/8/12 8:52 PM,90 Charles St Boston Ma 02114,-71.070637,42.358347
234161,9/8/12 10:06 PM,770 E Broadway Boston Ma 02127,-71.034630,42.335668
234822,9/7/12 11:01 PM,Franklin St Boston Ma,-71.052182,42.358430
234988,9/8/12 6:35 PM,Unnamed Road Boston Ma,-71.037648,42.348155
235157,9/15/12 6:53 PM,270 Newbury St Boston Ma 02116,-71.083705,42.349270
235474,9/10/12 9:12 PM,I-90 @ Unnamed Road Boston Ma,-71.079820,42.347552
235778,9/8/12 6:31 PM,130 Beacon St Boston Ma 02116,-71.074022,42.355098
236103,9/12/12 8:14 PM,214 Hanover St Boston Ma 02113,-71.055222,42.363003
236265,9/21/12 7:46 PM,133 Massachusetts Ave Boston Ma 02115,-71.087692,42.347107
236584,9/21/12 7:49 PM,140 St James Ave Boston Ma 02116,-71.076413,42.349598
236896,9/8/12 11:08 PM,90 Exeter St Boston Ma 02116,-71.078955,42.348463
237345,9/21/12 9:04 PM,241 Tremont St Boston Ma 02116,-71.065125,42.350843
237510,9/21/12 9:33 PM,11 Beacon St Boston Ma 02108,-71.061888,42.358053
237671,9/8/12 6:59 PM,760 Atlantic Ave Boston Ma 02111,-71.056535,42.350263
237849,9/8/12 11:58 PM,71 Jersey St Boston Ma 02215,-71.097835,42.344495
238022,9/21/12 10:06 PM,89 Exeter St Boston Ma 02116,-71.079013,42.348470
238173,9/21/12 10:34 PM,Unnamed Road Boston Ma,-71.040885,42.349053
238357,9/21/12 10:51 PM,80 Boylston St Boston Ma 02116,-71.064827,42.352405
238521,9/8/12 7:33 PM,157 Charles St Boston Ma 02114,-71.070823,42.360386
238699,9/14/12 6:57 PM,190 Newbury St Boston Ma 02116,-71.079733,42.350378
239021,9/11/12 6:58 PM,20 Blossom St Boston Ma 02114,-71.066800,42.361648
239195,9/7/12 6:52 PM,90 Whittier Pl Boston Ma 02114,-71.067363,42.365673
239910,9/8/12 7:47 PM,30 Queensberry St Boston Ma 02215,-71.096025,42.343042
240091,9/9/12 7:59 PM,380 Atlantic Ave Boston Ma 02110,-71.050652,42.356023
240437,9/7/12 7:05 PM,Unnamed Road Boston Ma,-71.081020,42.349045
240613,9/8/12 8:11 PM,450 Columbus Ave Boston Ma 02116,-71.077778,42.344007
240770,9/11/12 8:03 PM,Unnamed Road Boston Ma,-71.084338,42.346220
241114,9/9/12 11:34 PM,W Broadway Boston Ma,-71.052535,42.339840
241275,9/8/12 8:33 PM,Unnamed Road Boston Ma,-71.051943,42.359587
241786,9/15/12 11:40 PM,40 Congress St Boston Ma,-71.057292,42.360482
242089,9/11/12 9:13 PM,840 Washington St Boston Ma 02111,-71.064030,42.348940
243104,9/11/12 9:57 PM,217 K St Boston Ma 02127,-71.037335,42.335697
243270,9/11/12 10:22 PM,55 Phillips St Boston Ma 02114,-71.068643,42.360312
243964,9/11/12 11:06 PM,Unnamed Road Boston Ma,-71.041023,42.348977
244620,9/7/12 9:40 PM,774 Tremont St Boston Ma 02118,-71.079825,42.339565
244792,9/14/12 11:31 PM,30 Park Plz Boston Ma 02116,-71.069527,42.351642
245470,9/9/12 10:28 PM,190 Richmond St Boston Ma 02109,-71.054447,42.363667
245815,9/8/12 11:01 PM,40 Richmond St Boston Ma 02109,-71.052048,42.361792
246987,9/8/12 10:13 PM,Charles St @ Cambridge St Boston Ma,-71.070573,42.361818
247318,9/22/12 7:18 PM,80 Fish Pier Rd Boston Ma 02210,-71.039365,42.348552
247470,9/9/12 7:44 PM,Commonwealth Ave @ Massachusetts Ave Boston Ma,-71.088967,42.349240
247932,9/15/12 10:20 PM,1300 Boylston St Boston Ma 02215,-71.097712,42.344692
248621,9/8/12 12:00 AM,11 Water St Boston Ma 02109,-71.057508,42.357650
248783,9/13/12 8:41 PM,Unnamed Road Boston Ma,-71.020453,42.369622
248930,9/15/12 10:48 PM,Chambers Pl Boston Ma,-71.073078,42.348375
250069,9/22/12 11:24 PM,60 Lansdowne St Boston Ma 02215,-71.097123,42.347113
251087,9/12/12 8:40 PM,610 Commonwealth Ave Boston Ma,-71.103613,42.349558
251403,9/12/12 8:56 PM,10 Noyes Pl Boston Ma 02113,-71.055487,42.365042
251948,9/7/12 11:09 PM,310 Berkeley St Boston Ma 02116,-71.074518,42.354082
252493,9/9/12 11:43 PM,Unnamed Road Boston Ma,-71.077160,42.349110
253729,9/12/12 11:11 PM,24 Joy St Boston Ma 02114,-71.065007,42.359285
254242,9/13/12 7:02 PM,47 Bay State Road Boston Ma 02215,-71.095085,42.349953
257119,9/8/12 6:23 PM,30 Stuart St Boston Ma 02116,-71.064083,42.351072
257284,9/15/12 7:08 PM,I-93 Boston Ma,-71.052848,42.354513
257654,9/12/12 8:20 PM,582 Washington St Boston Ma 02111,-71.062540,42.353453
257823,9/23/12 6:32 PM,170 Brookline Ave Boston Ma 02215,-71.101125,42.344680
258452,9/15/12 8:16 PM,95 Exeter St Boston Ma 02116,-71.078942,42.348075
258612,9/23/12 8:22 PM,164 Northern Ave Boston Ma 02210,-71.043070,42.350715
258782,9/11/12 11:09 PM,460 Washington St Boston Ma 02135,-71.159715,42.348933
259095,9/15/12 8:58 PM,870 Boylston St Boston Ma 02199,-71.083508,42.348403
259438,9/9/12 7:36 PM,50 8th St Boston Ma 02129,-71.052460,42.374473
259759,9/12/12 7:41 PM,110 Huntington Ave Boston Ma,-71.081237,42.345607
260483,9/16/12 9:06 PM,10 Forsyth St Boston Ma,-71.091115,42.340772
260671,9/16/12 10:11 PM,20 Lincoln Wharf Boston Ma 02109,-71.051177,42.366098
261678,9/8/12 9:04 PM,60 Queensberry St Boston Ma 02215,-71.097743,42.342673
262345,9/15/12 10:39 PM,90 Columbia St Boston Ma 02111,-71.058637,42.352482
262498,9/15/12 11:05 PM,1220 Commonwealth Ave Boston Ma,-71.130838,42.350655
262962,9/7/12 10:07 PM,230 Cambridge St Boston Ma,-71.066737,42.361163
264427,9/8/12 7:30 PM,170 Ipswich St Boston Ma,-71.094520,42.346892
266266,9/12/12 11:52 PM,150 Boylston St Boston Ma 02116,-71.066340,42.352503
267708,9/13/12 7:39 PM,173 Northern Ave Boston Ma 02210,-71.042448,42.350188
267884,9/9/12 6:16 PM,Unnamed Road Boston Ma,-71.017105,42.366295
268178,9/7/12 7:21 PM,85 Northern Ave Boston Ma 02210,-71.043527,42.352728
269164,9/13/12 6:23 PM,51 Brookline Ave Boston Ma 02215,-71.098340,42.347472
269804,9/13/12 9:22 PM,181 Northern Ave Boston Ma 02210,-71.041912,42.350057
270270,9/8/12 8:09 PM,340 Newbury St Boston Ma 02116,-71.086220,42.348622
270428,9/24/12 9:56 PM,1680 Washington St Boston Ma 02118,-71.075808,42.337417
270575,9/10/12 7:01 PM,70 Tremont St Boston Ma 02108,-71.060602,42.357947
270742,9/8/12 8:22 PM,20 Blossom St Boston Ma 02114,-71.066820,42.361693
270887,9/12/12 11:48 PM,230 Hanover St Boston Ma 02113,-71.055148,42.363305
271054,9/9/12 11:48 PM,288 Franklin St Boston Ma 02110,-71.053130,42.357317
271206,9/8/12 8:33 PM,60 Grove St Boston Ma 02114,-71.068612,42.359523
271709,9/7/12 10:10 PM,Unnamed Road Boston Ma,-71.053622,42.360697
271862,9/9/12 9:33 PM,820 Boylston St Boston Ma 02199,-71.082587,42.348622
272341,9/13/12 8:25 PM,50 Charles St Boston Ma 02114,-71.070212,42.357310
272650,9/13/12 11:23 PM,Charles St @ Cambridge St Boston Ma,-71.070547,42.361732
272827,9/17/12 7:45 PM,Unnamed Road Boston Ma,-71.084155,42.346212
273656,9/10/12 8:36 PM,100 Stuart St Boston Ma 02116,-71.065295,42.351177
273983,9/9/12 7:11 PM,Unnamed Road Boston Ma,-71.062162,42.327912
275142,9/9/12 7:33 PM,438 Atlantic Ave Boston Ma 02110,-71.052507,42.354180
275300,9/7/12 11:31 PM,13 Beacon St Boston Ma 02108,-71.062315,42.358233
275470,9/14/12 9:51 PM,54 Fargo St Boston Ma 02210,-71.043457,42.346223
275650,9/14/12 10:12 PM,380 W Broadway Boston Ma 02127,-71.048957,42.337603
276315,9/13/12 9:52 PM,432 Atlantic Ave Boston Ma 02110,-71.051692,42.354587
276976,9/9/12 9:30 PM,I-93 Boston Ma,-71.052405,42.354833
277316,9/14/12 10:58 PM,390 Cambridge St Boston Ma,-71.069523,42.361097
277668,9/8/12 10:55 PM,10 Van Rensselaer Pl Boston Ma 02116,-71.064807,42.351687
277815,9/8/12 10:59 PM,71 Beacon St Boston Ma,-71.069913,42.356095
278649,9/14/12 11:52 PM,90 Massachusetts Ave Boston Ma 02115,-71.088540,42.348537
278820,9/12/12 7:04 PM,Huntington Ave @ I-90 Boston Ma,-71.078863,42.347410
279324,9/14/12 6:36 PM,3 Charter St Boston Ma 02113,-71.052888,42.365890
279831,9/8/12 7:32 PM,70 State St Boston Ma 02109,-71.056235,42.358772
280012,9/14/12 7:00 PM,100 Brighton Ave Boston Ma,-71.129510,42.352513
281387,9/8/12 6:28 PM,10 Central Wharf Boston Ma 02110,-71.050772,42.358937
282823,9/9/12 8:44 PM,60 Park Dr Boston Ma,-71.094637,42.343047
284928,9/14/12 9:58 PM,23 Massachusetts Ave Boston Ma 02115,-71.089520,42.350700
285080,9/8/12 9:27 PM,90 Cambria St Boston Ma 02115,-71.085525,42.347370
285222,9/8/12 7:37 PM,17 Milk St Boston Ma 02109,-71.058718,42.356927
286340,9/12/12 11:16 PM,Huntington Ave @ I-90 Boston Ma,-71.077462,42.348602
286802,9/18/12 7:57 PM,200 Newbury St Boston Ma 02116,-71.080117,42.350350
287123,9/8/12 9:56 PM,Unnamed Road Boston Ma,-71.081670,42.348778
287288,9/8/12 10:54 PM,260 Tremont St Boston Ma 02116,-71.065173,42.350113
287608,9/14/12 10:07 PM,740 E Broadway Boston Ma 02127,-71.035893,42.335657
287918,9/13/12 7:43 PM,120 Dartmouth St Boston Ma 02116,-71.075820,42.346665
288082,9/13/12 7:52 PM,Commonwealth Ave @ Beacon St Boston Ma 02215,-71.096422,42.348760
288709,9/14/12 10:56 PM,140 Stuart St Boston Ma 02116,-71.065883,42.351178
289184,9/14/12 11:27 PM,344 Congress St Boston Ma 02210,-71.048907,42.350635
289505,9/17/12 6:17 PM,830 Boylston St Boston Ma 02199,-71.082605,42.348428
290998,9/8/12 11:57 PM,140 Newbury St Boston Ma 02116,-71.077652,42.351042
291490,9/14/12 6:56 PM,S Charles St @ Boylston St Boston Ma 02116,-71.067453,42.352047
291821,9/14/12 6:58 PM,89 Exeter St Boston Ma 02116,-71.079060,42.348488
292494,9/8/12 10:14 PM,1940 Dorchester Ave Boston Ma 02124,-71.064335,42.285443
293183,9/8/12 10:55 PM,1300 Boylston St Boston Ma 02215,-71.097538,42.344732
294102,9/9/12 6:56 PM,Unnamed Road Boston Ma,-71.064410,42.363388
294295,9/13/12 11:34 PM,269 Columbus Ave Boston Ma 02116,-71.073403,42.347343
295004,9/14/12 9:17 PM,750 Boylston St Boston Ma 02116,-71.081082,42.349208
295354,9/14/12 9:30 PM,Columbus Ave @ Unnamed Road Boston Ma 02116,-71.072392,42.348277
296061,9/10/12 7:51 PM,Unnamed Road Boston Ma,-71.120442,42.364668
296558,9/10/12 8:02 PM,20 W Springfield St Boston Ma 02118,-71.076387,42.337040
296722,9/13/12 9:05 PM,Commonwealth Ave @ Kenmore St Boston Ma 02215,-71.095198,42.348715
297860,9/14/12 10:55 PM,Commercial St Boston Ma,-71.053228,42.358723
298008,9/10/12 8:21 PM,53 Fargo St Boston Ma 02210,-71.043477,42.346103
298157,9/13/12 9:32 PM,210 Washington St Boston Ma 02108,-71.057957,42.358072
299255,9/10/12 10:21 PM,50 Boston Pl Boston Ma 02108,-71.058110,42.358740
300030,9/14/12 6:11 PM,Unnamed Road Boston Ma,-71.019713,42.369228
300346,9/10/12 6:30 PM,Unnamed Road Boston Ma,-71.041110,42.349038
300514,9/10/12 6:26 PM,98 Huntington Ave Boston Ma,-71.078933,42.347000
301172,9/8/12 6:54 PM,450 Washington St Boston Ma 02111,-71.060617,42.355168
301331,9/10/12 6:57 PM,49 Congress St Boston Ma,-71.057293,42.360268
301501,9/27/12 7:28 PM,35 Anderson St Boston Ma 02114,-71.067782,42.360015
301822,9/15/12 9:29 PM,Arlington St Boston Ma,-71.071288,42.352838
303172,9/8/12 7:46 PM,Arlington St Boston Ma,-71.071787,42.354135
303340,9/12/12 7:14 PM,350 Commonwealth Ave Boston Ma 02115,-71.087625,42.349107
304333,9/27/12 11:42 PM,2 Oak Square Ave Boston Ma 02135,-71.164260,42.349680
304674,9/15/12 11:27 PM,I-90 @ Clarendon St Boston Ma,-71.073937,42.347945
304828,9/14/12 9:38 PM,113 1st Ave Boston Ma,-71.050393,42.377428
305974,9/9/12 8:17 PM,20 Blossom St Boston Ma 02114,-71.066810,42.361657
306472,9/12/12 9:14 PM,49 Fargo St Boston Ma 02210,-71.043663,42.346132
306615,9/8/12 8:07 PM,70 Tremont Pl Boston Ma 02108,-71.061753,42.357748
306768,9/12/12 9:20 PM,120 Huntington Ave Boston Ma,-71.081007,42.345713
307088,9/14/12 11:35 PM,Cambridge St Boston Ma,-71.070247,42.360960
307222,9/10/12 10:59 PM,25 Exeter St Boston Ma 02116,-71.080480,42.351583
307396,9/8/12 8:21 PM,180 Berkeley St Boston Ma 02116,-71.072470,42.349778
308016,9/19/12 8:02 PM,46 Dalton St Boston Ma 02115,-71.085023,42.346528
308176,9/18/12 10:59 PM,450 Charles St Boston Ma,-71.068943,42.365093
308331,9/12/12 10:44 PM,260 Tremont St Boston Ma 02116,-71.065225,42.349973
308820,9/15/12 11:27 PM,130 Boylston St Boston Ma 02116,-71.065985,42.352417
308961,9/12/12 11:08 PM,Unnamed Road Boston Ma,-71.080935,42.346670
309999,9/15/12 9:03 PM,150 Newbury St Boston Ma 02116,-71.077980,42.350818
311047,9/28/12 7:46 PM,Commonwealth Ave @ Unnamed Road Boston Ma,-71.090040,42.349270
311526,9/28/12 9:02 PM,2 Quaker Ln Boston Ma 02109,-71.057050,42.358872
311842,9/8/12 10:49 PM,110 Dartmouth St Boston Ma 02116,-71.075555,42.346165
312362,9/19/12 11:05 PM,190 Massachusetts Ave Boston Ma 02115,-71.086938,42.345640
312680,9/10/12 6:25 PM,Unnamed Road Boston Ma,-71.016950,42.366350
313002,9/28/12 11:38 PM,I-90 @ Boylston St Boston Ma,-71.085812,42.347710
314298,9/14/12 6:37 PM,87 Midway St Boston Ma 02210,-71.050915,42.346402
314812,9/16/12 12:13 AM,94 Exeter St Boston Ma 02116,-71.078863,42.348133
316396,9/8/12 11:07 PM,93 Beacon St Boston Ma,-71.072252,42.355570
316559,9/19/12 10:37 PM,90 Park Sq Boston Ma 02116,-71.067530,42.350873
317465,9/14/12 7:06 PM,820 Boylston St Boston Ma 02199,-71.082660,42.348591
317919,9/12/12 7:00 PM,620 Newbury St Boston Ma 02215,-71.096172,42.348067
318241,9/10/12 9:19 PM,40 Queensberry St Boston Ma 02215,-71.096802,42.342890
318899,9/14/12 10:00 PM,1350 Washington St Boston Ma 02118,-71.069555,42.341478
319878,9/9/12 7:18 PM,Unnamed Road Boston Ma,-71.064423,42.363438
320200,9/14/12 10:38 PM,80 Canal St Boston Ma 02114,-71.059773,42.364432
320514,9/10/12 8:37 PM,Unnamed Road Boston Ma,-71.019940,42.369652
321282,9/16/12 7:35 PM,36 W Newton St Boston Ma 02118,-71.073802,42.338937
321952,9/19/12 7:51 PM,270 Tremont St Boston Ma 02116,-71.065182,42.349922
322293,9/29/12 7:51 PM,130 Dartmouth St Boston Ma 02116,-71.075647,42.346765
322969,9/29/12 9:16 PM,150 Portland St Boston Ma 02114,-71.061170,42.363817
323144,9/29/12 9:31 PM,190 Canal St Boston Ma 02114,-71.061155,42.365447
323979,9/15/12 6:16 PM,70 Fish Pier Rd Boston Ma 02210,-71.039127,42.348588
324479,9/14/12 10:53 PM,110 Canal St Boston Ma 02114,-71.059802,42.364475
324643,9/11/12 7:24 PM,122 Pinckney St Boston Ma,-71.070652,42.358858
324975,9/11/12 10:43 PM,Huntington Ave @ I-90 Boston Ma,-71.077625,42.348557
328789,9/9/12 10:27 PM,Huntington Ave @ I-90 Boston Ma,-71.077485,42.348582
329115,9/9/12 10:36 PM,40 Commonwealth Ave Boston Ma,-71.074917,42.353012
329276,9/15/12 10:21 PM,Congress St Boston Ma,-71.057445,42.361410
330459,9/16/12 7:48 PM,360 Boylston St Boston Ma 02116,-71.071508,42.351843
331629,9/10/12 9:09 PM,80 Binney St Boston Ma 02115,-71.106085,42.338343
331786,9/20/12 9:48 PM,73 Jersey St Boston Ma 02215,-71.097840,42.344368
332790,9/10/12 10:03 PM,3 Deerfield St Boston Ma 02215,-71.097172,42.349038
333131,9/13/12 10:36 PM,Unnamed Road Boston Ma,-71.068740,42.362613
334246,9/12/12 8:26 PM,766 Boylston St Boston Ma 02116,-71.081742,42.348955
336206,9/9/12 8:52 PM,437 Atlantic Ave Boston Ma 02110,-71.052446,42.354295
336525,9/11/12 12:02 AM,Commonwealth Ave @ E Charlesgate Boston Ma 02215,-71.091100,42.348785
336896,9/20/12 8:16 PM,260 Newbury St Boston Ma 02116,-71.083168,42.349462
337379,9/15/12 6:45 PM,288 Newbury St Boston Ma 02115,-71.084560,42.349060
337552,9/20/12 9:32 PM,850 Beacon St Boston Ma,-71.103682,42.346962
337711,9/20/12 6:43 PM,360 Longwood Ave Boston Ma 02215,-71.107563,42.339067
337877,9/20/12 10:02 PM,25 Sleeper St Boston Ma 02210,-71.049348,42.351780
338569,9/20/12 10:39 PM,260 Atlantic Ave Boston Ma 02110,-71.050692,42.356833
338896,9/20/12 7:33 PM,600 Boylston St Boston Ma 02116,-71.076947,42.350305
339053,9/15/12 8:32 PM,372 Hanover St Boston Ma 02113,-71.052913,42.365693
340199,9/20/12 8:06 PM,4 Preble St Boston Ma 02127,-71.056662,42.329540
340375,9/20/12 8:09 PM,30 Park Plz Boston Ma 02116,-71.070088,42.351602
341214,9/20/12 8:55 PM,Unnamed Road Boston Ma,-71.120263,42.364323
341534,9/20/12 9:30 PM,1760 Washington St Boston Ma 02118,-71.077213,42.336395
342321,9/10/12 9:31 PM,Bartlett Pl Boston Ma,-71.055553,42.364168
342925,9/15/12 11:19 PM,27 Broad St Boston Ma 02110,-71.054282,42.358578
343069,9/15/12 11:46 PM,280 Newbury St Boston Ma 02116,-71.084005,42.349235
343211,9/11/12 6:43 PM,Commonwealth Ave @ Unnamed Road Boston Ma,-71.090715,42.349212
343378,9/10/12 6:56 PM,710 Atlantic Ave Boston Ma 02111,-71.055657,42.351682
344183,9/16/12 10:03 PM,16 Broad St Boston Ma 02110,-71.054495,42.359008
345164,9/11/12 9:39 PM,Unnamed Road Boston Ma,-71.078523,42.348182
347211,9/15/12 10:32 PM,Unnamed Road Boston Ma,-71.094773,42.343370
347541,9/15/12 10:39 PM,2 Avenue De Lafayette Boston Ma 02111,-71.061373,42.353538
348323,9/9/12 9:14 PM,Unnamed Road Boston Ma,-71.048330,42.320385
348810,9/15/12 11:14 PM,520 Beacon St Boston Ma 02215,-71.090710,42.350662
349138,9/11/12 10:45 PM,Tremont St Boston Ma,-71.062195,42.356388
349300,9/10/12 8:31 PM,160 Chauncy St Boston Ma 02111,-71.060912,42.352765
349628,9/12/12 9:47 PM,40 Long Wharf Boston Ma 02110,-71.050725,42.359977
350262,9/9/12 10:16 PM,100 Charles St Boston Ma 02114,-71.070688,42.358653
351537,9/10/12 9:21 PM,10 Hawley St Boston Ma 02110,-71.058035,42.356608
351999,9/11/12 6:28 PM,190 Ipswich St Boston Ma,-71.095387,42.346160
352833,9/21/12 9:52 PM,160 Boylston St Boston Ma 02116,-71.066607,42.352512
353309,9/21/12 10:58 PM,57 Brookline Ave Boston Ma 02215,-71.098502,42.347328
353799,9/21/12 11:23 PM,110 Stuart St Boston Ma 02116,-71.065361,42.351139
354253,9/13/12 6:17 PM,176 Boylston St Boston Ma 02116,-71.067323,42.352545
354735,9/12/12 8:19 PM,Unnamed Road Boston Ma,-71.064385,42.363597
354884,9/21/12 9:10 PM,10 Bowdoin St Boston Ma 02108,-71.062945,42.360902
355041,9/13/12 7:03 PM,220 Ipswich St Boston Ma,-71.095427,42.345985
355398,9/13/12 7:30 PM,50 Trilling Way Boston Ma 02210,-71.039740,42.347758
356072,9/13/12 7:45 PM,546 Tremont St Boston Ma 02116,-71.071458,42.344173
356400,9/12/12 9:50 PM,80 Cumberland St Boston Ma 02115,-71.081468,42.343337
356556,9/11/12 8:19 PM,210 State St Boston Ma,-71.052632,42.359450
356908,9/21/12 11:24 PM,280 Brighton Ave Boston Ma,-71.137267,42.353493
357224,9/21/12 11:54 PM,188 Stuart St Boston Ma 02116,-71.067203,42.350790
357955,9/15/12 11:48 PM,24 Harrison Ave Boston Ma 02111,-71.061432,42.353320
360139,9/13/12 10:27 PM,143 Dartmouth St Boston Ma 02116,-71.076058,42.347358
361707,9/15/12 8:09 PM,221 Berkeley St Boston Ma 02116,-71.073115,42.350953
363355,9/11/12 11:40 PM,140 Beacon St Boston Ma 02116,-71.074633,42.354812
363510,9/15/12 9:24 PM,340 Huntington Ave Boston Ma,-71.088887,42.340493
363664,9/17/12 7:28 PM,30 Exeter St Boston Ma 02116,-71.079822,42.350228
365448,9/22/12 7:38 PM,110 South St Boston Ma 02111,-71.057400,42.350985
366098,9/15/12 11:00 PM,170 Water St Boston Ma 02109,-71.054458,42.358233
367694,9/16/12 6:16 PM,550 E Broadway Boston Ma 02127,-71.042467,42.335472
367864,9/22/12 10:51 PM,Unnamed Road Boston Ma,-71.048880,42.351897
368369,9/16/12 7:21 PM,20 Bay State Road Boston Ma 02215,-71.093668,42.349923
369184,9/10/12 6:25 PM,Unnamed Road Boston Ma,-71.041078,42.348995
369363,9/12/12 7:52 PM,170 Brookline Ave Boston Ma 02215,-71.100967,42.344548
370807,9/12/12 8:25 PM,60 Park Sq Boston Ma 02116,-71.067370,42.351047
372089,9/11/12 7:27 PM,120 Dartmouth St Boston Ma 02116,-71.075595,42.346608
372381,9/11/12 10:06 PM,Unnamed Road Boston Ma,-71.120362,42.365132
372698,9/14/12 6:31 PM,920 Boylston St Boston Ma 02199,-71.085188,42.347958
372863,9/11/12 10:26 PM,329 Commercial St Boston Ma 02109,-71.051053,42.365605
373843,9/17/12 11:03 PM,70 Hancock St Boston Ma 02114,-71.064353,42.359407
374181,9/13/12 8:43 PM,220 Hanover St Boston Ma 02113,-71.055155,42.363170
375162,9/22/12 8:04 PM,20 West St Boston Ma 02111,-71.062275,42.354488
375784,9/22/12 8:59 PM,63 Central St Boston Ma 02109,-71.054170,42.358632
376218,9/22/12 6:56 PM,1300 Boylston St Boston Ma 02215,-71.097560,42.344803
376510,9/19/12 8:04 PM,530 E Broadway Boston Ma 02127,-71.043008,42.335503
377571,9/19/12 9:35 PM,271 W Newton St Boston Ma 02116,-71.081620,42.345183
378376,9/22/12 10:51 PM,47 Dalton St Boston Ma 02115,-71.085062,42.346663
378844,9/19/12 6:38 PM,Unnamed Road Boston Ma,-71.023155,42.367355
379017,9/19/12 7:08 PM,Unnamed Road Boston Ma,-71.023317,42.367365
379330,9/19/12 7:55 PM,840 Boylston St Boston Ma 02199,-71.082965,42.348662
379652,9/15/12 6:20 PM,4 St Stephen St Boston Ma 02115,-71.085792,42.343267
380262,9/22/12 10:52 PM,710 E Broadway Boston Ma 02127,-71.037175,42.335617
380435,9/22/12 10:59 PM,30 N Commercial Wharf Boston Ma 02110,-71.050858,42.362498
380608,9/13/12 7:15 PM,96 Causeway St Boston Ma 02114,-71.061983,42.365142
380940,9/14/12 11:45 PM,303 Brookline Ave Boston Ma 02215,-71.103703,42.342200
381109,9/19/12 9:31 PM,195 Park Dr Boston Ma,-71.099972,42.340892
381646,9/19/12 9:08 PM,630 Atlantic Ave Boston Ma 02111,-71.055375,42.352470
382180,9/13/12 9:47 PM,30 Pemberton Sq Boston Ma 02108,-71.060782,42.358623
382375,9/18/12 11:09 PM,20 Lansdowne St Boston Ma 02215,-71.095148,42.347172
382555,9/18/12 10:58 PM,53 Fargo St Boston Ma 02210,-71.043613,42.346030
382876,9/18/12 11:18 PM,Unnamed Road Boston Ma,-71.041008,42.349140
383215,9/10/12 7:54 PM,190 Boylston St Boston Ma 02116,-71.067593,42.352383
384303,9/19/12 11:52 PM,Unnamed Road Boston Ma,-71.080018,42.347627
384469,9/10/12 9:52 PM,Unnamed Road Boston Ma,-71.081718,42.346517
386062,9/17/12 8:08 PM,260 Northern Ave Boston Ma 02210,-71.038773,42.348830
386223,9/13/12 11:04 PM,25 Huntington Ave Boston Ma,-71.077563,42.348645
386880,9/16/12 12:11 AM,240 Tremont St Boston Ma 02116,-71.064952,42.350846
387374,9/13/12 11:05 PM,172 St Botolph St Boston Ma 02115,-71.083543,42.342762
387717,9/13/12 11:41 PM,I-93 Boston Ma,-71.056550,42.352662
388025,9/12/12 7:07 PM,Unnamed Road Boston Ma,-71.018433,42.369035
388653,9/13/12 11:51 PM,10 Province St Boston Ma 02108,-71.059605,42.357430
389322,9/18/12 9:01 PM,I-93 Boston Ma,-71.052965,42.354390
390740,9/12/12 8:44 PM,Commonwealth Ave @ Beacon St Boston Ma 02215,-71.095722,42.348823
391067,9/12/12 8:38 PM,90 Lansdowne St Boston Ma 02215,-71.098390,42.347162
391543,9/18/12 10:49 PM,250 Franklin St Boston Ma 02110,-71.054363,42.356398
391719,9/11/12 7:57 PM,190 State St Boston Ma 02109,-71.053563,42.359248
392514,9/14/12 7:17 PM,20 Blossom St Boston Ma 02114,-71.066973,42.361805
392669,9/11/12 9:45 PM,206 Hanover St Boston Ma 02113,-71.055350,42.362862
395845,9/20/12 6:33 PM,687 Atlantic Ave Boston Ma 02111,-71.055742,42.351913
396992,9/23/12 7:59 PM,260 Northern Ave Boston Ma 02210,-71.038745,42.348715
398241,9/11/12 7:40 PM,80 Ordway Pl Boston Ma 02108,-71.059185,42.356682
398396,9/23/12 8:32 PM,Unnamed Road Boston Ma,-71.020378,42.366522
398899,9/18/12 6:55 PM,Commonwealth Ave @ Unnamed Road Boston Ma,-71.088532,42.349288
399035,9/19/12 8:48 PM,350 Atlantic Ave Boston Ma 02110,-71.050877,42.356655
400590,9/14/12 9:10 PM,340 Newbury St Boston Ma 02116,-71.086283,42.348675
400937,9/20/12 10:21 PM,555 Tremont St Boston Ma 02118,-71.071762,42.343965
401274,9/20/12 11:10 PM,80 Tremont St Boston Ma 02108,-71.060965,42.357708
401821,9/15/12 8:51 PM,480 W Broadway Boston Ma 02127,-71.046030,42.335670
402016,9/13/12 10:39 PM,Charles St @ Cambridge St Boston Ma,-71.070470,42.361722
402197,9/14/12 10:40 PM,4 Traverse St Boston Ma,-71.061062,42.363673
402703,9/17/12 7:05 PM,6 Park St Boston Ma 02108,-71.062295,42.356700
403366,9/18/12 7:36 PM,169 St Botolph St Boston Ma 02115,-71.083310,42.342810
404036,9/18/12 9:51 PM,1270 Boylston St Boston Ma 02215,-71.095648,42.345028
404365,9/26/12 7:17 PM,30 Winter Pl Boston Ma 02108,-71.061497,42.355840
404678,9/18/12 10:21 PM,Unnamed Road Boston Ma,-71.064527,42.363617
405156,9/26/12 8:34 PM,776 Tremont St Boston Ma 02118,-71.080218,42.339538
406255,9/15/12 10:54 PM,241 Tremont St Boston Ma 02116,-71.065227,42.350780
406418,9/14/12 6:42 PM,Unnamed Road Boston Ma,-71.020847,42.369753
406585,9/16/12 9:49 PM,Huntington Ave @ I-90 Boston Ma,-71.078220,42.348175
407569,9/14/12 7:40 PM,Unnamed Road Boston Ma,-71.055623,42.362620
407730,9/15/12 11:54 PM,40 Gaffney St Boston Ma 02215,-71.118238,42.352222
407891,9/19/12 9:51 PM,270 Massachusetts Ave Boston Ma 02115,-71.085952,42.343728
408239,9/16/12 11:19 PM,140 Stuart St Boston Ma 02116,-71.065857,42.351267
409399,9/19/12 10:24 PM,Unnamed Road Boston Ma,-71.041002,42.348833
409573,9/13/12 7:46 PM,370 Huntington Ave Boston Ma,-71.090243,42.340090
410417,9/13/12 8:20 PM,270 Northern Ave Boston Ma 02210,-71.038302,42.348473
411363,9/12/12 8:22 PM,40 Chambers Pl Boston Ma 02116,-71.073122,42.348275
411514,9/20/12 12:00 AM,Unnamed Road Boston Ma,-71.120283,42.364792
411678,9/12/12 8:40 PM,260 Newbury St Boston Ma 02116,-71.083278,42.349478
412313,9/20/12 6:19 PM,Unnamed Road Boston Ma,-71.084530,42.346137
412655,9/14/12 7:14 PM,302 Brookline Ave Boston Ma 02215,-71.103622,42.342457
413312,9/27/12 6:29 PM,Atlantic Ave Boston Ma,-71.051698,42.359320
413449,9/14/12 7:26 PM,I-93 Boston Ma,-71.052640,42.354518
414736,9/21/12 6:46 PM,Unnamed Road Boston Ma,-71.016985,42.366285
414893,9/20/12 9:03 PM,190 State St Boston Ma,-71.053013,42.359490
415377,9/21/12 8:12 PM,210 Berkeley St Boston Ma 02116,-71.072638,42.350602
415711,9/21/12 8:32 PM,100 Stuart St Boston Ma 02116,-71.065235,42.351115
416497,9/21/12 8:13 PM,98 Exeter St Boston Ma,-71.078770,42.347928
417040,9/21/12 10:04 PM,50 Belvidere St Boston Ma 02115,-71.085087,42.346157
417215,9/21/12 8:53 PM,54 Brookline Ave Boston Ma 02215,-71.098337,42.347360
417378,9/21/12 10:32 PM,104 Atlantic Ave Boston Ma 02110,-71.052223,42.361612
417536,9/11/12 7:38 PM,690 Newbury St Boston Ma 02215,-71.097320,42.348220
417704,9/21/12 9:37 PM,Unnamed Road Boston Ma,-71.120198,42.364257
418220,9/21/12 10:26 PM,351 Congress St Boston Ma 02210,-71.048510,42.350383
418544,9/14/12 8:58 PM,70 Park Sq Boston Ma 02116,-71.067498,42.350973
418716,9/21/12 11:08 PM,140 Milk St Boston Ma 02109,-71.053475,42.358452
419028,9/22/12 12:07 AM,238 Tremont St Boston Ma 02116,-71.064917,42.351052
420009,9/11/12 8:21 PM,Unnamed Road Boston Ma,-71.020265,42.369598
421052,9/14/12 9:49 PM,170 Charles St Boston Ma 02114,-71.070907,42.360707
421361,9/13/12 9:03 PM,213 Massachusetts Ave Boston Ma 02115,-71.086722,42.345018
423053,9/14/12 10:07 PM,Unnamed Road Boston Ma,-71.055642,42.362527
423541,9/12/12 6:11 PM,I-90 @ Stuart St Boston Ma,-71.077838,42.347975
424189,9/28/12 6:43 PM,1350 Boylston St Boston Ma 02215,-71.099627,42.344138
424528,9/18/12 7:34 PM,730 E Broadway Boston Ma 02127,-71.036173,42.335697
425168,9/11/12 9:31 PM,720 Atlantic Ave Boston Ma 02111,-71.056137,42.351510
425469,9/28/12 8:43 PM,30 Long Wharf Boston Ma 02110,-71.050867,42.360007
425793,9/12/12 10:45 PM,37 Gloucester St Boston Ma 02115,-71.084233,42.349377
425955,9/20/12 8:36 PM,10 Dalton St Boston Ma 02115,-71.083955,42.345218
426404,9/20/12 7:20 PM,Unnamed Road Boston Ma,-71.080590,42.346997
426732,9/20/12 8:58 PM,244 W Newton St Boston Ma 02116,-71.080548,42.344585
426885,9/20/12 9:02 PM,47 Dalton St Boston Ma 02115,-71.084932,42.346715
427533,9/13/12 10:49 PM,308 Commonwealth Ave Boston Ma,-71.086127,42.350012
427844,9/20/12 10:30 PM,299 Commonwealth Ave Boston Ma,-71.084950,42.350323
428347,9/20/12 9:37 PM,260 Northern Ave Boston Ma 02210,-71.038875,42.348752
428701,9/22/12 7:40 PM,110 Northern Ave Boston Ma 02210,-71.043607,42.351485
428872,9/21/12 8:43 PM,I-93 Boston Ma,-71.051020,42.356148
429035,9/15/12 10:32 PM,260 Northern Ave Boston Ma 02210,-71.038808,42.348845
429354,9/25/12 6:22 PM,209 Northern Ave Boston Ma 02210,-71.040355,42.349417
429855,9/25/12 6:38 PM,Arlington St Boston Ma,-71.071250,42.352892
430677,9/22/12 9:43 PM,120 Gainsborough St Boston Ma 02115,-71.088412,42.342352
430843,9/13/12 11:49 PM,511 Massachusetts Ave Boston Ma,-71.080250,42.339003
431173,9/22/12 8:02 PM,347 Longwood Ave Boston Ma 02215,-71.106183,42.338312
431524,9/11/12 11:22 PM,50 Trilling Way Boston Ma 02210,-71.039650,42.348101
431860,9/22/12 10:29 PM,50 Boates Ct Boston Ma 02110,-71.052030,42.356093
432701,9/13/12 11:11 PM,78 Salem St Boston Ma 02113,-71.055893,42.363523
433025,9/15/12 9:17 PM,230 Tremont St Boston Ma 02116,-71.064860,42.351180
433703,9/22/12 9:52 PM,140 Boylston St Boston Ma 02116,-71.066148,42.352478
434040,9/22/12 11:50 PM,330 Commonwealth Ave Boston Ma,-71.087072,42.349715
434359,9/13/12 7:05 PM,470 Washington St Boston Ma 02111,-71.061120,42.354990
434658,9/22/12 7:10 PM,I-93 Boston Ma,-71.058907,42.351707
435169,9/25/12 9:58 PM,270 Friend St Boston Ma 02114,-71.061457,42.364832
435999,9/22/12 8:03 PM,490 Columbus Ave Boston Ma 02118,-71.079005,42.342880
437523,9/13/12 9:13 PM,20 Bay State Road Boston Ma 02215,-71.093585,42.350030
438166,9/22/12 9:53 PM,280 Portland St Boston Ma 02114,-71.062405,42.364728
438324,9/29/12 8:17 PM,Unnamed Road Boston Ma,-71.120330,42.365105
438825,9/22/12 10:16 PM,50 Lansdowne St Boston Ma 02215,-71.096583,42.347168
438972,9/29/12 9:13 PM,860 Boylston St Boston Ma 02199,-71.083257,42.348485
439938,9/29/12 10:39 PM,165 Northern Ave Boston Ma 02210,-71.042935,42.350685
440118,9/25/12 8:13 PM,910 Commonwealth Ave Boston Ma,-71.116797,42.351400
440752,9/25/12 8:57 PM,70 Tremont Pl Boston Ma 02108,-71.061542,42.357907
441572,9/13/12 9:41 PM,830 Beacon St Boston Ma,-71.103222,42.347070
442753,9/13/12 10:39 PM,Charles St Boston Ma,-71.069295,42.356087
443919,9/20/12 7:31 PM,302 Stuart St Boston Ma 02116,-71.070055,42.350148
444085,9/20/12 8:11 PM,20 Blossom St Boston Ma 02114,-71.066983,42.361642
444247,9/25/12 11:48 PM,438 Atlantic Ave Boston Ma 02110,-71.052435,42.354148
444415,9/12/12 7:04 PM,358 Washington St Boston Ma 02108,-71.059365,42.356417
446327,9/14/12 7:27 PM,29 Beacon St Boston Ma,-71.063707,42.357468
446976,9/15/12 10:19 PM,92 Exeter St Boston Ma 02116,-71.079287,42.348187
447756,9/17/12 8:49 PM,150 St James Ave Boston Ma 02116,-71.076587,42.349433
447901,9/19/12 10:23 PM,120 Stuart St Boston Ma 02116,-71.065532,42.351088
448065,9/17/12 9:16 PM,330 Columbus Ave Boston Ma 02116,-71.075022,42.346190
448372,9/15/12 11:03 PM,Unnamed Road Boston Ma,-71.084512,42.346135
448533,9/30/12 6:54 PM,40 Hanover St Boston Ma 02108,-71.057195,42.361822
448678,9/21/12 8:17 PM,50 Charles St Boston Ma 02114,-71.069978,42.357368
449656,9/15/12 11:18 PM,870 Boylston St Boston Ma 02199,-71.083413,42.348367
451550,9/26/12 6:14 PM,95 Huntington Ave Boston Ma,-71.079310,42.346932
451892,9/21/12 8:30 PM,665 Washington St Boston Ma 02111,-71.062805,42.351773
452207,9/22/12 10:59 PM,184 Stuart St Boston Ma 02116,-71.067042,42.350842
452386,9/23/12 7:19 PM,Unnamed Road Boston Ma,-71.020452,42.369645
452704,9/12/12 11:09 PM,632 Washington St Boston Ma 02135,-71.168658,42.350807
453008,9/22/12 11:45 PM,160 Canal St Boston Ma 02114,-71.060693,42.365108
453176,9/21/12 11:19 PM,70 Piedmont St Boston Ma 02116,-71.069165,42.349785
453336,9/21/12 11:17 PM,160 Boylston St Boston Ma 02116,-71.066837,42.352595
453489,9/22/12 11:58 PM,541 Tremont St Boston Ma 02116,-71.071145,42.344275
453832,9/21/12 11:50 PM,Commonwealth Ave @ E Charlesgate Boston Ma 02215,-71.091127,42.348792
454335,9/26/12 7:40 PM,Beacon St @ Commonwealth Ave Boston Ma,-71.096698,42.348930
454659,9/21/12 10:56 PM,30 Long Wharf Boston Ma 02110,-71.050792,42.359922
454823,9/19/12 7:26 PM,70 Columbus Ave Boston Ma 02116,-71.070020,42.350012
454963,9/23/12 6:42 PM,Batterymarch Arm Boston Ma,-71.053513,42.357630
456321,9/19/12 9:05 PM,520 E Broadway Boston Ma 02127,-71.043905,42.335440
456710,9/26/12 9:43 PM,140 Newbury St Boston Ma 02116,-71.077407,42.350985
457407,9/26/12 6:41 PM,Milton Pl Boston Ma,-71.057310,42.353645
457747,9/23/12 9:33 PM,120 Fenway Boston Ma 02115,-71.091627,42.341903
458237,9/14/12 11:35 PM,1300 Boylston St Boston Ma 02215,-71.097743,42.344673
458913,9/14/12 11:49 PM,20 Boylston St Boston Ma 02116,-71.063183,42.352338
459066,9/16/12 7:27 PM,Unnamed Road Boston Ma,-71.097913,42.341553
459919,9/26/12 11:32 PM,Unnamed Road Boston Ma,-71.082052,42.348395
460712,9/12/12 6:44 PM,720 Atlantic Ave Boston Ma 02111,-71.055888,42.351395
461000,9/12/12 7:07 PM,Unnamed Road Boston Ma,-71.019528,42.369253
461501,9/26/12 11:20 PM,N380 Boston Ma,-71.039662,42.348998
461826,9/17/12 6:21 PM,93 Dalton St Boston Ma 02115,-71.085615,42.347795
461965,9/12/12 7:22 PM,190 Ipswich St Boston Ma,-71.095452,42.346138
462110,9/21/12 7:23 PM,300 Northern Ave Boston Ma 02210,-71.036678,42.348070
463059,9/13/12 7:52 PM,190 Ipswich St Boston Ma,-71.095482,42.346210
463377,9/18/12 9:20 PM,20 Edgerly Rd Boston Ma 02115,-71.087892,42.345820
463540,9/13/12 7:49 PM,98 Congress St Boston Ma 02109,-71.057017,42.359495
463697,9/17/12 8:27 PM,Unnamed Road Boston Ma,-71.042897,42.349947
464037,9/24/12 8:13 PM,97 Milk St Boston Ma 02109,-71.055563,42.356983
464208,9/21/12 9:19 PM,I-90 @ Unnamed Road Boston Ma,-71.079713,42.347548
464348,9/13/12 8:27 PM,N380 Boston Ma,-71.045945,42.352062
464686,9/13/12 8:49 PM,Commonwealth Ave @ E Charlesgate Boston Ma 02215,-71.091210,42.348842
465177,9/24/12 9:51 PM,30 Board Aly Boston Ma 02113,-71.054968,42.363203
465508,9/21/12 10:42 PM,681 Commonwealth Ave Boston Ma,-71.104617,42.349958
466174,9/21/12 10:57 PM,390 Atlantic Ave Boston Ma 02110,-71.050852,42.355832
466843,9/23/12 6:55 PM,Unnamed Road Boston Ma,-71.018523,42.369485
467624,9/13/12 9:59 PM,166 Northern Ave Boston Ma 02210,-71.042927,42.350605
467796,9/14/12 9:03 PM,Brighton Ave @ Gardner St Boston Ma,-71.131842,42.353120
467959,9/23/12 7:50 PM,40 Beaver St Boston Ma 02108,-71.071948,42.355795
468301,9/13/12 10:18 PM,130 Hemenway St Boston Ma 02115,-71.090408,42.342590
468458,9/24/12 10:24 PM,260 Tremont St Boston Ma 02116,-71.065290,42.350070
469296,9/23/12 9:39 PM,160 Tremont St Boston Ma 02111,-71.063662,42.354455
469802,9/14/12 8:03 PM,7 Belvidere St Boston Ma 02115,-71.086930,42.346473
470149,9/20/12 6:52 PM,30 Park Plz Boston Ma 02116,-71.069498,42.351162
471752,9/22/12 7:28 PM,49 Fargo St Boston Ma 02210,-71.043543,42.346235
472510,9/22/12 10:53 PM,10 Merrimac St Boston Ma 02114,-71.060738,42.363363
473283,9/12/12 10:40 PM,290 Hanover St Boston Ma 02113,-71.054208,42.364057
473458,9/14/12 10:32 PM,370 Massachusetts Ave Boston Ma 02115,-71.083690,42.341825
475025,9/20/12 11:38 PM,900 Boylston St Boston Ma 02199,-71.084205,42.348252
475811,9/27/12 6:44 PM,213 Hanover St Boston Ma 02113,-71.055347,42.363053
476594,9/12/12 11:44 PM,Southwest Corridor Park Boston Ma,-71.076073,42.347352
476768,9/19/12 6:50 PM,280 Huntington Ave Boston Ma,-71.086385,42.341580
477765,9/27/12 7:15 PM,Unnamed Road Boston Ma,-71.078550,42.348233
478616,9/25/12 10:03 PM,Unnamed Road Boston Ma,-71.052542,42.354337
478764,9/14/12 10:44 PM,120 Stuart St Boston Ma 02116,-71.065487,42.351180
478913,9/27/12 7:42 PM,Unnamed Road Boston Ma,-71.020257,42.369512
479400,9/27/12 8:57 PM,210 Summer St Boston Ma 02210,-71.054797,42.352260
479555,9/19/12 9:09 PM,20 St Germain St Boston Ma 02115,-71.086435,42.345933
479740,9/13/12 7:50 PM,390 Mount Vernon St Boston Ma 02125,-71.041135,42.317442
479920,9/14/12 11:18 PM,163 Northern Ave Boston Ma 02210,-71.043183,42.350777
480261,9/22/12 6:55 PM,170 Northern Ave Boston Ma 02210,-71.042678,42.350340
481134,9/21/12 7:22 PM,50 Exchange St Boston Ma 02109,-71.056140,42.358487
481488,9/14/12 11:37 PM,300 Washington St Boston Ma 02135,-71.150950,42.349005
481648,9/25/12 6:33 PM,40 Pearl St Boston Ma 02110,-71.054862,42.356542
481849,9/22/12 8:13 PM,80 Haymarket Pl Boston Ma,-71.063260,42.353125
482018,9/17/12 10:54 PM,110 Stuart St Boston Ma 02116,-71.065435,42.351355
482553,9/27/12 9:47 PM,2 Bosworth St Boston Ma 02108,-71.060778,42.357407
482906,9/25/12 8:51 PM,89 Exeter St Boston Ma 02116,-71.079068,42.348472
483412,9/22/12 9:32 PM,20 Congress St Boston Ma 02109,-71.056607,42.358608
483574,9/22/12 9:50 PM,286 Newbury St Boston Ma 02115,-71.084253,42.349052
484379,9/14/12 7:05 PM,140 Blossom St Boston Ma 02114,-71.068452,42.364178
484548,9/27/12 11:20 PM,80 Cambridge Street Ave Boston Ma 02114,-71.070267,42.361585
484709,9/27/12 11:48 PM,1190 Commonwealth Ave Boston Ma 02134,-71.129708,42.350357
484888,9/25/12 9:59 PM,70 Arlington St Boston Ma 02116,-71.070090,42.350532
485553,9/14/12 7:30 PM,Unnamed Road Boston Ma,-71.071748,42.360953
486016,9/21/12 11:02 PM,70 Northern Ave Boston Ma 02210,-71.045605,42.352793
489428,9/21/12 9:10 PM,510 Massachusetts Ave Boston Ma,-71.080274,42.339031
490128,9/13/12 10:21 PM,40 Forsyth St Boston Ma,-71.090740,42.339888
491127,9/21/12 11:05 PM,286 Dartmouth St Boston Ma 02116,-71.077975,42.351300
492057,9/21/12 11:29 PM,182 Stuart St Boston Ma 02116,-71.066963,42.350873
492341,9/15/12 7:35 PM,20 Warrenton St Boston Ma 02116,-71.065972,42.349898
492497,9/15/12 7:52 PM,Unnamed Road Boston Ma,-71.041108,42.349140
492991,9/15/12 7:51 PM,166 Northern Ave Boston Ma 02210,-71.042873,42.350642
493150,9/26/12 7:09 PM,660 Newbury St Boston Ma 02215,-71.096838,42.348048
494102,9/20/12 6:14 PM,178 Causeway St Boston Ma 02114,-71.060303,42.366045
494433,9/19/12 8:07 PM,140 Stuart St Boston Ma 02116,-71.065895,42.351102
494594,9/20/12 6:38 PM,80 Nelson Ct Boston Ma,-71.053322,42.353657
494775,9/15/12 8:51 PM,131 St Botolph St Boston Ma 02115,-71.082063,42.343840
495264,9/20/12 7:33 PM,330 Hanover St Boston Ma 02113,-71.053552,42.364712
496107,9/26/12 7:18 PM,650 Atlantic Ave Boston Ma 02111,-71.055718,42.352057
496426,9/13/12 9:28 PM,Unnamed Road Boston Ma,-71.051235,42.348588
496958,9/18/12 9:43 PM,436 Hanover St Boston Ma 02113,-71.052492,42.366773
497131,9/19/12 10:38 PM,210 W Canton St Boston Ma 02116,-71.076558,42.344900
497635,9/13/12 9:57 PM,130 Stuart St Boston Ma 02116,-71.065643,42.351097
497959,9/20/12 10:05 PM,20 Lansdowne St Boston Ma 02215,-71.095207,42.347213
498960,9/24/12 7:03 PM,535 Tremont St Boston Ma 02116,-71.070820,42.344580
499125,9/24/12 7:28 PM,205 Hanover St Boston Ma 02113,-71.055452,42.362805
499945,9/20/12 10:57 PM,400 W Broadway Boston Ma 02127,-71.048245,42.337072
500576,9/13/12 11:01 PM,490 Tremont St Boston Ma 02116,-71.069795,42.345392
502341,9/24/12 11:51 PM,25 Harrison Ave Boston Ma 02111,-71.061238,42.353337
502636,9/22/12 8:11 PM,Unnamed Road Boston Ma,-71.084298,42.346182
504951,9/22/12 10:17 PM,160 Beacon St Boston Ma 02116,-71.075337,42.354773
505391,9/14/12 6:27 PM,273 W Newton St Boston Ma 02116,-71.081628,42.345255
505687,9/22/12 10:49 PM,90 Boylston St Boston Ma 02116,-71.064915,42.352433
505985,9/28/12 6:28 PM,24 Harrison Ave Boston Ma 02111,-71.061218,42.353347
506452,9/28/12 7:30 PM,90 Harbor St Boston Ma 02210,-71.035205,42.346432
506914,9/24/12 6:41 PM,Commonwealth Ave @ Beacon St Boston Ma,-71.098010,42.348805
508447,9/28/12 7:31 PM,280 Summer St Boston Ma 02210,-71.049733,42.350142
509059,9/14/12 8:17 PM,740 Boylston St Boston Ma 02116,-71.080905,42.349305
509371,9/22/12 9:45 PM,205 Hanover St Boston Ma 02113,-71.055427,42.362818
510833,9/28/12 8:36 PM,Clarendon St Boston Ma,-71.071975,42.344062
510992,9/27/12 7:12 PM,20 Bowdoin St Boston Ma 02108,-71.063017,42.360715
511290,9/20/12 6:43 PM,40 Oliver St Boston Ma 02110,-71.053882,42.356350
511442,9/20/12 7:00 PM,Charles St @ Cambridge St Boston Ma,-71.070505,42.361827
511771,9/24/12 11:34 PM,50 Trilling Way Boston Ma 02210,-71.039720,42.348105
512256,9/13/12 7:29 PM,Unnamed Road Boston Ma,-71.019915,42.369493
512416,9/27/12 7:11 PM,Unnamed Road Boston Ma,-71.084305,42.346098
513067,9/28/12 10:16 PM,470 Washington St Boston Ma 02135,-71.159947,42.348922
513379,9/26/12 7:38 PM,430 Marlborough St Boston Ma 02115,-71.089293,42.350078
514075,9/19/12 7:20 PM,Commonwealth Ave @ Massachusetts Ave Boston Ma 02215,-71.088733,42.348958
514262,9/24/12 6:52 PM,4 Wiget St Boston Ma 02113,-71.055732,42.363950
514790,9/27/12 11:02 PM,112 1st Ave Boston Ma,-71.050427,42.377372
514977,9/21/12 6:59 PM,270 Northern Ave Boston Ma 02210,-71.038187,42.348653
515519,9/15/12 8:29 PM,172 Northern Ave Boston Ma 02210,-71.042530,42.350247
516024,9/27/12 11:52 PM,Unnamed Road Boston Ma,-71.070455,42.361693
516361,9/25/12 8:50 PM,10 Bay State Road Boston Ma 02215,-71.093343,42.349955
517241,9/21/12 8:43 PM,20 Canal St Boston Ma,-71.058750,42.363472
517406,9/21/12 8:58 PM,62 Northern Ave Boston Ma 02210,-71.046433,42.353193
517574,9/24/12 10:20 PM,340 Huntington Ave Boston Ma,-71.088870,42.340542
518078,9/21/12 9:42 PM,50 Trilling Way Boston Ma 02210,-71.039728,42.348108
518246,9/15/12 10:14 PM,Unnamed Road Boston Ma,-71.056052,42.360942
518596,9/17/12 7:22 PM,Arlington St Boston Ma,-71.071227,42.352895
519278,9/13/12 8:31 PM,25 Arlington St Boston Ma 02116,-71.070162,42.351542
520019,9/17/12 8:23 PM,190 Clarendon St Boston Ma 02116,-71.074990,42.349198
520182,9/15/12 11:32 PM,320 Massachusetts Ave Boston Ma 02115,-71.084613,42.342588
520364,9/21/12 11:11 PM,Unnamed Road Boston Ma,-71.041083,42.349025
521379,9/13/12 9:17 PM,160 Commonwealth Ave Boston Ma 02116,-71.078502,42.351612
522048,9/23/12 7:54 PM,Unnamed Road Boston Ma,-71.041747,42.353243
522361,9/15/12 11:02 PM,49 Fargo St Boston Ma 02210,-71.043678,42.346155
523332,9/14/12 11:13 PM,78 Kilmarnock St Boston Ma 02215,-71.099322,42.342352
528488,9/25/12 10:55 PM,50 Mckinley Sq Boston Ma 02109,-71.053277,42.359083
529115,9/15/12 7:59 PM,Unnamed Road Boston Ma,-71.053805,42.353743
529266,9/25/12 7:17 PM,53 Fargo St Boston Ma 02210,-71.043542,42.346107
529731,9/28/12 6:42 PM,90 School St Boston Ma 02108,-71.060295,42.358058
530053,9/25/12 7:56 PM,50 Trilling Way Boston Ma 02210,-71.039658,42.348158
530355,9/28/12 6:25 PM,98 Harbor St Boston Ma 02210,-71.035192,42.346598
531349,9/15/12 9:49 PM,Charles St @ Cambridge St Boston Ma,-71.070675,42.361867
532000,9/14/12 7:28 PM,60 Battery St Boston Ma 02109,-71.051228,42.366547
532149,9/28/12 7:23 PM,80 Peterborough St Boston Ma 02215,-71.098627,42.343505
532301,9/20/12 6:58 PM,Charles St @ Boylston St Boston Ma,-71.068208,42.354092
532599,9/28/12 8:00 PM,Unnamed Road Boston Ma,-71.070488,42.350092
533376,9/16/12 8:36 PM,157 Berkeley St Boston Ma 02116,-71.072098,42.349277
533545,9/29/12 6:29 PM,97 Huntington Ave Boston Ma,-71.079242,42.347072
534014,9/16/12 9:52 PM,180 Huntington Ave Boston Ma,-71.082350,42.344627
534175,9/26/12 8:37 PM,40 Lansdowne St Boston Ma 02215,-71.096015,42.347235
534326,9/15/12 11:43 PM,6 Park St Boston Ma 02108,-71.062072,42.356625
534470,9/15/12 11:47 PM,40 Central St Boston Ma 02109,-71.054600,42.358662
534628,9/15/12 11:49 PM,S Charles St @ Boylston St Boston Ma 02116,-71.067325,42.352188
534950,9/16/12 10:28 PM,122 Causeway St Boston Ma 02114,-71.061173,42.365758
535272,9/16/12 12:07 AM,36 Hereford St Boston Ma 02115,-71.086383,42.350060
535591,9/28/12 10:11 PM,2 East St Boston Ma,-71.057185,42.351595
536225,9/15/12 8:53 PM,I-90 @ Huntington Ave Boston Ma,-71.079537,42.347552
536390,9/20/12 8:31 PM,60 Exeter St Boston Ma 02116,-71.079267,42.349247
538195,9/20/12 9:21 PM,Commonwealth Ave @ Massachusetts Ave Boston Ma 02215,-71.089098,42.348868
538341,9/28/12 11:38 PM,Devonshire St Boston Ma,-71.057408,42.355387
538509,9/14/12 11:00 PM,163 Ipswich St Boston Ma,-71.094422,42.347062
539688,9/28/12 6:29 PM,Unnamed Road Boston Ma,-71.018920,42.362587
539839,9/14/12 11:28 PM,270 Tremont St Boston Ma 02116,-71.065275,42.349957
540033,9/15/12 11:50 PM,1 River St Boston Ma,-71.069815,42.356202
540213,9/14/12 11:43 PM,10 Beacon St Boston Ma 02108,-71.061892,42.358298
540404,9/14/12 11:50 PM,166 Northern Ave Boston Ma 02210,-71.042977,42.350548
541277,9/20/12 7:26 PM,Unnamed Road Boston Ma,-71.050942,42.356190
541647,9/14/12 9:47 PM,30 Tremont Pl Boston Ma 02108,-71.061432,42.358162
542000,9/29/12 11:51 PM,1530 Washington St Boston Ma 02118,-71.072412,42.339750
542157,9/30/12 12:04 AM,560 Huntington Ave Boston Ma,-71.095808,42.337410
542855,9/27/12 11:05 PM,Unnamed Road Boston Ma,-71.064348,42.363388
543237,9/21/12 6:27 PM,64 Brighton Ave Boston Ma,-71.128842,42.352652
543410,9/18/12 7:30 PM,70 Haymarket Pl Boston Ma,-71.063373,42.353077
543569,9/14/12 11:21 PM,160 Boylston St Boston Ma 02116,-71.066565,42.352528
543900,9/15/12 9:21 PM,740 Boylston St Boston Ma 02116,-71.080620,42.349233
544253,9/14/12 9:24 PM,Unnamed Road Boston Ma,-71.058640,42.357367
544819,9/25/12 8:52 PM,1 Summer St Boston Ma,-71.060457,42.355435
545005,9/26/12 7:59 PM,639 Tremont St Boston Ma 02118,-71.074933,42.342273
545526,9/28/12 9:11 PM,40 Chapman Pl Boston Ma,-71.060098,42.357662
545705,9/15/12 9:56 PM,1320 Boylston St Boston Ma 02215,-71.098430,42.344218
546396,9/25/12 9:48 PM,125 Salem St Boston Ma 02113,-71.055417,42.365062
546561,9/29/12 10:22 PM,390 A St Boston Ma 02210,-71.048587,42.350327
546929,9/28/12 9:51 PM,Storrow Memorial Dr Boston Ma,-71.082010,42.353647
547964,9/28/12 10:18 PM,530 Beacon St Boston Ma 02215,-71.090885,42.350535
548491,9/29/12 11:03 PM,32 Arlington St Boston Ma 02116,-71.070310,42.351303
548657,9/22/12 7:08 PM,230 Massachusetts Ave Boston Ma 02115,-71.086500,42.344737
548999,9/29/12 11:10 PM,90 Hull St Boston Ma 02113,-71.057267,42.367740
550003,9/16/12 11:10 PM,50 Buick St Boston Ma 02215,-71.115620,42.351815
555107,9/22/12 9:22 PM,10 Clinton St Boston Ma 02109,-71.055628,42.360765
555425,9/16/12 7:53 PM,Unnamed Road Boston Ma,-71.084347,42.346281
555744,9/27/12 7:47 PM,90 Congress St Boston Ma,-71.056828,42.359309
556227,9/26/12 8:39 PM,Unnamed Road Boston Ma,-71.094917,42.343732
556389,9/29/12 8:22 PM,860 Boylston St Boston Ma 02199,-71.083293,42.348628
557054,9/15/12 7:48 PM,190 State St Boston Ma,-71.052977,42.359403
557219,9/29/12 8:59 PM,220 Park Dr Boston Ma,-71.101285,42.341997
558062,9/16/12 9:49 PM,60 Buick St Boston Ma 02215,-71.115650,42.351975
558704,9/27/12 9:51 PM,180 Commonwealth Ave Boston Ma 02116,-71.079847,42.351247
559317,9/17/12 8:14 PM,211 Atlantic Ave Boston Ma 02110,-71.050817,42.359422
559502,9/15/12 10:02 PM,49 Fargo St Boston Ma 02210,-71.043595,42.346148
559655,9/15/12 10:10 PM,50 St Germain St Boston Ma 02115,-71.085635,42.345798
