4275,9/1/12 8:27 AM,210 Summer St Boston Ma 02210,-71.054857,42.352368
4498,9/1/12 8:20 AM,Unnamed Road Boston Ma,-71.017207,42.366267
5129,9/1/12 9:32 AM,240 Beacon St Boston Ma 02116,-71.078272,42.353812
5303,9/1/12 11:16 AM,19 Dry Dock Ave Boston Ma 02210,-71.033338,42.344677
5907,9/1/12 8:57 AM,437 Atlantic Ave Boston Ma 02110,-71.052470,42.354257
6516,9/1/12 7:47 AM,172 Northern Ave Boston Ma 02210,-71.042335,42.350420
6862,9/1/12 11:15 AM,690 Commonwealth Ave Boston Ma,-71.103938,42.349593
7056,9/1/12 9:32 AM,Unnamed Road Boston Ma,-71.022000,42.365117
7574,9/1/12 9:41 AM,30 Park Plz Boston Ma 02116,-71.070125,42.351538
7744,9/1/12 11:41 AM,94 Causeway St Boston Ma 02114,-71.062013,42.365003
8127,9/1/12 8:46 AM,748 Atlantic Ave Boston Ma 02111,-71.056480,42.350483
8640,9/1/12 10:40 AM,Unnamed Road Boston Ma,-71.036362,42.335510
8811,9/1/12 10:56 AM,20 Silver Pl Boston Ma 02114,-71.070738,42.360785
9460,9/1/12 8:25 AM,Unnamed Road Boston Ma,-71.094880,42.343802
9616,9/1/12 9:18 AM,80 Buswell St Boston Ma 02215,-71.106738,42.347228
9797,9/1/12 8:45 AM,680 Commonwealth Ave Boston Ma,-71.104243,42.349613
10119,9/1/12 8:58 AM,430 Massachusetts Ave Boston Ma 02118,-71.082043,42.340940
11265,9/1/12 9:31 AM,Unnamed Road Boston Ma,-71.017035,42.366762
16625,9/2/12 9:05 AM,Unnamed Road Boston Ma,-71.017038,42.366323
17275,9/2/12 10:47 AM,144 Dartmouth St Boston Ma 02116,-71.075902,42.347468
24923,9/2/12 7:00 AM,Unnamed Road Boston Ma,-71.017218,42.366485
26195,9/2/12 9:15 AM,590 Beacon St Boston Ma 02215,-71.094002,42.349675
27991,9/2/12 10:23 AM,Southwest Corridor Park Boston Ma,-71.076072,42.347347
28384,9/2/12 10:30 AM,350 Longwood Ave Boston Ma 02215,-71.106923,42.338690
28955,9/2/12 7:23 AM,Unnamed Road Boston Ma,-71.022893,42.366708
29155,9/2/12 8:32 AM,Huntington Ave @ I-90 Boston Ma,-71.079072,42.347328
29327,9/2/12 10:12 AM,820 Boylston St Boston Ma 02199,-71.082617,42.348617
30429,9/2/12 10:38 AM,280 Portland St Boston Ma 02114,-71.062345,42.364743
35977,9/2/12 10:45 AM,Unnamed Road Boston Ma,-71.019495,42.369180
36639,9/2/12 11:16 AM,930 Commonwealth Ave Boston Ma,-71.117995,42.351573
37697,9/2/12 11:02 AM,140 Dartmouth St Boston Ma 02116,-71.075892,42.347303
38546,9/2/12 8:28 AM,Unnamed Road Boston Ma,-71.017063,42.366435
39439,9/2/12 11:26 AM,Unnamed Road Boston Ma,-71.016945,42.366533
39596,9/2/12 11:53 AM,116 Hemenway St Boston Ma 02115,-71.090107,42.342838
43402,9/3/12 10:27 AM,4 Vining St Boston Ma,-71.107698,42.335732
43584,9/3/12 11:11 AM,10 Oxford St Boston Ma 02111,-71.060592,42.352382
44123,9/2/12 10:57 AM,Unnamed Road Boston Ma,-71.033922,42.315738
45126,9/3/12 10:11 AM,250 Franklin St Boston Ma 02110,-71.054305,42.356163
45631,9/3/12 9:44 AM,200 Tremont St Boston Ma 02116,-71.064550,42.352062
45978,9/3/12 11:35 AM,Charles St Boston Ma,-71.068338,42.354428
46156,9/2/12 10:30 AM,Unnamed Road Boston Ma,-71.021738,42.365002
47346,9/3/12 11:08 AM,Atlantic Ave Boston Ma,-71.051492,42.358385
49371,9/3/12 8:03 AM,Unnamed Road Boston Ma,-71.016963,42.366387
50408,9/2/12 11:08 AM,470 Park Dr Boston Ma 02215,-71.104658,42.345952
53540,9/3/12 11:46 AM,1190 Boylston St Boston Ma 02215,-71.094012,42.346140
54293,9/5/12 9:21 AM,130 Newbury St Boston Ma 02116,-71.076937,42.351173
54984,9/3/12 11:53 AM,Unnamed Road Boston Ma,-71.016970,42.366267
56059,9/4/12 6:31 AM,Unnamed Road Boston Ma,-71.017357,42.366507
60094,9/4/12 8:38 AM,190 Berkeley St Boston Ma 02116,-71.072662,42.350128
60408,9/4/12 9:34 AM,130 Devonshire St Boston Ma 02110,-71.057327,42.356653
60917,9/4/12 10:11 AM,Unnamed Road Boston Ma,-71.021735,42.364985
61938,9/2/12 11:37 AM,69 Harrison Ave Boston Ma 02111,-71.061148,42.351360
63365,9/4/12 11:40 AM,110 Tremont St Boston Ma 02108,-71.061370,42.357078
65232,9/3/12 6:38 AM,720 Atlantic Ave Boston Ma 02111,-71.056078,42.351225
65724,9/3/12 11:41 AM,270 Friend St Boston Ma 02114,-71.061543,42.364915
65894,9/5/12 10:51 AM,200 Summer St Boston Ma 02210,-71.054998,42.352402
66419,9/5/12 11:14 AM,28 Beacon St Boston Ma,-71.063535,42.357570
67249,9/4/12 8:43 AM,Unnamed Road Boston Ma,-71.017100,42.366707
67889,9/4/12 9:55 AM,330 Commercial St Boston Ma 02109,-71.051038,42.365668
69040,9/4/12 10:34 AM,Unnamed Road Boston Ma,-71.016928,42.366375
69681,9/4/12 6:52 AM,180 Oliver St Boston Ma 02110,-71.052293,42.355365
71045,9/3/12 10:51 AM,670 Commonwealth Ave Boston Ma,-71.104367,42.349628
72350,9/6/12 8:00 AM,570 Huntington Ave Boston Ma,-71.097595,42.337107
72498,9/6/12 9:19 AM,19 Staniford St Boston Ma 02114,-71.063795,42.362172
72681,9/5/12 7:17 AM,60 Park Sq Boston Ma 02116,-71.067687,42.351047
73174,9/5/12 8:25 AM,440 Atlantic Ave Boston Ma 02110,-71.052832,42.354153
73642,9/4/12 8:35 AM,4 E Brookline St Boston Ma 02118,-71.072467,42.339490
73800,9/5/12 8:04 AM,160 Westland Ave Boston Ma 02115,-71.089230,42.343930
73954,9/4/12 8:49 AM,760 Commonwealth Ave Boston Ma,-71.108943,42.350540
74957,9/5/12 8:56 AM,Unnamed Road Boston Ma,-71.056275,42.352935
78390,9/7/12 10:17 AM,628 Beacon St Boston Ma 02215,-71.095420,42.349317
79333,9/4/12 11:25 AM,30 Long Wharf Boston Ma 02110,-71.050777,42.359822
79659,9/5/12 8:32 AM,8 Kneeland St Boston Ma 02111,-71.062737,42.350737
82094,9/4/12 8:49 AM,103 Cambridge St Boston Ma 02114,-71.062747,42.361145
82432,9/4/12 8:30 AM,28 Dorchester Ave Boston Ma,-71.052958,42.351347
83272,9/7/12 8:30 AM,Unnamed Road Boston Ma,-71.017145,42.366378
83434,9/7/12 9:09 AM,90 High St Boston Ma 02110,-71.055033,42.354453
83593,9/4/12 9:23 AM,600 Beacon St Boston Ma 02215,-71.094373,42.349548
86251,9/6/12 7:26 AM,Boston Fish Pier Boston Ma,-71.039007,42.349738
86419,9/4/12 8:35 AM,146 Dartmouth St Boston Ma 02116,-71.076057,42.347580
86588,9/4/12 11:30 AM,140 Newbury St Boston Ma 02116,-71.077553,42.350942
87262,9/5/12 10:17 AM,280 Beacon St Boston Ma 02116,-71.080608,42.353288
87603,9/4/12 8:36 AM,130 Franklin St Boston Ma 02110,-71.056592,42.355435
88588,9/6/12 10:04 AM,60 Post Office Sq Boston Ma 02109,-71.056070,42.357167
89278,9/4/12 10:33 AM,11 Central Wharf Boston Ma 02110,-71.050673,42.359010
89585,9/5/12 11:34 AM,139 Massachusetts Ave Boston Ma 02115,-71.087605,42.346860
89738,9/4/12 10:56 AM,10 Exeter Pl Boston Ma,-71.061083,42.353515
90542,9/4/12 11:34 AM,87 Cambridge St Boston Ma,-71.062273,42.361108
91023,9/4/12 9:19 AM,Huntington Ave @ I-90 Boston Ma,-71.079433,42.347338
91633,9/6/12 7:04 AM,Unnamed Road Boston Ma,-71.017262,42.366400
91777,9/5/12 7:16 AM,70 Washington St Boston Ma 02118,-71.058102,42.359578
93356,9/4/12 6:42 AM,1300 Boylston St Boston Ma 02215,-71.097615,42.344605
93503,9/4/12 7:57 AM,70 Cambridge St Boston Ma 02114,-71.060427,42.360602
93659,9/4/12 8:04 AM,Unnamed Road Boston Ma,-71.041983,42.350145
94413,9/6/12 10:13 AM,50 Hawley St Boston Ma 02110,-71.058853,42.355963
94568,9/6/12 11:17 AM,23 Charles St Boston Ma 02114,-71.069793,42.356857
94733,9/4/12 11:32 AM,10 Tremont St Boston Ma,-71.060332,42.358238
95083,9/5/12 9:39 AM,250 Franklin St Boston Ma 02110,-71.054382,42.356312
97448,9/4/12 6:13 AM,Unnamed Road Boston Ma,-71.021380,42.364843
101050,9/8/12 12:04 PM,27 Exeter St Boston Ma,-71.080088,42.350643
101733,9/6/12 11:00 AM,210 Newbury St Boston Ma 02116,-71.080448,42.350230
101904,9/6/12 9:55 AM,50 Blossom St Boston Ma 02114,-71.066888,42.362652
103063,9/6/12 7:47 AM,1970 Dorchester Ave Boston Ma 02124,-71.064497,42.285072
103378,9/4/12 7:34 AM,Unnamed Road Boston Ma,-71.021387,42.364845
103527,9/6/12 11:39 AM,360 Atlantic Ave Boston Ma 02110,-71.050835,42.356420
105276,9/7/12 10:23 AM,Unnamed Road Boston Ma,-71.050863,42.356080
106251,9/6/12 10:56 AM,Unnamed Road Boston Ma,-71.103992,42.338930
106580,9/5/12 9:21 AM,128 Boylston St Boston Ma 02116,-71.065877,42.352433
106887,9/6/12 12:06 PM,Unnamed Road Boston Ma,-71.017023,42.366348
107340,9/6/12 8:50 AM,580 Commonwealth Ave Boston Ma,-71.099393,42.349302
107640,9/10/12 7:18 AM,30 Long Wharf Boston Ma 02110,-71.050940,42.359968
107794,9/4/12 11:32 AM,50 Sleeper St Boston Ma 02210,-71.048904,42.352611
108097,9/10/12 9:16 AM,Unnamed Road Boston Ma,-71.021548,42.364822
108416,9/4/12 10:13 AM,630 Boylston St Boston Ma 02116,-71.077652,42.350033
108736,9/4/12 7:01 AM,Unnamed Road Boston Ma,-71.017047,42.366328
108911,9/6/12 10:46 AM,96 Huntington Ave Boston Ma,-71.079232,42.346990
110217,9/6/12 12:01 PM,S Charles St @ Boylston St Boston Ma 02116,-71.067647,42.352207
110370,9/5/12 8:03 AM,34 School St Boston Ma 02108,-71.059248,42.357673
110692,9/7/12 7:44 AM,50 Trilling Way Boston Ma 02210,-71.039642,42.348153
111027,9/5/12 8:37 AM,53 Fargo St Boston Ma 02210,-71.043527,42.346123
115216,9/6/12 8:32 AM,50 N North Grove St Boston Ma,-71.068597,42.361770
118103,9/11/12 11:35 AM,Unnamed Road Boston Ma,-71.062462,42.329933
118614,9/6/12 12:03 PM,Unnamed Road Boston Ma,-71.041098,42.349067
122498,9/4/12 11:50 AM,400 Brookline Ave Boston Ma,-71.107007,42.339113
124167,9/9/12 9:14 AM,145 Dartmouth St Boston Ma 02116,-71.076137,42.347553
124860,9/7/12 8:26 AM,40 Cambridge Street Ave Boston Ma 02114,-71.069425,42.361820
125530,9/9/12 12:01 PM,Unnamed Road Boston Ma,-71.079955,42.347352
125851,9/9/12 11:46 AM,Unnamed Road Boston Ma,-71.017032,42.366798
126147,9/8/12 6:54 AM,840 Boylston St Boston Ma 02199,-71.082892,42.348568
126979,9/8/12 9:41 AM,52 Brookline Ave Boston Ma 02215,-71.098346,42.347428
130344,9/5/12 11:34 AM,Batterymarch Arm Boston Ma,-71.053198,42.357643
130967,9/5/12 10:18 AM,710 Atlantic Ave Boston Ma 02111,-71.055870,42.351538
131737,9/5/12 11:09 AM,60 Trinity Pl Boston Ma 02116,-71.075265,42.348412
132228,9/4/12 10:54 AM,Unnamed Road Boston Ma,-71.017508,42.366038
133288,9/5/12 11:05 AM,83 Beacon St Boston Ma,-71.071217,42.355872
133447,9/5/12 7:43 AM,40 Water St Boston Ma 02109,-71.056725,42.357571
133763,9/4/12 10:40 AM,145 Dartmouth St Boston Ma 02116,-71.076295,42.347515
134087,9/5/12 8:29 AM,52 S Charles St Boston Ma 02116,-71.067128,42.351122
135649,9/4/12 11:43 AM,70 Fruit St Boston Ma 02114,-71.070180,42.362257
137094,9/5/12 7:31 AM,250 Franklin St Boston Ma 02110,-71.054688,42.356603
137411,9/5/12 9:32 AM,30 Tremont St Boston Ma,-71.059852,42.358722
137760,9/5/12 7:54 AM,580 Commonwealth Ave Boston Ma,-71.100115,42.349172
137931,9/6/12 7:46 AM,Unnamed Road Boston Ma,-71.017188,42.366560
139055,9/5/12 11:49 AM,693 Atlantic Ave Boston Ma 02111,-71.055865,42.351837
139214,9/10/12 7:13 AM,60 Peterborough St Boston Ma 02215,-71.097737,42.343643
139521,9/10/12 8:16 AM,330 Congress St Boston Ma 02210,-71.049343,42.350898
140976,9/10/12 9:36 AM,320 Summer St Boston Ma 02210,-71.048255,42.349387
141631,9/7/12 6:58 AM,Unnamed Road Boston Ma,-71.066083,42.277508
144968,9/7/12 9:49 AM,210 Summer St Boston Ma 02210,-71.054755,42.352465
146938,9/6/12 11:31 AM,40 Forsyth St Boston Ma,-71.090723,42.339978
147423,9/13/12 11:20 AM,53 Fargo St Boston Ma 02210,-71.043522,42.346040
147608,9/13/12 11:48 AM,80 Boston Pl Boston Ma 02108,-71.058313,42.358642
147768,9/5/12 11:43 AM,280 Beacon St Boston Ma 02116,-71.080640,42.353300
147934,9/6/12 7:39 AM,120 Stuart St Boston Ma 02116,-71.065488,42.351137
148098,9/6/12 8:22 AM,6 Water St Boston Ma 02109,-71.057768,42.357705
152744,9/8/12 9:15 AM,180 Newbury St Boston Ma 02116,-71.079370,42.350498
154185,9/7/12 8:41 AM,High St Boston Ma,-71.052992,42.356050
154490,9/5/12 8:47 AM,6 Garrison St Boston Ma 02116,-71.080165,42.346262
155611,9/8/12 7:28 AM,Unnamed Road Boston Ma,-71.019562,42.362483
156084,9/5/12 11:38 AM,140 St James Ave Boston Ma 02116,-71.076425,42.349628
156438,9/6/12 7:28 AM,437 Atlantic Ave Boston Ma 02110,-71.052362,42.354127
160082,9/14/12 6:24 AM,Unnamed Road Boston Ma,-71.017123,42.366222
160237,9/5/12 10:49 AM,70 Newbury St Boston Ma 02116,-71.074410,42.351793
161037,9/6/12 7:25 AM,436 Atlantic Ave Boston Ma 02110,-71.052212,42.354228
161534,9/14/12 9:50 AM,380 Atlantic Ave Boston Ma 02110,-71.050828,42.356090
162247,9/6/12 8:50 AM,Unnamed Road Boston Ma,-71.092703,42.351437
162403,9/7/12 7:19 AM,450 Columbus Ave Boston Ma 02116,-71.077778,42.343882
162875,9/6/12 9:22 AM,5 13th St Boston Ma 02129,-71.052002,42.378047
163651,9/6/12 9:30 AM,850 Boylston St Boston Ma 02199,-71.083048,42.348500
164159,9/6/12 10:14 AM,31 Congress St Boston Ma 02109,-71.056723,42.358328
164465,9/10/12 8:12 AM,I-90 @ Unnamed Road Boston Ma,-71.078483,42.347710
167897,9/12/12 10:19 AM,Unnamed Road Boston Ma,-71.077842,42.348632
168866,9/6/12 11:14 AM,Unnamed Road Boston Ma,-71.095185,42.350782
169369,9/6/12 10:54 AM,283 Commercial St Boston Ma 02109,-71.051107,42.364473
169510,9/6/12 9:34 AM,190 Peterborough St Boston Ma 02215,-71.101715,42.342505
170147,9/6/12 10:40 AM,170 Cambridge St Boston Ma 02114,-71.065022,42.361287
170939,9/9/12 7:52 AM,12 Western Ave Boston Ma 02134,-71.118940,42.364135
173134,9/9/12 10:29 AM,Unnamed Road Boston Ma,-71.021988,42.365130
174135,9/7/12 9:42 AM,50 Snow Pl Boston Ma 02135,-71.058323,42.354943
175459,9/7/12 7:52 AM,Unnamed Road Boston Ma,-71.058532,42.353791
177037,9/7/12 8:52 AM,Charlesgate Boston Ma,-71.092430,42.349788
178336,9/9/12 6:13 AM,650 Atlantic Ave Boston Ma 02111,-71.056003,42.352153
181365,9/10/12 10:01 AM,701 Commonwealth Ave Boston Ma,-71.106747,42.350202
181528,9/6/12 6:30 AM,Unnamed Road Boston Ma,-71.017053,42.366270
181670,9/7/12 8:37 AM,370 Beacon St Boston Ma 02116,-71.084192,42.352307
181997,9/11/12 10:10 AM,Unnamed Road Boston Ma,-71.041008,42.348945
182651,9/7/12 12:08 PM,70 Northern Ave Boston Ma 02210,-71.045348,42.353520
182959,9/10/12 11:50 AM,360 Stuart St Boston Ma 02116,-71.072845,42.349443
183258,9/11/12 11:34 AM,120 Congress St Boston Ma 02110,-71.055997,42.356445
184103,9/8/12 11:01 AM,170 Summer St Boston Ma 02110,-71.055883,42.352748
185336,9/8/12 11:19 AM,Unnamed Road Boston Ma,-71.055875,42.362673
186956,9/6/12 9:06 AM,91 Causeway St Boston Ma 02114,-71.062270,42.365072
187293,9/6/12 9:49 AM,221 Berkeley St Boston Ma 02116,-71.072923,42.350982
187600,9/7/12 11:11 AM,37 Broad St Boston Ma 02110,-71.054110,42.358338
189344,9/10/12 10:42 AM,170 Summer St Boston Ma 02110,-71.056000,42.352823
189679,9/10/12 11:01 AM,Unnamed Road Boston Ma,-71.018963,42.362882
192952,9/11/12 6:58 AM,250 Boylston St Boston Ma 02116,-71.069360,42.352160
195897,9/11/12 10:08 AM,320 Commonwealth Ave Boston Ma 02115,-71.086260,42.349485
196385,9/7/12 8:45 AM,860 Commonwealth Ave Boston Ma,-71.114848,42.351175
196696,9/7/12 8:51 AM,60 Atlantic Ave Boston Ma 02110,-71.051082,42.362870
197394,9/10/12 7:45 AM,150 Clarendon St Boston Ma 02116,-71.074317,42.348600
197567,9/7/12 9:32 AM,40 Oliver St Boston Ma 02110,-71.053838,42.356405
199020,9/14/12 6:19 AM,Unnamed Road Boston Ma,-71.021790,42.365135
200489,9/11/12 7:41 AM,Unnamed Road Boston Ma,-71.021338,42.364880
201127,9/7/12 7:08 AM,154 Northern Ave Boston Ma 02210,-71.043833,42.350900
201795,9/7/12 11:38 AM,30 Long Wharf Boston Ma 02110,-71.050770,42.359950
202975,9/8/12 11:29 AM,Commonwealth Ave @ Beacon St Boston Ma 02215,-71.096027,42.348730
203633,9/7/12 8:19 AM,93 S Charles St Boston Ma 02116,-71.066613,42.350000
204143,9/18/12 11:15 AM,Park Plz Boston Ma,-71.067577,42.351927
204487,9/11/12 7:54 AM,Unnamed Road Boston Ma,-71.053338,42.354035
204657,9/7/12 8:47 AM,650 Atlantic Ave Boston Ma 02111,-71.055852,42.352117
204978,9/7/12 6:14 AM,Unnamed Road Boston Ma,-71.021782,42.365023
205972,9/10/12 6:34 AM,Unnamed Road Boston Ma,-71.021210,42.364798
206749,9/10/12 8:14 AM,139 Dartmouth St Boston Ma 02116,-71.076022,42.347132
208752,9/14/12 9:54 AM,160 Huntington Ave Boston Ma,-71.082443,42.345022
209249,9/10/12 9:18 AM,840 Commonwealth Ave Boston Ma,-71.113733,42.351017
210847,9/7/12 12:05 PM,90 Accolyn Way Boston Ma,-71.061073,42.366247
211013,9/10/12 11:24 AM,Unnamed Road Boston Ma,-71.016998,42.366665
211170,9/14/12 11:44 AM,200 Summer St Boston Ma 02210,-71.054943,42.352557
212123,9/19/12 9:36 AM,410 Summer St Boston Ma,-71.043717,42.346785
213976,9/13/12 9:25 AM,81 Brookline Ave Boston Ma 02215,-71.099088,42.346783
214332,9/12/12 8:37 AM,200 Summer St Boston Ma 02210,-71.055097,42.352467
215174,9/8/12 7:37 AM,140 Dartmouth St Boston Ma 02116,-71.075902,42.347317
215641,9/11/12 6:59 AM,Unnamed Road Boston Ma,-71.081657,42.348780
216419,9/12/12 10:39 AM,9 St James Ave Boston Ma 02116,-71.070797,42.351062
217234,9/8/12 10:43 AM,210 Boylston St Boston Ma 02116,-71.068455,42.352302
218866,9/9/12 7:54 AM,120 Central St Boston Ma 02109,-71.052588,42.358768
219027,9/11/12 10:33 AM,200 Washington St Boston Ma 02108,-71.058017,42.358150
219384,9/10/12 6:52 AM,80 Milk St Boston Ma 02109,-71.056035,42.356965
220248,9/8/12 10:30 AM,110 Charles St Boston Ma 02114,-71.070667,42.359162
220565,9/8/12 10:40 AM,50 Evans Way Boston Ma 02115,-71.098763,42.338055
220893,9/8/12 10:55 AM,North St Boston Ma,-71.056218,42.360487
223306,9/7/12 10:11 AM,Unnamed Road Boston Ma,-71.019139,42.362532
223448,9/10/12 10:31 AM,176 Northern Ave Boston Ma 02210,-71.042205,42.350162
227100,9/11/12 6:47 AM,Unnamed Road Boston Ma,-71.017733,42.365992
227902,9/11/12 8:18 AM,80 High St Boston Ma 02110,-71.055033,42.354095
230754,9/15/12 6:58 AM,200 Marlborough St Boston Ma 02116,-71.080397,42.352420
231231,9/14/12 10:09 AM,53 Congress St Boston Ma 02109,-71.056442,42.357698
231871,9/7/12 10:49 AM,1330 Boylston St Boston Ma 02215,-71.098893,42.344177
232015,9/21/12 9:08 AM,Rotterdam St Boston Ma,-71.124085,42.362985
232342,9/21/12 9:45 AM,268 W Newton St Boston Ma 02116,-71.081405,42.345165
242601,9/11/12 9:21 AM,40 Cambridge Street Ave Boston Ma 02114,-71.069283,42.361870
243794,9/10/12 6:23 AM,Unnamed Road Boston Ma,-71.019443,42.369222
244136,9/11/12 10:56 AM,Unnamed Road Boston Ma,-71.018750,42.363522
244969,9/13/12 9:00 AM,20 Park Plz Boston Ma,-71.068810,42.351597
245135,9/13/12 10:59 AM,70 Broad St Boston Ma 02110,-71.053213,42.357728
246149,9/13/12 10:05 AM,Unnamed Road Boston Ma,-71.094987,42.338865
247773,9/10/12 11:40 AM,Unnamed Road Boston Ma,-71.021848,42.365058
248096,9/10/12 11:46 AM,660 Commonwealth Ave Boston Ma,-71.104762,42.349627
248279,9/10/12 12:19 PM,Unnamed Road Boston Ma,-71.021505,42.364845
252124,9/12/12 10:41 AM,210 Summer St Boston Ma 02210,-71.054877,42.352422
253557,9/23/12 7:43 AM,Unnamed Road Boston Ma,-71.068655,42.362493
253890,9/23/12 9:50 AM,180 Prince St Boston Ma 02113,-71.057957,42.367268
255501,9/8/12 10:32 AM,Unnamed Road Boston Ma,-71.021578,42.364950
256154,9/10/12 10:28 AM,60 Union Wharf Boston Ma 02109,-71.050948,42.365408
256963,9/10/12 8:15 AM,60 Binney St Boston Ma 02115,-71.107132,42.337470
258302,9/16/12 10:19 AM,414 Southampton St Boston Ma 02127,-71.060027,42.330138
258944,9/9/12 11:52 AM,25 Huntington Ave Boston Ma,-71.077452,42.348652
261008,9/13/12 11:54 AM,50 Francis St Boston Ma 02215,-71.107365,42.335802
263621,9/24/12 9:43 AM,50 Ashburton Pl Boston Ma 02108,-71.062165,42.359342
264268,9/8/12 7:32 AM,Unnamed Road Boston Ma,-71.022348,42.365365
265124,9/9/12 10:22 AM,314 Washington St Boston Ma 02135,-71.151635,42.349085
265458,9/11/12 10:38 AM,30 Tremont St Boston Ma,-71.059872,42.358628
265773,9/8/12 9:11 AM,Unnamed Road Boston Ma,-71.021910,42.365053
266079,9/11/12 11:12 AM,Commonwealth Ave @ Beacon St Boston Ma 02215,-71.096092,42.348708
266910,9/14/12 6:41 AM,Unnamed Road Boston Ma,-71.017220,42.366765
268654,9/13/12 8:04 AM,Commonwealth Ave @ Massachusetts Ave Boston Ma 02215,-71.089157,42.348935
268822,9/13/12 8:04 AM,Unnamed Road Boston Ma,-71.089105,42.349013
269309,9/13/12 8:37 AM,227 Summer St Boston Ma 02210,-71.053822,42.352030
269637,9/16/12 10:16 AM,200 Summer St Boston Ma 02210,-71.055030,42.352533
271359,9/13/12 7:20 AM,274 Congress St Boston Ma 02210,-71.053265,42.353365
272031,9/14/12 11:58 AM,80 Cambridge St Boston Ma,-71.061682,42.360952
273328,9/25/12 8:35 AM,90 Spring Ln Boston Ma 02109,-71.057287,42.357515
277970,9/9/12 9:56 AM,20 Blossom St Boston Ma 02114,-71.066988,42.361673
279165,9/18/12 6:37 AM,Unnamed Road Boston Ma,-71.041915,42.350222
279652,9/18/12 8:27 AM,Unnamed Road Boston Ma,-71.081523,42.346117
280700,9/18/12 9:23 AM,247 Tremont St Boston Ma 02116,-71.065177,42.350452
280860,9/18/12 10:41 AM,112 Devonshire St Boston Ma 02109,-71.056887,42.357138
281017,9/17/12 6:12 AM,Unnamed Road Boston Ma,-71.019088,42.369027
281604,9/17/12 7:30 AM,Unnamed Road Boston Ma,-71.068657,42.362680
281924,9/10/12 8:41 AM,182 Northern Ave Boston Ma 02210,-71.041975,42.349897
282287,9/14/12 10:38 AM,370 Stuart St Boston Ma 02116,-71.073377,42.349337
282474,9/10/12 8:53 AM,Unnamed Road Boston Ma,-71.079915,42.347195
283664,9/14/12 11:49 AM,48 Province St Boston Ma 02108,-71.060005,42.356802
284320,9/11/12 8:40 AM,Unnamed Road Boston Ma,-71.105468,42.340048
284628,9/11/12 9:15 AM,260 Essex St Boston Ma 02111,-71.056167,42.351978
284776,9/9/12 10:05 AM,60 Arlington St Boston Ma 02116,-71.070215,42.350722
285409,9/14/12 6:58 AM,440 Fenway Boston Ma 02115,-71.102273,42.341668
285728,9/26/12 11:49 AM,260 Northern Ave Boston Ma 02210,-71.038755,42.348732
285880,9/8/12 10:03 AM,663 Washington St Boston Ma 02111,-71.062625,42.351795
288549,9/15/12 11:02 AM,930 Commonwealth Ave Boston Ma,-71.117958,42.351473
290171,9/10/12 11:39 AM,351 Beacon St Boston Ma 02116,-71.083647,42.352443
290500,9/14/12 11:03 AM,110 Oliver St Boston Ma 02110,-71.052932,42.355918
291992,9/10/12 9:05 AM,Boylston St @ Eliot St Boston Ma 02116,-71.068708,42.352208
292150,9/9/12 11:57 AM,780 Atlantic Ave Boston Ma 02111,-71.056768,42.349828
297711,9/19/12 7:30 AM,200 Portland St Boston Ma 02114,-71.061568,42.364135
299083,9/19/12 8:49 AM,90 Shattuck St Boston Ma 02115,-71.106618,42.336333
299574,9/19/12 9:25 AM,Unnamed Road Boston Ma,-71.054580,42.355142
299888,9/9/12 7:46 AM,760 Washington St Boston Ma 02111,-71.063263,42.349987
300175,9/10/12 6:55 AM,Unnamed Road Boston Ma,-71.021992,42.365133
300682,9/10/12 7:14 AM,280 Friend St Boston Ma 02114,-71.061465,42.365098
301017,9/15/12 12:09 PM,I-90 @ Unnamed Road Boston Ma,-71.079112,42.347783
302015,9/14/12 9:04 AM,150 St James Ave Boston Ma 02116,-71.076572,42.349543
302666,9/9/12 10:41 AM,Unnamed Road Boston Ma,-71.080670,42.348870
303840,9/14/12 11:00 AM,50 Trilling Way Boston Ma 02210,-71.039903,42.347845
304979,9/11/12 6:43 AM,60 High Ct Boston Ma,-71.053173,42.355235
305150,9/10/12 8:50 AM,Unnamed Road Boston Ma,-71.021793,42.364863
305476,9/11/12 7:58 AM,190 Canal St Boston Ma 02114,-71.061242,42.365420
305811,9/11/12 8:33 AM,220 Summer St Boston Ma 02210,-71.054328,42.352088
306139,9/12/12 7:50 AM,Unnamed Road Boston Ma,-71.022058,42.365072
307706,9/12/12 9:05 AM,720 Atlantic Ave Boston Ma 02111,-71.056147,42.351515
308489,9/14/12 9:10 AM,Unnamed Road Boston Ma,-71.068560,42.362600
308658,9/14/12 9:19 AM,80 Lancaster St Boston Ma 02114,-71.062535,42.364598
309116,9/11/12 10:18 AM,180 Brookline Ave Boston Ma 02215,-71.101257,42.344408
309818,9/10/12 8:50 AM,Unnamed Road Boston Ma,-71.052993,42.377377
310704,9/19/12 6:56 AM,5 Staniford St Boston Ma 02114,-71.063852,42.361398
311346,9/10/12 11:18 AM,83 Beacon St Boston Ma,-71.071198,42.355832
312839,9/16/12 8:38 AM,Unnamed Road Boston Ma,-71.020765,42.364602
313968,9/16/12 10:25 AM,240 Ipswich St Boston Ma,-71.095592,42.345752
314143,9/10/12 10:37 AM,230 Massachusetts Ave Boston Ma 02115,-71.086632,42.344662
315001,9/13/12 8:50 AM,60 St James Ave Boston Ma 02116,-71.072987,42.350290
316247,9/12/12 12:00 PM,80 Newbury St Boston Ma 02116,-71.074975,42.351732
317322,9/14/12 9:55 AM,Unnamed Road Boston Ma,-71.019282,42.369118
317773,9/20/12 8:43 AM,380 Atlantic Ave Boston Ma 02110,-71.050758,42.356110
319251,9/20/12 7:52 AM,N380 Boston Ma,-71.040775,42.347335
321435,9/16/12 6:15 AM,Unnamed Road Boston Ma,-71.019542,42.369217
321781,9/16/12 8:47 AM,Unnamed Road Boston Ma,-71.019318,42.362670
325824,9/17/12 7:15 AM,87 St Botolph St Boston Ma 02116,-71.080330,42.345278
326362,9/17/12 8:15 AM,I-93 Boston Ma,-71.052660,42.359932
326935,9/15/12 8:20 AM,749 Atlantic Ave Boston Ma 02111,-71.056475,42.350417
327434,9/11/12 7:45 AM,Arlington St Boston Ma,-71.071267,42.352913
327964,9/20/12 6:14 AM,Unnamed Road Boston Ma,-71.017403,42.366625
328120,9/30/12 7:42 AM,Unnamed Road Boston Ma,-71.077840,42.348600
328275,9/17/12 9:42 AM,86 Cambridge St Boston Ma,-71.062132,42.361098
328449,9/15/12 9:19 AM,Unnamed Road Boston Ma,-71.021555,42.364868
328615,9/30/12 8:52 AM,1370 Washington St Boston Ma 02118,-71.069887,42.341153
329447,9/15/12 11:32 AM,10 N Harvard St Boston Ma 02134,-71.123947,42.368042
331119,9/12/12 10:02 AM,200 Summer St Boston Ma 02210,-71.055148,42.352628
331463,9/13/12 8:58 AM,Park Plz Boston Ma,-71.067800,42.351632
332126,9/20/12 11:59 AM,600 Beacon St Boston Ma 02215,-71.094275,42.349550
333761,9/15/12 8:56 AM,6 Park St Boston Ma 02108,-71.062147,42.356625
335575,9/12/12 9:19 AM,260 Northern Ave Boston Ma 02210,-71.038767,42.348735
336708,9/10/12 8:55 AM,290 Devonshire St Boston Ma 02110,-71.057843,42.353888
337215,9/9/12 8:50 AM,Huntington Ave Boston Ma,-71.080120,42.346598
339205,9/11/12 6:58 AM,170 Newbury St Boston Ma 02116,-71.078685,42.350538
339374,9/12/12 9:52 AM,70 Ashburton Pl Boston Ma 02108,-71.061855,42.359122
340534,9/21/12 9:32 AM,357 Northern Ave Boston Ma 02210,-71.034686,42.346357
342004,9/12/12 11:38 AM,40 Federal St Boston Ma 02110,-71.056767,42.356135
343534,9/21/12 9:39 AM,198 Clarendon St Boston Ma 02116,-71.074760,42.349800
345512,9/13/12 10:43 AM,150 Milton Pl Boston Ma 02110,-71.057067,42.354125
345675,9/12/12 9:57 AM,760 Atlantic Ave Boston Ma 02111,-71.056410,42.350300
345853,9/18/12 8:28 AM,438 Atlantic Ave Boston Ma 02110,-71.052397,42.354130
346020,9/10/12 9:29 AM,Unnamed Road Boston Ma,-71.021450,42.364827
347050,9/15/12 8:40 AM,300 Huntington Ave Boston Ma,-71.088958,42.340245
347388,9/18/12 9:38 AM,30 Francis St Boston Ma 02215,-71.106028,42.335367
347689,9/12/12 12:02 PM,210 Providence St Boston Ma 02116,-71.072618,42.350820
348167,9/21/12 11:02 AM,92 South St Boston Ma 02111,-71.057268,42.351183
352154,9/11/12 8:35 AM,22 Fid Kennedy Ave Boston Ma 02210,-71.028410,42.346560
352669,9/12/12 8:41 AM,438 Atlantic Ave Boston Ma 02110,-71.052585,42.354282
354568,9/11/12 9:58 AM,Unnamed Road Boston Ma,-71.105300,42.340073
355910,9/10/12 10:19 AM,850 Boylston St Boston Ma 02199,-71.083218,42.348558
357075,9/18/12 9:10 AM,48 Northern Ave Boston Ma 02210,-71.047247,42.353715
358480,9/13/12 8:43 AM,210 Mount Vernon St Boston Ma,-71.048897,42.319607
359403,9/10/12 8:37 AM,Unnamed Road Boston Ma,-71.041232,42.349150
359588,9/13/12 9:14 AM,170 Northern Ave Boston Ma 02210,-71.042957,42.350057
359957,9/10/12 9:01 AM,200 A St Boston Ma 02210,-71.052047,42.345680
360688,9/22/12 7:58 AM,384 Summer St Boston Ma,-71.044490,42.347425
361029,9/22/12 9:22 AM,Unnamed Road Boston Ma,-71.084483,42.346023
361530,9/13/12 11:18 AM,60 Evans Way Boston Ma 02115,-71.098773,42.337953
361885,9/13/12 8:09 AM,Unnamed Road Boston Ma,-71.019294,42.362945
362864,9/13/12 9:20 AM,Unnamed Road Boston Ma,-71.068618,42.362508
364129,9/13/12 7:17 AM,50 Butler Pl Boston Ma,-71.057983,42.367002
364771,9/16/12 10:32 AM,30 Black Falcon Ave Boston Ma 02210,-71.031567,42.344102
365933,9/22/12 10:20 AM,Commonwealth Ave @ Beacon St Boston Ma 02215,-71.096970,42.348705
366557,9/12/12 9:46 AM,127 Causeway St Boston Ma 02114,-71.060887,42.365737
366865,9/12/12 7:34 AM,90 High St Boston Ma 02110,-71.054928,42.354397
367356,9/22/12 12:05 PM,Unnamed Road Boston Ma,-71.080622,42.348835
368220,9/12/12 8:47 AM,210 Brookline Ave Boston Ma 02215,-71.102260,42.343792
369023,9/13/12 6:25 AM,130 High St Boston Ma 02110,-71.053755,42.355237
370006,9/18/12 8:31 AM,170 Devonshire St Boston Ma 02110,-71.057180,42.356097
370653,9/12/12 8:47 AM,Unnamed Road Boston Ma,-71.019353,42.363973
370968,9/11/12 11:56 AM,120 Stuart St Boston Ma 02116,-71.065535,42.351108
372533,9/18/12 11:41 AM,I-90 @ Dalton St Boston Ma,-71.085410,42.347617
373014,9/19/12 8:21 AM,Unnamed Road Boston Ma,-71.080532,42.346728
373175,9/11/12 12:06 PM,Beacon St @ Commonwealth Ave Boston Ma,-71.097812,42.348555
374010,9/15/12 11:38 AM,Unnamed Road Boston Ma,-71.016852,42.366313
374353,9/14/12 8:28 AM,Unnamed Road Boston Ma,-71.105758,42.337457
374684,9/13/12 8:45 AM,100 St James Ave Boston Ma 02116,-71.074700,42.350000
374994,9/14/12 8:52 AM,601 Washington St Boston Ma 02111,-71.062557,42.352893
376828,9/12/12 11:37 AM,180 Canal St Boston Ma 02114,-71.060963,42.365490
378228,9/18/12 9:35 AM,260 Northern Ave Boston Ma 02210,-71.038413,42.348785
378527,9/17/12 10:30 AM,Unnamed Road Boston Ma,-71.117967,42.359973
379171,9/11/12 8:38 AM,140 High St Boston Ma 02110,-71.053568,42.355580
379487,9/18/12 11:36 AM,347 Boylston St Boston Ma 02116,-71.070920,42.351945
379948,9/11/12 9:35 AM,Unnamed Road Boston Ma,-71.021703,42.364970
381467,9/13/12 11:50 AM,20 State St Boston Ma 02109,-71.057473,42.359098
384796,9/20/12 8:52 AM,6 Dorchester Ave Boston Ma,-71.052793,42.351658
385154,9/12/12 7:02 AM,Unnamed Road Boston Ma,-71.021487,42.364857
387543,9/23/12 8:56 AM,470 River St Boston Ma 02126,-71.093198,42.267960
388178,9/14/12 10:22 AM,Unnamed Road Boston Ma,-71.019597,42.369228
388975,9/18/12 8:40 AM,180 Berkeley St Boston Ma 02116,-71.072487,42.349902
389815,9/13/12 9:24 AM,10 Everett St Boston Ma 02134,-71.138935,42.354317
389980,9/25/12 11:11 AM,Unnamed Road Boston Ma,-71.022105,42.365117
391862,9/12/12 10:46 AM,190 Clarendon St Boston Ma 02116,-71.074835,42.349662
392188,9/11/12 8:18 AM,60 St James Ave Boston Ma 02116,-71.072923,42.350340
392356,9/11/12 10:17 AM,22 Staniford St Boston Ma 02114,-71.063873,42.362242
393141,9/17/12 6:47 AM,749 Atlantic Ave Boston Ma 02111,-71.056495,42.350475
395235,9/17/12 9:53 AM,Unnamed Road Boston Ma,-71.101037,42.344937
395388,9/17/12 10:03 AM,Unnamed Road Boston Ma,-71.022003,42.365143
395688,9/19/12 7:20 AM,250 Franklin St Boston Ma 02110,-71.054370,42.356338
396011,9/19/12 7:44 AM,600 Boylston St Boston Ma 02116,-71.076873,42.350331
396176,9/14/12 7:57 AM,Unnamed Road Boston Ma,-71.017295,42.366635
396332,9/14/12 8:16 AM,160 Brookline Ave Boston Ma 02215,-71.100922,42.344688
396495,9/17/12 10:53 AM,790 Boylston St Boston Ma 02199,-71.082040,42.348828
397311,9/14/12 11:37 AM,Unnamed Road Boston Ma,-71.021510,42.364872
397472,9/14/12 9:11 AM,Unnamed Road Boston Ma,-71.019365,42.369150
397626,9/16/12 11:44 AM,70 Belvidere St Boston Ma 02115,-71.084272,42.346038
397782,9/14/12 11:58 AM,50 Trilling Way Boston Ma 02210,-71.039648,42.348142
399188,9/13/12 8:25 AM,1080 Boylston St Boston Ma 02215,-71.088017,42.347138
399335,9/26/12 9:39 AM,120 Beacon St Boston Ma 02116,-71.073843,42.355050
399488,9/14/12 11:23 AM,101 Tremont St Boston Ma 02108,-71.061153,42.357300
399643,9/14/12 11:35 AM,Huntington Ave @ I-90 Boston Ma,-71.077557,42.348593
399926,9/26/12 11:15 AM,12 Boylston St Boston Ma 02116,-71.062847,42.352392
400078,9/26/12 11:47 AM,30 N North Grove St Boston Ma,-71.068664,42.361584
401465,9/13/12 9:16 AM,450 Boylston St Boston Ma 02116,-71.073292,42.351218
403201,9/19/12 10:43 AM,80 Tremont St Boston Ma 02108,-71.060778,42.357592
403536,9/20/12 6:30 AM,10 Joslin Pl Boston Ma 02215,-71.108217,42.338265
403705,9/13/12 10:54 AM,I-90 @ Dartmouth St Boston Ma,-71.076187,42.347892
403858,9/20/12 7:21 AM,210 Summer St Boston Ma 02210,-71.054922,42.352293
404207,9/13/12 11:53 AM,40 Seaver Pl Boston Ma 02116,-71.065430,42.350103
404524,9/12/12 9:16 AM,Unnamed Road Boston Ma,-71.017050,42.366337
404847,9/24/12 8:39 AM,185 Avenue Louis Pasteur Boston Ma 02115,-71.103203,42.337342
405312,9/24/12 8:43 AM,550 Boylston St Boston Ma 02116,-71.075575,42.350660
405609,9/21/12 7:49 AM,N380 Boston Ma,-71.040252,42.347685
405776,9/24/12 9:33 AM,820 Boylston St Boston Ma 02199,-71.082600,42.348632
406752,9/24/12 9:13 AM,30 W Broadway Boston Ma 02127,-71.056523,42.342458
407211,9/21/12 9:37 AM,180 Summer St Boston Ma 02110,-71.055827,42.352683
407383,9/20/12 11:57 AM,95 Huntington Ave Boston Ma,-71.079327,42.346967
409080,9/13/12 8:59 AM,80 High St Boston Ma 02110,-71.055207,42.354257
410588,9/27/12 10:53 AM,50 Hanover St Boston Ma 02108,-71.057113,42.361822
410739,9/27/12 11:48 AM,305 Congress St Boston Ma 02210,-71.050300,42.351467
410878,9/19/12 9:10 AM,30 Leman Pl Boston Ma,-71.052147,42.356683
412483,9/19/12 9:50 AM,80 Summer St Boston Ma 02110,-71.058155,42.353697
412824,9/19/12 10:11 AM,Unnamed Road Boston Ma,-71.018575,42.363102
413611,9/13/12 11:10 AM,30 Post Office Sq Boston Ma 02109,-71.056082,42.357417
414088,9/15/12 8:51 AM,760 Atlantic Ave Boston Ma 02111,-71.056482,42.350362
414238,9/18/12 10:23 AM,20 Federal St Boston Ma 02110,-71.056492,42.356492
414573,9/17/12 11:05 AM,Unnamed Road Boston Ma,-71.077562,42.348795
416157,9/15/12 8:51 AM,90 School St Boston Ma 02108,-71.060222,42.357930
416674,9/16/12 8:42 AM,30 Emerson Pl Boston Ma 02114,-71.068545,42.364317
418367,9/25/12 7:21 AM,33 Trinity Pl Boston Ma 02116,-71.075157,42.349288
419834,9/14/12 9:05 AM,108 High St Boston Ma 02110,-71.054608,42.354715
420376,9/25/12 9:21 AM,4 Beacon St Boston Ma 02116,-71.060798,42.358185
420542,9/21/12 8:57 AM,112 High St Boston Ma 02110,-71.054383,42.354773
420698,9/28/12 10:49 AM,55 Francis St Boston Ma 02215,-71.107698,42.335943
421916,9/14/12 9:27 AM,330 Congress St Boston Ma 02210,-71.049342,42.350918
422088,9/25/12 10:59 AM,32 Arlington St Boston Ma 02116,-71.070273,42.351368
424837,9/22/12 10:45 AM,65 Beacon St Boston Ma,-71.069282,42.356252
427991,9/18/12 8:27 AM,380 Park Dr Boston Ma,-71.103454,42.344224
432538,9/20/12 8:47 AM,Milton Pl Boston Ma,-71.057598,42.353536
433205,9/29/12 11:51 AM,500 E Broadway Boston Ma 02127,-71.044743,42.335528
435688,9/13/12 8:04 AM,80 Water St Boston Ma 02109,-71.055643,42.357718
435850,9/21/12 8:25 AM,33 Arlington St Boston Ma 02116,-71.070525,42.351163
436668,9/19/12 11:40 AM,Unnamed Road Boston Ma,-71.019535,42.369240
436842,9/19/12 12:06 PM,36 1st Ave Boston Ma 02129,-71.054193,42.374992
437353,9/17/12 9:27 AM,820 Boylston St Boston Ma 02199,-71.082512,42.348520
437835,9/21/12 10:08 AM,420 Boylston St Boston Ma 02116,-71.072730,42.351357
437988,9/16/12 8:43 AM,760 Atlantic Ave Boston Ma 02111,-71.056528,42.350388
439302,9/16/12 10:31 AM,Commonwealth Ave @ Beacon St Boston Ma 02215,-71.096262,42.348753
439472,9/16/12 10:43 AM,6 Park St Boston Ma 02108,-71.062348,42.356582
439782,9/23/12 9:01 AM,760 Atlantic Ave Boston Ma 02111,-71.056568,42.350358
440915,9/12/12 7:54 AM,10 Black Falcon Ave Boston Ma 02210,-71.033728,42.344193
441206,9/22/12 11:23 AM,60 Black Falcon Ave Boston Ma 02210,-71.029027,42.344115
441377,9/13/12 11:31 AM,Unnamed Road Boston Ma,-71.084293,42.346152
444739,9/14/12 9:26 AM,Unnamed Road Boston Ma,-71.120377,42.365132
445203,9/19/12 8:45 AM,80 Belvidere St Boston Ma 02115,-71.083648,42.346038
445361,9/23/12 10:12 AM,990 Commonwealth Ave Boston Ma,-71.120497,42.351800
445999,9/14/12 10:25 AM,Avenue De Lafayette Boston Ma,-71.061193,42.353475
446671,9/26/12 7:04 AM,Unnamed Road Boston Ma,-71.068678,42.362560
446829,9/19/12 10:18 AM,300 Cambridge St Boston Ma,-71.069377,42.361268
448223,9/14/12 11:01 AM,80 Summer St Boston Ma 02110,-71.058260,42.353882
448850,9/14/12 11:21 AM,350 Newbury St Boston Ma 02116,-71.087122,42.348562
449326,9/13/12 8:13 AM,250 Commercial St Boston Ma 02109,-71.051126,42.363956
452543,9/20/12 8:03 AM,220 Newbury St Boston Ma 02116,-71.081010,42.350043
454001,9/21/12 9:48 AM,417 Atlantic Ave Boston Ma 02110,-71.050950,42.355258
455633,9/24/12 8:43 AM,9 New Sudbury St Boston Ma 02114,-71.060822,42.361028
455806,9/21/12 12:03 PM,746 Atlantic Ave Boston Ma 02111,-71.056423,42.350573
457253,9/24/12 6:18 AM,Unnamed Road Boston Ma,-71.021353,42.364777
461160,9/22/12 10:02 AM,298 Babcock St Boston Ma 02215,-71.120807,42.353793
462598,9/20/12 8:16 AM,10 Stuart St Boston Ma 02116,-71.063408,42.351005
462749,9/24/12 9:38 AM,200 Congress St Boston Ma 02110,-71.054585,42.354572
462905,9/24/12 9:52 AM,Unnamed Road Boston Ma,-71.021932,42.365075
463217,9/22/12 9:04 AM,43 Congress St Boston Ma 02109,-71.056578,42.358033
463868,9/27/12 6:43 AM,50 Ashburton Pl Boston Ma 02108,-71.062042,42.358885
464856,9/14/12 11:18 AM,Unnamed Road Boston Ma,-71.020790,42.364543
467008,9/19/12 7:34 AM,50 Van Ness St Boston Ma 02215,-71.098563,42.345445
467166,9/19/12 7:46 AM,40 Blagden St Boston Ma 02116,-71.077733,42.348982
470302,9/19/12 10:59 AM,149 Dartmouth St Boston Ma 02116,-71.076222,42.347582
470466,9/18/12 9:23 AM,630 Atlantic Ave Boston Ma 02210,-71.055233,42.352687
470801,9/18/12 9:56 AM,40 North St Boston Ma 02113,-71.055848,42.360849
471107,9/13/12 9:52 AM,520 Beacon St Boston Ma 02215,-71.090418,42.350670
471253,9/18/12 11:19 AM,295 Newbury St Boston Ma 02115,-71.085192,42.348845
471892,9/22/12 6:17 AM,Unnamed Road Boston Ma,-71.032018,42.343783
472195,9/13/12 10:55 AM,20 Lincoln St Boston Ma 02111,-71.057565,42.353017
472825,9/25/12 8:54 AM,1560 Washington St Boston Ma 02118,-71.073843,42.338623
473779,9/22/12 10:36 AM,Unnamed Road Boston Ma,-71.079890,42.349948
473929,9/22/12 11:03 AM,1086 Commonwealth Ave Boston Ma,-71.124327,42.352298
474249,9/25/12 10:15 AM,43 Dalton St Boston Ma 02115,-71.084338,42.346472
474864,9/25/12 9:46 AM,N380 Boston Ma,-71.040143,42.347812
475662,9/25/12 11:41 AM,170 St Stephen St Boston Ma 02115,-71.088935,42.341227
475959,9/24/12 11:59 AM,Unnamed Road Boston Ma,-71.079962,42.347450
479067,9/21/12 9:07 AM,10 Huntington Ave Boston Ma 02115,-71.077817,42.348723
479233,9/23/12 8:18 AM,Unnamed Road Boston Ma,-71.017617,42.366088
480083,9/21/12 10:31 AM,514 Washington St Boston Ma,-71.161967,42.348892
482196,9/14/12 6:24 AM,Hanover St Boston Ma,-71.056260,42.362343
482732,9/19/12 8:02 AM,112 St James Ave Boston Ma 02116,-71.074927,42.349850
483741,9/13/12 7:17 AM,Unnamed Road Boston Ma,-71.021565,42.364903
484229,9/26/12 9:05 AM,Unnamed Road Boston Ma,-71.105388,42.339822
485698,9/14/12 8:17 AM,180 Beach St Boston Ma 02111,-71.056828,42.350478
485870,9/13/12 6:43 AM,Unnamed Road Boston Ma,-71.068558,42.362448
486348,9/20/12 8:29 AM,90 Boston Pl Boston Ma 02108,-71.058438,42.358642
486691,9/20/12 8:53 AM,230 Essex St Boston Ma 02111,-71.056540,42.352097
487191,9/14/12 10:35 AM,60 Binney St Boston Ma 02115,-71.106753,42.337567
488086,9/26/12 8:19 AM,150 Oliver St Boston Ma 02110,-71.052500,42.355527
489081,9/13/12 8:15 AM,30 Black Falcon Ave Boston Ma 02210,-71.031667,42.344042
489812,9/25/12 11:32 AM,130 Franklin St Boston Ma 02110,-71.056552,42.355547
489970,9/25/12 12:11 PM,98 Huntington Ave Boston Ma,-71.079280,42.347187
491443,9/26/12 12:17 PM,750 Tremont St Boston Ma 02118,-71.078952,42.339922
493443,9/15/12 9:02 AM,90 High St Boston Ma 02110,-71.055170,42.354400
493600,9/23/12 10:45 AM,200 Summer St Boston Ma 02210,-71.055163,42.352473
493772,9/28/12 8:43 AM,441 Atlantic Ave Boston Ma 02110,-71.053033,42.353992
496619,9/28/12 10:08 AM,290 Washington St Boston Ma 02108,-71.058108,42.357162
497305,9/15/12 9:04 AM,Unnamed Road Boston Ma,-71.017050,42.366807
498128,9/24/12 6:15 AM,Unnamed Road Boston Ma,-71.021973,42.365142
498617,9/28/12 11:57 AM,210 Boylston St Boston Ma 02116,-71.068633,42.352753
501887,9/27/12 6:49 AM,Unnamed Road Boston Ma,-71.120332,42.365028
502022,9/20/12 8:03 AM,240 Marlborough St Boston Ma 02116,-71.082040,42.351993
502806,9/27/12 7:33 AM,9 Dry Dock Ave Boston Ma 02210,-71.036022,42.344645
503741,9/19/12 9:46 AM,Clarendon St Boston Ma,-71.076042,42.352388
505092,9/14/12 7:16 AM,Avenue De Lafayette Boston Ma,-71.061005,42.353220
505240,9/24/12 10:01 AM,250 Northern Ave Boston Ma 02210,-71.039143,42.348850
505833,9/26/12 10:38 AM,Unnamed Road Boston Ma,-71.079910,42.347027
506608,9/26/12 11:32 AM,70 N North Grove St Boston Ma,-71.068587,42.362037
507230,9/21/12 10:30 AM,Beacon St Boston Ma,-71.061398,42.358272
507541,9/21/12 10:33 AM,747 Atlantic Ave Boston Ma 02111,-71.056322,42.350465
509217,9/24/12 11:41 AM,Unnamed Road Boston Ma,-71.021643,42.364905
509702,9/15/12 6:33 AM,Unnamed Road Boston Ma,-71.017298,42.366210
512589,9/23/12 6:57 AM,712 Huntington Ave Boston Ma,-71.103388,42.334815
513554,9/15/12 9:44 AM,Unnamed Road Boston Ma,-71.017108,42.366303
513904,9/23/12 10:43 AM,Unnamed Road Boston Ma,-71.021495,42.364865
516726,9/28/12 7:53 AM,40 Trilling Way Boston Ma 02210,-71.039867,42.348047
517726,9/20/12 9:24 AM,20 St James Ave Boston Ma 02116,-71.071395,42.350933
517887,9/23/12 8:00 AM,40 Black Falcon Ave Boston Ma 02210,-71.031430,42.343992
518771,9/28/12 10:20 AM,120 Huntington Ave Boston Ma,-71.080942,42.345943
519851,9/27/12 9:05 AM,270 Atlantic Ave Boston Ma 02110,-71.050733,42.356142
520524,9/20/12 11:23 AM,Unnamed Road Boston Ma,-71.079993,42.347437
520692,9/28/12 9:29 AM,Unnamed Road Boston Ma,-71.081347,42.345895
521209,9/16/12 10:01 AM,3 Park St Boston Ma 02108,-71.062752,42.357197
521888,9/14/12 9:54 AM,140 Newbury St Boston Ma 02116,-71.077462,42.351007
522838,9/27/12 10:44 AM,400 Boylston St Boston Ma 02116,-71.072182,42.351503
523511,9/27/12 11:57 AM,31 Congress St Boston Ma 02109,-71.056740,42.358330
524167,9/20/12 6:34 AM,100 High St Boston Ma 02110,-71.054967,42.354638
524687,9/15/12 7:52 AM,400 W Broadway Boston Ma 02127,-71.048020,42.337063
525686,9/21/12 10:43 AM,53 Fargo St Boston Ma 02210,-71.043540,42.346148
525852,9/15/12 9:53 AM,180 Huntington Ave Boston Ma,-71.082285,42.344665
526344,9/18/12 6:51 AM,Unnamed Road Boston Ma,-71.021285,42.364797
526689,9/21/12 11:07 AM,Massachusetts Ave @ Unnamed Road Boston Ma,-71.088657,42.349023
527859,9/25/12 10:21 AM,Unnamed Road Boston Ma,-71.064448,42.363588
528645,9/25/12 10:41 AM,50 Cambridge Street Ave Boston Ma 02114,-71.069693,42.361425
531505,9/14/12 11:42 AM,170 Northern Ave Boston Ma 02210,-71.042955,42.350068
532752,9/24/12 9:35 AM,110 State St Boston Ma 02109,-71.054833,42.359177
533216,9/22/12 7:21 AM,180 Summer St Boston Ma 02110,-71.055811,42.352693
533711,9/26/12 9:41 AM,40 Joslin Pl Boston Ma 02215,-71.108523,42.338415
543048,9/26/12 7:56 AM,Unnamed Road Boston Ma,-71.016962,42.366783
544642,9/15/12 9:13 AM,250 Franklin St Boston Ma 02110,-71.054577,42.356450
546055,9/16/12 8:28 AM,Unnamed Road Boston Ma,-71.017247,42.366683
547441,9/16/12 9:31 AM,Unnamed Road Boston Ma,-71.017990,42.362747
547766,9/16/12 10:51 AM,Unnamed Road Boston Ma,-71.019888,42.369327
548131,9/24/12 7:31 AM,Atlantic Ave Boston Ma,-71.051005,42.357480
548824,9/24/12 8:03 AM,760 Atlantic Ave Boston Ma 02111,-71.056603,42.350248
549483,9/21/12 10:36 AM,Arlington St Boston Ma,-71.070863,42.352005
550971,9/17/12 11:46 AM,Unnamed Road Boston Ma,-71.019218,42.369085
552553,9/28/12 9:21 AM,434 Hanover St Boston Ma 02113,-71.052710,42.366695
552718,9/30/12 11:04 AM,30 Yawkey Way Boston Ma 02215,-71.098447,42.345697
553648,9/26/12 8:12 AM,Unnamed Road Boston Ma,-71.019048,42.362860
553813,9/15/12 10:42 AM,410 Stuart St Boston Ma 02116,-71.075063,42.349125
553982,9/26/12 8:53 AM,120 Belvidere St Boston Ma 02115,-71.082097,42.345717
554481,9/21/12 7:52 AM,53 Fargo St Boston Ma 02210,-71.043565,42.346135
555261,9/21/12 8:46 AM,Commonwealth Ave Boston Ma,-71.115565,42.350940
556554,9/21/12 9:18 AM,Unnamed Road Boston Ma,-71.033683,42.315572
556886,9/17/12 8:47 AM,Unnamed Road Boston Ma,-71.020855,42.364560
557894,9/16/12 10:13 AM,Unnamed Road Boston Ma,-71.019330,42.362582
558397,9/17/12 11:24 AM,207 Hanover St Boston Ma 02113,-71.055347,42.362910
558863,9/21/12 11:08 AM,230 Newbury St Boston Ma 02116,-71.081863,42.349852
562420,9/22/12 7:45 AM,55 Francis St Boston Ma 02215,-71.107502,42.336095
562752,9/17/12 7:39 AM,Unnamed Road Boston Ma,-71.021162,42.364737
562923,9/22/12 8:24 AM,40 Black Falcon Ave Boston Ma 02210,-71.031308,42.343983
563552,9/22/12 9:12 AM,1280 Boylston St Boston Ma 02215,-71.096680,42.344935
564011,9/27/12 7:27 AM,20 High St Boston Ma 02110,-71.056658,42.353548
565308,9/17/12 9:16 AM,113 St James Ave Boston Ma 02116,-71.074910,42.349725
567055,9/28/12 8:10 AM,Unnamed Road Boston Ma,-71.017072,42.366330
567678,9/28/12 9:18 AM,Unnamed Road Boston Ma,-71.016990,42.366427
569535,9/28/12 10:53 AM,90 Columbus Ave Boston Ma 02116,-71.070400,42.349840
569702,9/30/12 11:57 AM,470 Huntington Ave Boston Ma,-71.093823,42.338897
570634,9/28/12 6:52 AM,Unnamed Road Boston Ma,-71.019505,42.369113
573018,9/16/12 7:36 AM,Unnamed Road Boston Ma,-71.017108,42.366592
573190,9/23/12 7:26 AM,534 Commonwealth Ave Boston Ma,-71.096112,42.349112
574999,9/23/12 9:54 AM,96 Congress St Boston Ma,-71.056858,42.358977
575660,9/23/12 10:43 AM,210 Ipswich St Boston Ma,-71.095698,42.345960
576500,9/18/12 10:14 AM,630 Boylston St Boston Ma 02116,-71.077755,42.350062
578008,9/25/12 9:57 AM,370 Boylston St Boston Ma 02116,-71.071653,42.351603
579002,9/30/12 9:47 AM,32 Exeter St Boston Ma 02116,-71.079855,42.350127
579362,9/25/12 11:31 AM,54 Fargo St Boston Ma 02210,-71.043458,42.346155
583177,9/29/12 8:11 AM,Unnamed Road Boston Ma,-71.017338,42.366680
584642,9/22/12 8:02 AM,Unnamed Road Boston Ma,-71.060252,42.300153
585321,9/20/12 8:29 AM,40 W Springfield St Boston Ma 02118,-71.076553,42.337113
585677,9/18/12 10:17 AM,60 Binney St Boston Ma 02115,-71.106930,42.337495
585852,9/18/12 9:41 AM,North St Boston Ma,-71.056608,42.360415
586336,9/18/12 7:26 AM,High St Boston Ma,-71.053015,42.356035
586814,9/18/12 11:26 AM,220 Providence St Boston Ma 02116,-71.072848,42.350718
586988,9/18/12 8:12 AM,30 Park Plz Boston Ma 02116,-71.070062,42.351458
587632,9/29/12 10:14 AM,880 Boylston St Boston Ma 02199,-71.083735,42.348292
589597,9/19/12 10:26 AM,97 Causeway St Boston Ma 02114,-71.061910,42.365207
589932,9/19/12 11:24 AM,20 Long Wharf Boston Ma 02110,-71.050835,42.359748
590117,9/19/12 11:58 AM,30 Park Plz Boston Ma 02116,-71.069878,42.351490
591451,9/23/12 7:53 AM,20 Black Falcon Ave Boston Ma 02210,-71.032665,42.343980
592537,9/17/12 8:06 AM,Unnamed Road Boston Ma,-71.022010,42.365125
592692,9/17/12 8:07 AM,20 Stuart St Boston Ma 02116,-71.063479,42.351036
592860,9/29/12 9:01 AM,270 Tremont St Boston Ma 02116,-71.065225,42.349947
593347,9/17/12 8:33 AM,30 Lincoln St Boston Ma 02111,-71.057895,42.352902
593809,9/19/12 10:12 AM,Unnamed Road Boston Ma,-71.019485,42.369167
595217,9/17/12 10:48 AM,3 Hemenway St Boston Ma 02115,-71.089175,42.346838
597170,9/24/12 7:42 AM,90 Traverse St Boston Ma 02114,-71.059960,42.364323
598187,9/19/12 10:43 AM,Unnamed Road Boston Ma,-71.041057,42.349053
599041,9/24/12 8:50 AM,60 Broad St Boston Ma 02110,-71.053460,42.357968
600075,9/19/12 6:30 AM,450 Charles St Boston Ma,-71.069290,42.365323
600738,9/24/12 10:56 AM,710 Boylston St Boston Ma 02116,-71.079777,42.349477
601199,9/19/12 9:54 AM,460 D St Boston Ma 02127,-71.042703,42.345698
601353,9/18/12 8:01 AM,285 Congress St Boston Ma 02210,-71.052832,42.353088
601659,9/18/12 8:50 AM,440 Charles St Boston Ma,-71.069220,42.364808
601971,9/18/12 10:20 AM,Atlantic Ave Boston Ma,-71.051450,42.358483
602143,9/28/12 6:56 AM,Stuart St @ Eliot St Boston Ma 02116,-71.067433,42.350892
602493,9/30/12 6:12 AM,200 Summer St Boston Ma 02210,-71.055120,42.352455
603023,9/19/12 7:26 AM,88 Hancock St Boston Ma 02114,-71.064408,42.359225
604205,9/19/12 6:55 AM,120 Congress St Boston Ma 02110,-71.056342,42.356378
605211,9/28/12 10:23 AM,211 Cambridge St Boston Ma,-71.066413,42.361255
605911,9/19/12 9:16 AM,Unnamed Road Boston Ma,-71.017048,42.366812
606406,9/28/12 11:36 AM,Unnamed Road Boston Ma,-71.021535,42.365040
607015,9/19/12 9:12 AM,98 Pearl St Boston Ma 02110,-71.054235,42.355263
607322,9/30/12 11:22 AM,Unnamed Road Boston Ma,-71.089907,42.342712
610176,9/18/12 10:31 AM,60 N North Grove St Boston Ma 02114,-71.068638,42.362267
611676,9/24/12 9:35 AM,Unnamed Road Boston Ma,-71.084205,42.346097
613092,9/21/12 8:15 AM,110 Arch St Boston Ma 02110,-71.058598,42.355015
616734,9/20/12 6:53 AM,83 Broad St Boston Ma 02110,-71.052657,42.357512
618146,9/20/12 10:43 AM,N351 Boston Ma,-71.019922,42.364793
618794,9/20/12 11:52 AM,70 Exeter St Boston Ma 02116,-71.079205,42.349110
619275,9/21/12 7:47 AM,220 Boylston St Boston Ma 02116,-71.068490,42.352273
619415,9/29/12 10:47 AM,770 Atlantic Ave Boston Ma 02111,-71.056643,42.350053
619740,9/19/12 9:26 AM,60 Oliver St Boston Ma 02110,-71.053408,42.356260
619908,9/19/12 9:45 AM,80 Summer St Boston Ma 02110,-71.058260,42.353702
621789,9/20/12 9:04 AM,90 Estes Pl Boston Ma 02110,-71.054320,42.352295
623661,9/27/12 10:28 AM,774 Tremont St Boston Ma 02118,-71.079900,42.339607
623996,9/24/12 9:55 AM,437 Atlantic Ave Boston Ma 02110,-71.052397,42.354222
624145,9/28/12 10:50 AM,60 Arlington St Boston Ma 02116,-71.070097,42.350660
624760,9/19/12 11:49 AM,90 High St Boston Ma 02110,-71.054993,42.354302
627451,9/20/12 9:40 AM,181 Northern Ave Boston Ma 02210,-71.041917,42.350015
628511,9/23/12 11:55 AM,97 Congress St Boston Ma 02109,-71.056970,42.359780
628890,9/20/12 10:37 AM,199 Cambridge St Boston Ma,-71.065995,42.361772
629416,9/25/12 10:06 AM,Unnamed Road Boston Ma,-71.065908,42.364338
629785,9/19/12 10:04 AM,120 Belvidere St Boston Ma 02115,-71.082332,42.345728
630095,9/20/12 9:19 AM,170 Commonwealth Ave Boston Ma 02116,-71.079110,42.351428
630252,9/30/12 10:30 AM,49 Fargo St Boston Ma 02210,-71.043600,42.346167
630412,9/30/12 6:25 AM,Unnamed Road Boston Ma,-71.017215,42.366190
632198,9/25/12 8:15 AM,60 Deaconess Rd Boston Ma 02115,-71.108083,42.337770
633822,9/25/12 11:27 AM,Unnamed Road Boston Ma,-71.016898,42.366313
635019,9/20/12 11:40 AM,Unnamed Road Boston Ma,-71.017008,42.366617
635191,9/28/12 10:54 AM,555 Tremont St Boston Ma 02118,-71.071747,42.343978
637927,9/24/12 11:44 AM,305 Commonwealth Ave Boston Ma,-71.085672,42.350057
639842,9/27/12 8:38 AM,230 Essex St Boston Ma 02111,-71.056498,42.352033
640305,9/21/12 10:55 AM,Avenue De Lafayette Boston Ma,-71.061015,42.353267
640467,9/27/12 9:49 AM,85 Northern Ave Boston Ma 02210,-71.043370,42.352757
640757,9/26/12 8:52 AM,114 St James Ave Boston Ma 02116,-71.075051,42.349849
640909,9/27/12 10:39 AM,270 State St Boston Ma 02109,-71.051320,42.359683
642805,9/21/12 11:45 AM,770 Atlantic Ave Boston Ma 02111,-71.056618,42.350188
642975,9/21/12 9:23 AM,198 Clarendon St Boston Ma 02116,-71.074838,42.349783
644481,9/25/12 9:13 AM,30 Yawkey Way Boston Ma 02215,-71.098473,42.345808
644977,9/25/12 10:57 AM,420 W Broadway Boston Ma 02127,-71.047593,42.336658
645320,9/25/12 11:55 AM,Unnamed Road Boston Ma,-71.021880,42.365063
645999,9/22/12 6:45 AM,749 Atlantic Ave Boston Ma 02111,-71.056502,42.350415
646837,9/27/12 10:26 AM,Unnamed Road Boston Ma,-71.036633,42.312640
647986,9/20/12 9:37 AM,40 St James Ave Boston Ma 02116,-71.072580,42.350420
648133,9/27/12 6:39 AM,Unnamed Road Boston Ma,-71.066097,42.277595
648765,9/20/12 10:42 AM,110 Canal St Boston Ma 02114,-71.059795,42.364502
648910,9/27/12 9:11 AM,390 Stuart St Boston Ma 02116,-71.074152,42.348955
649722,9/28/12 12:01 PM,Unnamed Road Boston Ma,-71.019105,42.363162
654999,9/28/12 9:58 AM,190 Clarendon St Boston Ma 02116,-71.074643,42.349713
655612,9/30/12 10:19 AM,Commonwealth Ave @ E Charlesgate Boston Ma 02215,-71.091127,42.348747
657231,9/21/12 8:50 AM,120 Huntington Ave Boston Ma,-71.081010,42.345917
658378,9/21/12 11:20 AM,1340 Boylston St Boston Ma 02215,-71.099360,42.344090
658845,9/29/12 6:45 AM,180 Huntington Ave Boston Ma,-71.082315,42.344803
659472,9/29/12 11:00 AM,Unnamed Road Boston Ma,-71.033793,42.315652
659609,9/29/12 11:30 AM,270 Fenway Boston Ma 02115,-71.098538,42.338832
662633,9/29/12 7:37 AM,748 Atlantic Ave Boston Ma 02111,-71.056393,42.350402
665490,9/28/12 8:25 AM,151 High St Boston Ma 02110,-71.053512,42.355885
665657,9/28/12 8:54 AM,Unnamed Road Boston Ma,-71.064372,42.363392
666142,9/29/12 8:42 AM,10 Fairway St Boston Ma 02126,-71.093970,42.268682
666447,9/21/12 11:35 AM,770 Atlantic Ave Boston Ma 02111,-71.056712,42.350095
666619,9/30/12 11:30 AM,Unnamed Road Boston Ma,-71.017001,42.366739
670235,9/30/12 8:25 AM,Unnamed Road Boston Ma,-71.017130,42.366227
670926,9/22/12 11:59 AM,56 Brookline Ave Boston Ma 02215,-71.098440,42.347325
672332,9/21/12 9:08 AM,174 High St Boston Ma 02110,-71.052533,42.356502
672901,9/30/12 8:22 AM,Unnamed Road Boston Ma,-71.020610,42.369645
675157,9/21/12 7:44 AM,Unnamed Road Boston Ma,-71.068678,42.362533
676525,9/30/12 9:15 AM,200 Tremont St Boston Ma 02116,-71.064615,42.352132
676818,9/30/12 12:10 PM,Unnamed Road Boston Ma,-71.051155,42.354982
678765,9/21/12 11:52 AM,Unnamed Road Boston Ma,-71.034028,42.315788
681072,9/21/12 10:09 AM,830 Boylston St Boston Ma 02199,-71.082717,42.348607
682274,9/21/12 11:38 AM,60 Charles St Boston Ma 02114,-71.070298,42.357565
683131,9/22/12 9:01 AM,150 Chauncy St Boston Ma 02111,-71.060857,42.352837
685835,9/23/12 10:36 AM,Unnamed Road Boston Ma,-71.019270,42.369095
686337,9/22/12 11:53 AM,70 Belvidere St Boston Ma 02115,-71.084190,42.345970
688522,9/22/12 10:01 AM,95 Causeway St Boston Ma 02114,-71.061985,42.365068
689381,9/22/12 11:55 AM,Atlantic Ave Boston Ma,-71.051439,42.358484
689877,9/25/12 7:26 AM,N351 Boston Ma,-71.017449,42.366437
690824,9/22/12 8:30 AM,Unnamed Road Boston Ma,-71.017052,42.366638
693510,9/22/12 8:03 AM,90 Park Sq Boston Ma 02116,-71.067512,42.350867
693845,9/22/12 9:51 AM,Washington St Boston Ma,-71.073553,42.339022
694179,9/24/12 6:42 AM,Unnamed Road Boston Ma,-71.019113,42.363140
694966,9/24/12 9:33 AM,90 Bay State Road Boston Ma 02215,-71.097088,42.350123
695262,9/25/12 11:10 AM,Fullerton St Boston Ma,-71.101707,42.345643
695887,9/24/12 11:54 AM,926 Boylston St Boston Ma 02199,-71.085280,42.347863
699520,9/24/12 8:52 AM,190 State St Boston Ma,-71.053145,42.359550
700365,9/24/12 10:45 AM,160 Fenway Boston Ma 02115,-71.092164,42.341400
701959,9/23/12 11:10 AM,780 Boylston St Boston Ma 02199,-71.081987,42.348875
703903,9/24/12 7:18 AM,Unnamed Road Boston Ma,-71.081408,42.346085
704064,9/23/12 9:37 AM,Unnamed Road Boston Ma,-71.019165,42.369073
704696,9/25/12 11:08 AM,220 Brookline Ave Boston Ma 02215,-71.102333,42.343685
705498,9/22/12 8:54 AM,50 Belvidere St Boston Ma 02115,-71.085098,42.346125
707931,9/22/12 12:04 PM,777 Tremont St Boston Ma 02118,-71.080227,42.339430
708282,9/27/12 9:14 AM,N380 Boston Ma,-71.039977,42.347785
708778,9/27/12 9:56 AM,Unnamed Road Boston Ma,-71.034038,42.315807
710111,9/24/12 8:52 AM,10 S Russell St Boston Ma 02114,-71.065998,42.361077
710437,9/26/12 10:16 AM,30 Long Wharf Boston Ma 02110,-71.050788,42.359945
710944,9/24/12 8:25 AM,630 Atlantic Ave Boston Ma 02210,-71.055268,42.352678
711286,9/26/12 12:01 PM,190 Clarendon St Boston Ma 02116,-71.074385,42.349635
711448,9/24/12 9:30 AM,50 Francis St Boston Ma 02215,-71.107290,42.335762
712140,9/24/12 11:48 AM,Huntington Ave @ I-90 Boston Ma,-71.077835,42.348313
713513,9/27/12 9:32 AM,90 Melcher St Boston Ma 02210,-71.049613,42.349212
713820,9/26/12 10:58 AM,1210 Boylston St Boston Ma 02215,-71.094387,42.345785
714426,9/24/12 9:26 AM,189 Stuart St Boston Ma 02116,-71.067210,42.350675
714912,9/24/12 9:51 AM,750 Washington St Boston Ma 02111,-71.063530,42.350065
715871,9/24/12 10:42 AM,1530 Washington St Boston Ma 02118,-71.072327,42.339695
717752,9/26/12 9:43 AM,Unnamed Road Boston Ma,-71.017335,42.366651
718102,9/25/12 6:43 AM,92 Pearl St Boston Ma 02110,-71.054678,42.355397
718467,9/28/12 8:43 AM,410 Stuart St Boston Ma 02116,-71.074645,42.348923
719460,9/25/12 9:28 AM,30 Park Plz Boston Ma 02116,-71.069732,42.351427
719777,9/28/12 11:24 AM,Unnamed Road Boston Ma,-71.056558,42.349982
719944,9/28/12 12:00 PM,Atlantic Ave Boston Ma,-71.051323,42.358367
720113,9/25/12 8:35 AM,60 Oliver St Boston Ma 02110,-71.053403,42.356052
720275,9/25/12 9:48 AM,250 Essex St Boston Ma 02111,-71.056310,42.352018
720758,9/25/12 10:59 AM,80 Wormwood St Boston Ma 02210,-71.049357,42.346973
722183,9/23/12 10:28 AM,170 Brookline Ave Boston Ma 02215,-71.100812,42.344657
722894,9/27/12 8:01 AM,90 Cambridge St Boston Ma 02114,-71.060948,42.360695
724161,9/27/12 10:47 AM,Unnamed Road Boston Ma,-71.055082,42.374425
724308,9/28/12 8:13 AM,Unnamed Road Boston Ma,-71.019095,42.369015
724780,9/27/12 11:52 AM,20 Kilby Pl Boston Ma 02109,-71.055442,42.358292
725122,9/25/12 10:17 AM,Unnamed Road Boston Ma,-71.081225,42.346140
725435,9/28/12 9:44 AM,190 A St Boston Ma 02210,-71.052332,42.345363
726588,9/26/12 6:26 AM,Unnamed Road Boston Ma,-71.082360,42.348518
726888,9/27/12 9:11 AM,409 Brookline Ave Boston Ma,-71.107200,42.338965
727810,9/27/12 11:04 AM,71 Brookline Ave Boston Ma 02215,-71.098853,42.346990
727958,9/26/12 8:05 AM,280 Providence St Boston Ma 02116,-71.074383,42.350273
728291,9/27/12 12:00 PM,Charles St @ Cambridge St Boston Ma,-71.070615,42.361857
729420,9/26/12 10:59 AM,98 Huntington Ave Boston Ma,-71.079122,42.347107
731436,9/27/12 7:55 AM,10 Gilbert Pl Boston Ma 02110,-71.053615,42.351867
732863,9/26/12 7:42 AM,330 Huntington Ave Boston Ma,-71.088425,42.340598
733966,9/27/12 11:12 AM,97 Congress St Boston Ma 02109,-71.056765,42.359877
734120,9/28/12 8:05 AM,Unnamed Road Boston Ma,-71.068565,42.362736
734448,9/28/12 8:40 AM,2 Highgate St Boston Ma 02134,-71.132200,42.355743
734601,9/28/12 9:04 AM,50 Charles St Boston Ma 02114,-71.070138,42.357443
736290,9/24/12 11:59 AM,213 Berkeley St Boston Ma 02116,-71.072760,42.350730
739554,9/29/12 9:48 AM,N351 Boston Ma,-71.024475,42.368192
740226,9/30/12 6:51 AM,780 Washington St Boston Ma 02111,-71.063612,42.349710
740543,9/30/12 9:08 AM,50 Charles St Boston Ma 02114,-71.070075,42.357320
741347,9/29/12 10:17 AM,Unnamed Road Boston Ma,-71.017033,42.366828
741501,9/29/12 7:28 AM,Unnamed Road Boston Ma,-71.098608,42.340850
741666,9/29/12 8:25 AM,Unnamed Road Boston Ma,-71.017083,42.366520
742283,9/27/12 6:53 AM,700 Atlantic Ave Boston Ma 02111,-71.055928,42.351690
742429,9/27/12 7:21 AM,766 Boylston St Boston Ma 02116,-71.081700,42.348862
742583,9/29/12 10:02 AM,300 Columbus Ave Boston Ma 02116,-71.074233,42.346718
742739,9/27/12 8:33 AM,709 Washington St Boston Ma 02111,-71.062933,42.350862
748900,9/30/12 10:14 AM,10 Fish Pier Rd Boston Ma 02210,-71.038108,42.348025
750691,9/27/12 10:02 AM,40 Newbury St Boston Ma 02116,-71.072762,42.352347
751038,9/28/12 8:16 AM,40 Nassau St Boston Ma 02111,-71.063067,42.348900
752208,9/28/12 6:50 AM,11 Avery St Boston Ma,-71.063063,42.353130
754191,9/30/12 8:24 AM,210 Berkeley St Boston Ma 02116,-71.072773,42.350592
754351,9/30/12 9:08 AM,Unnamed Road Boston Ma,-71.019267,42.362772
754830,9/30/12 10:20 AM,890 Boylston St Boston Ma 02199,-71.083773,42.348278
755528,9/28/12 9:02 AM,190 Clarendon St Boston Ma 02116,-71.074668,42.349622
756309,9/28/12 10:24 AM,370 Boylston St Boston Ma 02116,-71.071648,42.351815
758157,9/28/12 7:40 AM,N144 Boston Ma,-71.059552,42.350512
759924,9/26/12 10:44 AM,15 Gloucester St Boston Ma 02115,-71.084903,42.350861
762668,9/30/12 10:53 AM,170 Summer St Boston Ma 02110,-71.055943,42.352645
762829,9/28/12 6:45 AM,10 City Hall Ave Boston Ma 02108,-71.059015,42.358192
766458,9/29/12 10:41 AM,760 Atlantic Ave Boston Ma 02111,-71.056460,42.350373
767089,9/30/12 7:39 AM,617 Huntington Ave Boston Ma,-71.099962,42.336198
767244,9/30/12 8:49 AM,437 Atlantic Ave Boston Ma 02110,-71.052472,42.354330
767401,9/27/12 8:25 AM,100 High St Boston Ma 02110,-71.054732,42.354507
767758,9/30/12 10:48 AM,175 Tremont St Boston Ma 02111,-71.064302,42.353198
768082,9/27/12 9:59 AM,Washington St Boston Ma,-71.058113,42.357325
772234,9/29/12 7:31 AM,Unnamed Road Boston Ma,-71.017173,42.366492
772543,9/30/12 8:13 AM,270 Portland St Boston Ma 02114,-71.061937,42.364903
772709,9/30/12 9:49 AM,53 Fargo St Boston Ma 02210,-71.043568,42.346143
774753,9/28/12 7:26 AM,190 Berkeley St Boston Ma 02116,-71.072450,42.350043
774932,9/28/12 8:17 AM,270 Devonshire St Boston Ma 02110,-71.057461,42.354427
775732,9/28/12 10:57 AM,20 Pemberton Sq Boston Ma 02108,-71.061197,42.358585
776392,9/30/12 10:41 AM,30 Long Wharf Boston Ma 02110,-71.050881,42.359956
777805,9/30/12 8:35 AM,140 Pearl St Boston Ma 02110,-71.053685,42.354943
779128,9/29/12 10:13 AM,230 Clarendon St Boston Ma 02116,-71.075643,42.351640
780479,9/30/12 9:08 AM,30 Long Wharf Boston Ma 02110,-71.050807,42.359973
782539,9/4/12 7:59 AM,70 Charles St Boston Ma 02114,-71.070478,42.357972
783381,9/5/12 9:26 AM,90 Merrimac St Boston Ma 02114,-71.061747,42.363667
785007,9/7/12 10:30 AM,540 Boylston St Boston Ma 02116,-71.075532,42.350615
786012,9/8/12 11:48 AM,310 Huntington Ave Boston Ma,-71.088603,42.340403
787005,9/9/12 10:30 AM,Clarendon St @ I-90 Boston Ma 02116,-71.073750,42.347755
787675,9/10/12 10:16 AM,Unnamed Road Boston Ma,-71.017137,42.366537
788337,9/11/12 9:34 AM,688 Atlantic Ave Boston Ma 02111,-71.055742,42.351888
789123,9/12/12 10:45 AM,Unnamed Road Boston Ma,-71.018427,42.362832
789895,9/13/12 8:15 AM,Unnamed Road Boston Ma,-71.105988,42.337385
790848,9/14/12 7:58 AM,207 Clarendon St Boston Ma,-71.074877,42.350035
790979,9/14/12 11:39 AM,60 N073 Boston Ma,-71.114568,42.300670
792038,9/15/12 10:59 AM,960 Commonwealth Ave Boston Ma,-71.118992,42.351665
794902,9/19/12 7:20 AM,Unnamed Road Boston Ma,-71.017042,42.366770
796648,9/21/12 8:25 AM,40 Matthews St Boston Ma 02110,-71.055595,42.354733
796801,9/21/12 11:53 AM,Unnamed Road Boston Ma,-71.053897,42.360765
797841,9/22/12 7:57 AM,139 Dartmouth St Boston Ma 02116,-71.075863,42.347233
799009,9/23/12 10:19 AM,44 South St Boston Ma 02111,-71.057052,42.352337
800351,9/25/12 10:47 AM,25 State St Boston Ma,-71.057178,42.358872
801008,9/26/12 9:32 AM,273 Congress St Boston Ma 02210,-71.053285,42.353422
801665,9/27/12 7:51 AM,149 High St Boston Ma 02110,-71.053440,42.355703
801806,9/27/12 11:49 AM,Avon St Boston Ma,-71.060127,42.353867
802623,9/28/12 9:02 AM,Unnamed Road Boston Ma,-71.016987,42.366273
803797,9/29/12 11:14 AM,90 Newbury St Boston Ma 02116,-71.075228,42.351610
